underlying,pair,kind,quality,window_days,session,n,days,blocks,expected,coverage,mean,median,abs_median,abs_p90,abs_p95,std,min,max,positive_share,day_abs_median_p25,day_abs_median_p75,eligible,evidence,above_10,above_30,above_50,above_100
SNDK,binance|futures|SNDKUSDT::bitget|futures|SNDKUSDT,perp_perp,comparable,7,all,2015,7,2,2016,0.9995039682539683,-1.1875251714832138,-1.1354410904773626,1.4959262722058497,3.674265559445945,4.454636475281547,1.893024819925991,-9.872222035248734,5.463588282010878,0.27245657568238213,0.9544974667080597,2.2279381727577374,True,K线收盘代理；达到描述性样本门槛,0.0,0.0,0.0,0.0
SNDK,binance|futures|SNDKUSDT::bitget|futures|SNDKUSDT,perp_perp,comparable,7,regular,390,5,1,390,1.0,-1.0689285077757462,-1.184333837056517,1.6428457467815294,3.208321358994182,3.7662899207668854,1.8037410873682809,-6.394549354038492,3.235284758096313,0.2846153846153846,1.1929826895507034,1.965765944042519,True,K线收盘代理；达到描述性样本门槛,0.0,0.0,0.0,0.0
SNDK,binance|futures|SNDKUSDT::bitget|futures|SNDKUSDT,perp_perp,comparable,7,non_regular,1625,7,2,1626,0.9993849938499385,-1.215988370773006,-1.129917967955807,1.45762787881476,3.7808659789704278,4.551223521496171,1.912739352010798,-9.872222035248734,5.463588282010878,0.26953846153846156,0.9553822203911544,2.2279381727577374,True,K线收盘代理；达到描述性样本门槛,0.0,0.0,0.0,0.0
SNDK,binance|futures|SNDKUSDT::bitget|futures|SNDKUSDT,perp_perp,comparable,7,pre_market,330,5,1,330,1.0,-0.9769197582402706,-0.5320437911654485,1.4275357387594223,3.9703765102432356,4.887576466101495,2.0610575355740175,-5.85846181578531,3.268710550043963,0.3575757575757576,0.8540027653564097,2.092753132890701,True,K线收盘代理；达到描述性样本门槛,0.0,0.0,0.0,0.0
SNDK,binance|futures|SNDKUSDT::bitget|futures|SNDKUSDT,perp_perp,comparable,7,after_market,240,5,1,240,1.0,-1.5843463016132995,-1.7079775839184963,1.808117793669628,3.9428556382964386,4.658192427249352,1.8809706499742036,-6.532717553695555,3.0181885573576928,0.20833333333333334,0.9515551268768352,2.478998952862854,True,K线收盘代理；达到描述性样本门槛,0.0,0.0,0.0,0.0
SNDK,binance|futures|SNDKUSDT::bitget|futures|SNDKUSDT,perp_perp,comparable,7,overnight,480,5,1,480,1.0,-1.183591188891178,-1.0375156505293415,1.2925160585208761,3.493471784588143,4.886748828761941,1.8847652209412995,-9.872222035248734,5.114236477847811,0.24375,1.0318906186596033,1.3540625035868281,True,K线收盘代理；达到描述性样本门槛,0.0,0.0,0.0,0.0
SNDK,binance|futures|SNDKUSDT::bitget|futures|SNDKUSDT,perp_perp,comparable,7,weekend,575,2,2,576,0.9982638888888888,-1.2264881725771966,-1.2417732522040925,1.5188848010261324,3.7548056172789237,4.344499772091059,1.8354503097153303,-5.476203918026723,5.463588282010878,0.26608695652173914,1.1652441317760998,2.082736473589253,True,K线收盘代理；达到描述性样本门槛,0.0,0.0,0.0,0.0
SNDK,binance|futures|SNDKUSDT::bitget|futures|SNDKUSDT,perp_perp,comparable,7,holiday,0,0,0,0,0,,,,,,,,,,,,False,样本不足 / 仅事件观察,,,,
SNDK,binance|futures|SNDKUSDT::bitget|futures|SNDKUSDT,perp_perp,comparable,30,all,8639,30,5,8640,0.9998842592592593,-0.49439431128863615,-0.39339324150455823,1.0767305078140943,2.971390238443838,3.764757757784843,1.7667963526917496,-10.665184313775056,10.947656517277249,0.3897441833545549,0.825639137121692,1.373592497715681,True,K线收盘代理；达到描述性样本门槛,0.00023150827642088204,0.0,0.0,0.0
SNDK,binance|futures|SNDKUSDT::bitget|futures|SNDKUSDT,perp_perp,comparable,30,regular,1560,20,5,1560,1.0,-0.45401471307979435,-0.45921721050445896,1.1147376111125817,2.758788737137642,3.304791099102421,1.6683895922310548,-10.665184313775056,5.871202590039815,0.3903846153846154,0.8644612684566289,1.3519060081648715,True,K线收盘代理；达到描述性样本门槛,0.000641025641025641,0.0,0.0,0.0
SNDK,binance|futures|SNDKUSDT::bitget|futures|SNDKUSDT,perp_perp,comparable,30,non_regular,7079,30,5,7080,0.9998587570621469,-0.5032927677381055,-0.39016016074588933,1.0685409666733037,3.020437808227028,3.86290458816696,1.7876313885604485,-9.872222035248734,10.947656517277249,0.38960305127842915,0.820593734561087,1.4492305247426618,True,K线收盘代理；达到描述性样本门槛,0.00014126289023873428,0.0,0.0,0.0
SNDK,binance|futures|SNDKUSDT::bitget|futures|SNDKUSDT,perp_perp,comparable,30,pre_market,1320,20,5,1320,1.0,-0.7574303833543483,-0.6378013308938613,1.1559172296427,3.191907566792774,3.9650513558306955,1.733893527991279,-5.85846181578531,5.21956591565953,0.33106060606060606,0.840707162210047,1.4215064031143643,True,K线收盘代理；达到描述性样本门槛,0.0,0.0,0.0,0.0
SNDK,binance|futures|SNDKUSDT::bitget|futures|SNDKUSDT,perp_perp,comparable,30,after_market,960,20,5,960,1.0,-0.45856343969798496,-0.2589542720621285,1.0446694704319137,2.7652455557014566,3.4351250900752626,1.639105221544567,-6.532717553695555,6.997597285181012,0.4270833333333333,0.8027972958546403,1.0975185185059522,True,K线收盘代理；达到描述性样本门槛,0.0,0.0,0.0,0.0
SNDK,binance|futures|SNDKUSDT::bitget|futures|SNDKUSDT,perp_perp,comparable,30,overnight,1920,20,5,1920,1.0,-0.7225496949128668,-0.6491146322901153,1.1456558164368857,3.1610005358219118,3.9864955818462167,1.8108857331072625,-9.872222035248734,7.4933211702599145,0.3458333333333333,0.9098445387377418,1.3455686108330978,True,K线收盘代理；达到描述性样本门槛,0.0,0.0,0.0,0.0
SNDK,binance|futures|SNDKUSDT::bitget|futures|SNDKUSDT,perp_perp,comparable,30,weekend,2591,9,5,2592,0.9996141975308642,-0.367720615074939,-0.28039479587183,0.979288057583183,2.9727268127310857,3.7700998938827723,1.7855733065208412,-8.849805360292562,10.947656517277249,0.40177537630258586,0.6727287051400133,1.5176789511917033,True,K线收盘代理；达到描述性样本门槛,0.00038595137012736397,0.0,0.0,0.0
SNDK,binance|futures|SNDKUSDT::bitget|futures|SNDKUSDT,perp_perp,comparable,30,holiday,288,1,1,288,1.0,0.7544410875403754,0.7275352897262444,1.0083983959463527,2.7630307080811494,3.6110004419778163,1.7021645230605331,-4.1433138672231085,9.418571404544718,0.7152777777777778,1.0083983959463527,1.0083983959463527,False,样本不足 / 仅事件观察,0.0,0.0,0.0,0.0
SNDK,binance|futures|SNDKUSDT::bybit|futures|SNDKUSDT,perp_perp,comparable,7,all,2016,7,2,2016,1.0,-2.2642376302330858,-2.313926581011816,2.3528692447627453,4.403798039789297,4.979658891162419,1.6570000420779585,-7.9100609242976905,4.407301615638737,0.08432539682539683,1.78171581209835,2.6977933584917957,True,K线收盘代理；达到描述性样本门槛,0.0,0.0,0.0,0.0
SNDK,binance|futures|SNDKUSDT::bybit|futures|SNDKUSDT,perp_perp,comparable,7,regular,390,5,1,390,1.0,-1.9354368195022023,-2.0158024531991003,2.1240197962502094,3.9912243256829973,4.719169647011745,1.7423532111775764,-7.062629576469748,2.5812099140898326,0.14102564102564102,1.3501125461656827,2.8720778896584864,True,K线收盘代理；达到描述性样本门槛,0.0,0.0,0.0,0.0
SNDK,binance|futures|SNDKUSDT::bybit|futures|SNDKUSDT,perp_perp,comparable,7,non_regular,1626,7,2,1626,1.0,-2.343101293323519,-2.38321622505977,2.4040905026750936,4.460263967844269,5.0167061085668045,1.6260095676565822,-7.9100609242976905,4.407301615638737,0.07072570725707257,1.720080855204531,2.6337703871417983,True,K线收盘代理；达到描述性样本门槛,0.0,0.0,0.0,0.0
SNDK,binance|futures|SNDKUSDT::bybit|futures|SNDKUSDT,perp_perp,comparable,7,pre_market,330,5,1,330,1.0,-1.650729658550405,-1.6892228066994752,1.7622147679785538,3.6299513787698694,4.1926707535198116,1.6380837628674765,-5.921067614037545,3.351723477491575,0.16666666666666666,1.16028550934677,2.6454690374266843,True,K线收盘代理；达到描述性样本门槛,0.0,0.0,0.0,0.0
SNDK,binance|futures|SNDKUSDT::bybit|futures|SNDKUSDT,perp_perp,comparable,7,after_market,240,5,1,240,1.0,-2.1282696591729358,-2.1337230460310996,2.1479631539128574,3.8416425030852737,4.4442707125914565,1.3326087470020236,-5.9748944800741555,2.180421938235977,0.0375,1.6763496051058757,2.8820513096350364,True,K线收盘代理；达到描述性样本门槛,0.0,0.0,0.0,0.0
SNDK,binance|futures|SNDKUSDT::bybit|futures|SNDKUSDT,perp_perp,comparable,7,overnight,480,5,1,480,1.0,-2.07171012290065,-2.074680150693786,2.128325951286092,4.043466150365661,4.5925390393047305,1.6561641296607048,-7.9100609242976905,4.407301615638737,0.09375,1.7889986500613242,2.588334280420046,True,K线收盘代理；达到描述性样本门槛,0.0,0.0,0.0,0.0
SNDK,binance|futures|SNDKUSDT::bybit|futures|SNDKUSDT,perp_perp,comparable,7,weekend,576,2,2,576,1.0,-3.0554450319940827,-3.0115350882375935,3.0115350882375935,5.017971763943141,5.269779275298148,1.4275353959050636,-6.898696598716114,1.013182631799392,0.010416666666666666,2.7481523026841312,3.3274316405988715,True,K线收盘代理；达到描述性样本门槛,0.0,0.0,0.0,0.0
SNDK,binance|futures|SNDKUSDT::bybit|futures|SNDKUSDT,perp_perp,comparable,7,holiday,0,0,0,0,0,,,,,,,,,,,,False,样本不足 / 仅事件观察,,,,
SNDK,binance|futures|SNDKUSDT::bybit|futures|SNDKUSDT,perp_perp,comparable,30,all,8640,30,5,8640,1.0,-0.3707616568985336,-0.33581275090510676,1.2685002918000343,3.3259637829325954,4.130817270859339,1.9989825101788539,-9.834864272444399,9.62537045011258,0.4219907407407407,0.9025808265704371,1.5108807465419316,True,K线收盘代理；达到描述性样本门槛,0.0,0.0,0.0,0.0
SNDK,binance|futures|SNDKUSDT::bybit|futures|SNDKUSDT,perp_perp,comparable,30,regular,1560,20,5,1560,1.0,-0.3905299144796194,-0.3150042535060571,1.150415720352349,3.0581598971207713,3.8165957655871265,1.8422170756274534,-9.834864272444399,5.596630239477207,0.42756410256410254,0.8678095311964729,1.3543025913367868,True,K线收盘代理；达到描述性样本门槛,0.0,0.0,0.0,0.0
SNDK,binance|futures|SNDKUSDT::bybit|futures|SNDKUSDT,perp_perp,comparable,30,non_regular,7080,30,5,7080,1.0,-0.36640593912642994,-0.338120840429057,1.2916141948937643,3.382074666071322,4.199781427362822,2.0318727652556556,-7.990529742526453,9.62537045011258,0.4207627118644068,0.8904236688178635,1.7143239343661576,True,K线收盘代理；达到描述性样本门槛,0.0,0.0,0.0,0.0
SNDK,binance|futures|SNDKUSDT::bybit|futures|SNDKUSDT,perp_perp,comparable,30,pre_market,1320,20,5,1320,1.0,-0.3066854342026176,-0.1932771248752685,1.1955731380652868,2.9940591814869872,3.628043099251743,1.7998869065586591,-7.9183105767965944,6.439039956236403,0.45,0.786129340541869,1.375477861988994,True,K线收盘代理；达到描述性样本门槛,0.0,0.0,0.0,0.0
SNDK,binance|futures|SNDKUSDT::bybit|futures|SNDKUSDT,perp_perp,comparable,30,after_market,960,20,5,960,1.0,-0.6570855174451694,-0.6283956552077807,1.0363286720144194,2.7598357603769723,3.3859679627496453,1.5672441070808645,-5.9748944800741555,5.824610693299093,0.3385416666666667,0.6848095403234888,1.6248472715250928,True,K线收盘代理；达到描述性样本门槛,0.0,0.0,0.0,0.0
SNDK,binance|futures|SNDKUSDT::bybit|futures|SNDKUSDT,perp_perp,comparable,30,overnight,1920,20,5,1920,1.0,-0.5652312888943494,-0.5125726840682354,1.2118357604590235,3.1459522212251567,3.890585891795305,1.830818018235899,-7.990529742526453,6.063899774033654,0.37604166666666666,0.8989618868358862,1.7862577665420099,True,K线收盘代理；达到描述性样本门槛,0.0,0.0,0.0,0.0
SNDK,binance|futures|SNDKUSDT::bybit|futures|SNDKUSDT,perp_perp,comparable,30,weekend,2592,9,5,2592,1.0,-0.37843045400763636,-0.4683151361339899,1.4665631727950323,4.018622485827739,4.908285697169944,2.352446199562604,-6.898696598716114,9.62537045011258,0.40933641975308643,1.0407260637734783,2.4585126337267615,True,K线收盘代理；达到描述性样本门槛,0.0,0.0,0.0,0.0
SNDK,binance|futures|SNDKUSDT::bybit|futures|SNDKUSDT,perp_perp,comparable,30,holiday,288,1,1,288,1.0,1.7625299734188828,1.7343483094900414,1.7353775590389642,3.0891487271356155,3.7036387780261526,1.0998245453233704,-2.300656528813061,6.361358343613954,0.9618055555555556,1.7353775590389642,1.7353775590389642,False,样本不足 / 仅事件观察,0.0,0.0,0.0,0.0
SNDK,binance|futures|SNDKUSDT::gateio|futures|SNDK_USDT,perp_perp,comparable,7,all,2016,7,2,2016,1.0,-0.8169072463854125,-0.7334335702408046,1.3613236610732216,3.6108468166601293,4.460019555527495,2.0089066251725525,-7.788557592995904,6.878040597215751,0.33482142857142855,0.9339340391878448,1.6464718522937738,True,K线收盘代理；达到描述性样本门槛,0.0,0.0,0.0,0.0
SNDK,binance|futures|SNDKUSDT::gateio|futures|SNDK_USDT,perp_perp,comparable,7,regular,390,5,1,390,1.0,-0.997731344941567,-1.2408632510413353,1.8516181771305318,4.245068596804514,4.734672568820486,2.2882849523826185,-7.739013162012531,6.878040597215751,0.32051282051282054,1.4057686145396708,2.093542798197179,True,K线收盘代理；达到描述性样本门槛,0.0,0.0,0.0,0.0
SNDK,binance|futures|SNDKUSDT::gateio|futures|SNDK_USDT,perp_perp,comparable,7,non_regular,1626,7,2,1626,1.0,-0.7735361526357813,-0.6710231366996444,1.2422781169824093,3.4255267743943385,4.3748996386405725,1.9333983844632638,-7.788557592995904,6.100942872988568,0.33825338253382536,0.8944722265563643,1.4986958528101502,True,K线收盘代理；达到描述性样本门槛,0.0,0.0,0.0,0.0
SNDK,binance|futures|SNDKUSDT::gateio|futures|SNDK_USDT,perp_perp,comparable,7,pre_market,330,5,1,330,1.0,-0.9642351646416204,-0.3380335793617961,1.3788667189307269,5.006697278354788,5.716742417609501,2.521562147217092,-7.788557592995904,3.350304548175309,0.42424242424242425,1.0240147554618773,1.8948875926150244,True,K线收盘代理；达到描述性样本门槛,0.0,0.0,0.0,0.0
SNDK,binance|futures|SNDKUSDT::gateio|futures|SNDK_USDT,perp_perp,comparable,7,after_market,240,5,1,240,1.0,-0.9762314031223074,-0.3966772749175451,1.0704672277939142,3.7337044665326498,4.506917202768189,1.840481039583109,-5.931002668951857,2.197418315199595,0.37083333333333335,0.5353014394021693,2.02264449055245,True,K线收盘代理；达到描述性样本门槛,0.0,0.0,0.0,0.0
SNDK,binance|futures|SNDKUSDT::gateio|futures|SNDK_USDT,perp_perp,comparable,7,overnight,480,5,1,480,1.0,-0.6205105825884012,-0.5042115818953974,1.1731095558414895,3.2529326987348344,3.7164150237669054,1.772800932435722,-5.824111822946287,4.627229293148183,0.35208333333333336,0.7852054214735338,1.2224244053077316,True,K线收盘代理；达到描述性样本门槛,0.0,0.0,0.0,0.0
SNDK,binance|futures|SNDKUSDT::gateio|futures|SNDK_USDT,perp_perp,comparable,7,weekend,576,2,2,576,1.0,-0.7073464643442003,-0.9017234244984573,1.296863526877856,2.87820942028727,3.3885048326229295,1.6784250816263824,-4.9177269926681255,6.100942872988568,0.2638888888888889,1.1467980298895952,1.5125575419316917,True,K线收盘代理；达到描述性样本门槛,0.0,0.0,0.0,0.0
SNDK,binance|futures|SNDKUSDT::gateio|futures|SNDK_USDT,perp_perp,comparable,7,holiday,0,0,0,0,0,,,,,,,,,,,,False,样本不足 / 仅事件观察,,,,
SNDK,binance|futures|SNDKUSDT::gateio|futures|SNDK_USDT,perp_perp,comparable,30,all,8640,30,5,8640,1.0,-0.14635988280074927,-0.12846869145377582,1.4899510313481912,3.71894928854355,4.613954022401,2.300644842987715,-7.953634224097117,14.785001437429557,0.46944444444444444,1.0976533863739368,1.7320867281250818,True,K线收盘代理；达到描述性样本门槛,0.0005787037037037037,0.0,0.0,0.0
SNDK,binance|futures|SNDKUSDT::gateio|futures|SNDK_USDT,perp_perp,comparable,30,regular,1560,20,5,1560,1.0,-0.3321628771699198,-0.488639452839168,1.5356574865266204,3.6023124345061497,4.3142958847391935,2.182363521490988,-7.739013162012531,6.9086553193864475,0.4096153846153846,1.1886243797379348,2.0642256453667907,True,K线收盘代理；达到描述性样本门槛,0.0,0.0,0.0,0.0
SNDK,binance|futures|SNDKUSDT::gateio|futures|SNDK_USDT,perp_perp,comparable,30,non_regular,7080,30,5,7080,1.0,-0.10542023997364389,-0.05955873820795432,1.4850206884586825,3.739723111934268,4.715956537643229,2.3239018982377626,-7.953634224097117,14.785001437429557,0.4826271186440678,1.0694718881168463,1.8360503315570376,True,K线收盘代理；达到描述性样本门槛,0.0007062146892655367,0.0,0.0,0.0
SNDK,binance|futures|SNDKUSDT::gateio|futures|SNDK_USDT,perp_perp,comparable,30,pre_market,1320,20,5,1320,1.0,-0.5877450383073377,-0.5847380279500047,1.3495769988619566,3.3847651620048107,4.487881295000662,2.0669884433721,-7.953634224097117,7.542852832653768,0.3659090909090909,0.9640347318178033,1.7671370631545946,True,K线收盘代理；达到描述性样本门槛,0.0,0.0,0.0,0.0
SNDK,binance|futures|SNDKUSDT::gateio|futures|SNDK_USDT,perp_perp,comparable,30,after_market,960,20,5,960,1.0,0.008663581686505864,0.12923552223376156,1.4856058710710496,3.4967810546464584,4.204010303953676,2.125468378861316,-6.020705993219355,6.0036796746398835,0.5260416666666666,0.8694203619598329,2.3503023539382664,True,K线收盘代理；达到描述性样本门槛,0.0,0.0,0.0,0.0
SNDK,binance|futures|SNDKUSDT::gateio|futures|SNDK_USDT,perp_perp,comparable,30,overnight,1920,20,5,1920,1.0,-0.22756330897881483,-0.17022784147502357,1.6881614362845854,3.7209894857904717,4.354494344064318,2.3255591793729584,-7.0599961239237174,8.614028198274948,0.4666666666666667,1.192673740427197,2.0765453211417375,True,K线收盘代理；达到描述性样本门槛,0.0,0.0,0.0,0.0
SNDK,binance|futures|SNDKUSDT::gateio|futures|SNDK_USDT,perp_perp,comparable,30,weekend,2592,9,5,2592,1.0,0.01126318346287045,0.0,1.4575059710331129,4.301694481497531,5.215155057962381,2.5094403344250087,-7.668063081094356,14.785001437429557,0.49112654320987653,1.0678295434302099,1.69543729795274,True,K线收盘代理；达到描述性样本门槛,0.0019290123456790122,0.0,0.0,0.0
SNDK,binance|futures|SNDKUSDT::gateio|futures|SNDK_USDT,perp_perp,comparable,30,holiday,288,1,1,288,1.0,1.489091995961131,1.3444549646146609,1.3732961022505652,3.2123890556330363,3.476771201303075,1.2318632415463473,-1.7724702141930226,4.6490785862318695,0.9027777777777778,1.3732961022505652,1.3732961022505652,False,样本不足 / 仅事件观察,0.0,0.0,0.0,0.0
SNDK,binance|futures|SNDKUSDT::okx|futures|SNDK-USDT-SWAP,perp_perp,comparable,7,all,2016,7,2,2016,1.0,-1.231013681115182,-1.2398557298171076,1.905990286161785,4.505633763589034,5.35206871999927,2.452493935833853,-8.725212464588683,5.945745076179065,0.3462301587301587,1.2544367378169996,2.7740111306370774,True,K线收盘代理；达到描述性样本门槛,0.0,0.0,0.0,0.0
SNDK,binance|futures|SNDKUSDT::okx|futures|SNDK-USDT-SWAP,perp_perp,comparable,7,regular,390,5,1,390,1.0,-1.245815767209843,-1.3762267192063415,1.853382282269167,3.9702116669831926,4.527601906786027,2.1558244881635544,-8.705547652916312,3.7129369331134754,0.28205128205128205,1.654421771862813,2.339667312268867,True,K线收盘代理；达到描述性样本门槛,0.0,0.0,0.0,0.0
SNDK,binance|futures|SNDKUSDT::okx|futures|SNDK-USDT-SWAP,perp_perp,comparable,7,non_regular,1626,7,2,1626,1.0,-1.2274633652622189,-1.185837743670204,1.9158173660432931,4.622583009189496,5.598124273208105,2.5184469228257016,-8.725212464588683,5.945745076179065,0.36162361623616235,1.2456641218708264,2.7274577353597618,True,K线收盘代理；达到描述性样本门槛,0.0,0.0,0.0,0.0
SNDK,binance|futures|SNDKUSDT::okx|futures|SNDK-USDT-SWAP,perp_perp,comparable,7,pre_market,330,5,1,330,1.0,-1.0242377460690653,-0.4199860412801293,1.758651795964461,4.7083067342378335,5.701269832254108,2.652990940159011,-8.725212464588683,3.360511238430508,0.46060606060606063,1.175505448328673,2.820236263853526,True,K线收盘代理；达到描述性样本门槛,0.0,0.0,0.0,0.0
SNDK,binance|futures|SNDKUSDT::okx|futures|SNDK-USDT-SWAP,perp_perp,comparable,7,after_market,240,5,1,240,1.0,-1.2959045949842523,-1.5887022202104584,1.9707485093650723,4.121241080232485,4.339627737705353,2.1529694182414394,-6.250351934231624,4.149598340159599,0.24583333333333332,1.3075240754112372,2.769198387272409,True,K线收盘代理；达到描述性样本门槛,0.0,0.0,0.0,0.0
SNDK,binance|futures|SNDKUSDT::okx|futures|SNDK-USDT-SWAP,perp_perp,comparable,7,overnight,480,5,1,480,1.0,-0.9905845555685684,-1.3483163089461625,1.882076257641585,3.9049357771336894,4.283837451090732,2.2084647227415726,-6.712911165808189,5.945745076179065,0.3145833333333333,1.5646841231559128,2.2233702425772384,True,K线收盘代理；达到描述性样本门槛,0.0,0.0,0.0,0.0
SNDK,binance|futures|SNDKUSDT::okx|futures|SNDK-USDT-SWAP,perp_perp,comparable,7,weekend,576,2,2,576,1.0,-1.5127765386188248,-0.9026800634742704,2.026913984941592,5.455242499980417,6.213548393224078,2.7789554479645426,-7.56250352728749,3.2666854407215062,0.3923611111111111,1.7550904497361242,3.223355336583328,True,K线收盘代理；达到描述性样本门槛,0.0,0.0,0.0,0.0
SNDK,binance|futures|SNDKUSDT::okx|futures|SNDK-USDT-SWAP,perp_perp,comparable,7,holiday,0,0,0,0,0,,,,,,,,,,,,False,样本不足 / 仅事件观察,,,,
SNDK,binance|futures|SNDKUSDT::okx|futures|SNDK-USDT-SWAP,perp_perp,comparable,30,all,8640,30,5,8640,1.0,0.4615622389070586,0.6026657959079529,1.3458548818956473,3.518996816820996,4.30648411663814,2.114966137492745,-8.725212464588683,9.509464789452249,0.6185185185185185,0.8646231352564537,2.006578878380738,True,K线收盘代理；达到描述性样本门槛,0.0,0.0,0.0,0.0
SNDK,binance|futures|SNDKUSDT::okx|futures|SNDK-USDT-SWAP,perp_perp,comparable,30,regular,1560,20,5,1560,1.0,0.47625287460591653,0.44086050902225615,1.3428321700692525,3.739038446194166,4.934948199345643,2.308048021208396,-8.705547652916312,9.443706654861383,0.5743589743589743,0.7305548121963601,2.211872786966884,True,K线收盘代理；达到描述性样本门槛,0.0,0.0,0.0,0.0
SNDK,binance|futures|SNDKUSDT::okx|futures|SNDK-USDT-SWAP,perp_perp,comparable,30,non_regular,7080,30,5,7080,1.0,0.45832531917680175,0.6469875510717316,1.346626856124633,3.471922481839363,4.227388481227221,2.0699887392524445,-8.725212464588683,9.509464789452249,0.6282485875706215,0.9011637634190328,2.0030586752911583,True,K线收盘代理；达到描述性样本门槛,0.0,0.0,0.0,0.0
SNDK,binance|futures|SNDKUSDT::okx|futures|SNDK-USDT-SWAP,perp_perp,comparable,30,pre_market,1320,20,5,1320,1.0,0.1312260317376717,0.3914192437937114,1.0800364674196095,3.155315092731816,4.046088577288942,1.8967670007054713,-8.725212464588683,5.739847644479212,0.5909090909090909,0.8264721374608153,1.3067941038980013,True,K线收盘代理；达到描述性样本门槛,0.0,0.0,0.0,0.0
SNDK,binance|futures|SNDKUSDT::okx|futures|SNDK-USDT-SWAP,perp_perp,comparable,30,after_market,960,20,5,960,1.0,0.3556910153760124,0.5592572047807831,1.353101208744767,3.0355297723555497,3.5900350230892992,1.8606717238421064,-6.250351934231624,5.029977509640737,0.6125,0.9439505925902536,1.9454126154888618,True,K线收盘代理；达到描述性样本门槛,0.0,0.0,0.0,0.0
SNDK,binance|futures|SNDKUSDT::okx|futures|SNDK-USDT-SWAP,perp_perp,comparable,30,overnight,1920,20,5,1920,1.0,0.18760850486286332,0.263427935106586,1.353585754071407,3.0630852278551455,3.5883922794599505,1.8704496299135043,-6.712911165808189,5.945745076179065,0.5458333333333333,1.0065973460408884,1.7475828420734918,True,K线收盘代理；达到描述性样本门槛,0.0,0.0,0.0,0.0
SNDK,binance|futures|SNDKUSDT::okx|futures|SNDK-USDT-SWAP,perp_perp,comparable,30,weekend,2592,9,5,2592,1.0,0.6142568152298438,0.8044674783647121,1.3468845031328058,4.059626122873139,4.97593143649333,2.2818702311008243,-7.56250352728749,9.509464789452249,0.6732253086419753,0.8416565095975548,2.0084155444743956,True,K线收盘代理；达到描述性样本门槛,0.0,0.0,0.0,0.0
SNDK,binance|futures|SNDKUSDT::okx|futures|SNDK-USDT-SWAP,perp_perp,comparable,30,holiday,288,1,1,288,1.0,2.7010400302243243,2.6917500036038877,2.6917500036038877,3.9195267302680747,4.1011664532099035,0.9258098339966718,-0.11196014218950445,5.225130066410788,0.9965277777777778,2.6917500036038877,2.6917500036038877,False,样本不足 / 仅事件观察,0.0,0.0,0.0,0.0
SNDK,bitget|futures|SNDKUSDT::bybit|futures|SNDKUSDT,perp_perp,comparable,7,all,2015,7,2,2016,0.9995039682539683,-1.075228390293571,-1.071654182835946,1.3992981120680703,3.4644383251472024,4.200816097291281,1.8430012345107185,-6.780382839467469,7.021682956971365,0.23672456575682382,1.1710372580042705,1.5164884601656659,True,K线收盘代理；达到描述性样本门槛,0.0,0.0,0.0,0.0
SNDK,bitget|futures|SNDKUSDT::bybit|futures|SNDKUSDT,perp_perp,comparable,7,regular,390,5,1,390,1.0,-0.8664587268280324,-0.9613441582972948,1.240275601256391,2.8976752159086687,3.488460565595985,1.620818499758993,-6.678256445047381,6.222564148978815,0.26666666666666666,1.0950360039574392,1.2419070283203881,True,K线收盘代理；达到描述性样本门槛,0.0,0.0,0.0,0.0
SNDK,bitget|futures|SNDKUSDT::bybit|futures|SNDKUSDT,perp_perp,comparable,7,non_regular,1625,7,2,1626,0.9993849938499385,-1.1253331095253005,-1.11310232749684,1.4126368845146509,3.5727455995304696,4.352472441949248,1.8890174557282386,-6.780382839467469,7.021682956971365,0.22953846153846155,1.1736767461750786,1.5844156912833696,True,K线收盘代理；达到描述性样本门槛,0.0,0.0,0.0,0.0
SNDK,bitget|futures|SNDKUSDT::bybit|futures|SNDKUSDT,perp_perp,comparable,7,pre_market,330,5,1,330,1.0,-0.6736598248468153,-0.814102861650956,1.1285111862130437,2.844718574422367,3.4228136715586124,1.6592988502824566,-6.376534353579322,5.022910050842544,0.31212121212121213,1.0599662428328882,1.2088420110523135,True,K线收盘代理；达到描述性样本门槛,0.0,0.0,0.0,0.0
SNDK,bitget|futures|SNDKUSDT::bybit|futures|SNDKUSDT,perp_perp,comparable,7,after_market,240,5,1,240,1.0,-0.5437341823110869,-0.5093956087348639,1.2713548553011655,3.2944249777033803,4.180473698498388,1.9351442617191945,-5.335164544926219,5.115176729355575,0.35833333333333334,0.9862821316919401,2.1031332500082156,True,K线收盘代理；达到描述性样本门槛,0.0,0.0,0.0,0.0
SNDK,bitget|futures|SNDKUSDT::bybit|futures|SNDKUSDT,perp_perp,comparable,7,overnight,480,5,1,480,1.0,-0.8879623637399007,-1.060479127449887,1.4588204199483812,3.671593220713865,4.707239134324246,2.103424136786948,-6.780382839467469,7.021682956971365,0.275,1.3833703454246837,1.6442007407918569,True,K线收盘代理；达到描述性样本门槛,0.0,0.0,0.0,0.0
SNDK,bitget|futures|SNDKUSDT::bybit|futures|SNDKUSDT,perp_perp,comparable,7,weekend,575,2,2,576,0.9982638888888888,-1.8254616042249583,-1.6345487236424372,1.6926774772330067,3.85764903298913,4.589800651884857,1.566046528744624,-6.6245413779053575,3.217556764913976,0.09043478260869565,1.4578560289724152,2.2303564278458587,True,K线收盘代理；达到描述性样本门槛,0.0,0.0,0.0,0.0
SNDK,bitget|futures|SNDKUSDT::bybit|futures|SNDKUSDT,perp_perp,comparable,7,holiday,0,0,0,0,0,,,,,,,,,,,,False,样本不足 / 仅事件观察,,,,
SNDK,bitget|futures|SNDKUSDT::bybit|futures|SNDKUSDT,perp_perp,comparable,30,all,8639,30,5,8640,0.9998842592592593,0.1243365947669381,0.05882802802670284,1.2282145445152715,3.2021988769532768,3.971884654261794,1.9784373530749537,-8.983907088171428,11.888539335922488,0.5065401088088899,1.0267535167815534,1.3910269456395008,True,K线收盘代理；达到描述性样本门槛,0.00023150827642088204,0.0,0.0,0.0
SNDK,bitget|futures|SNDKUSDT::bybit|futures|SNDKUSDT,perp_perp,comparable,30,regular,1560,20,5,1560,1.0,0.06361537521072196,0.0,1.113605993975364,2.826701111643738,3.507344400248468,1.7788432473701705,-8.48498094093375,10.028857227895038,0.48333333333333334,0.9027978299559758,1.252168320914765,True,K线收盘代理；达到描述性样本门槛,0.000641025641025641,0.0,0.0,0.0
SNDK,bitget|futures|SNDKUSDT::bybit|futures|SNDKUSDT,perp_perp,comparable,30,non_regular,7079,30,5,7080,0.9998587570621469,0.13771773652533578,0.06501866035568682,1.2483615254987868,3.2716534446932672,4.086909332452922,2.019525977896167,-8.983907088171428,11.888539335922488,0.5116541884446956,1.0184266557868027,1.4911498279501778,True,K线收盘代理；达到描述性样本门槛,0.00014126289023873428,0.0,0.0,0.0
SNDK,bitget|futures|SNDKUSDT::bybit|futures|SNDKUSDT,perp_perp,comparable,30,pre_market,1320,20,5,1320,1.0,0.4509539190300488,0.468702966041068,1.2734716596984885,3.177885218290766,3.9964894402013664,1.9312388508178049,-6.541213085179409,7.664365210220403,0.5878787878787879,1.0556142787657152,1.3835297192069107,True,K线收盘代理；达到描述性样本门槛,0.0,0.0,0.0,0.0
SNDK,bitget|futures|SNDKUSDT::bybit|futures|SNDKUSDT,perp_perp,comparable,30,after_market,960,20,5,960,1.0,-0.19838788975031865,-0.26084558190475615,0.9858074086205315,2.690954245162414,3.2911201669966164,1.6233979668076748,-6.3555682794158574,5.881714719704334,0.4083333333333333,0.8256322181844633,1.0778963261014185,True,K线收盘代理；达到描述性样本门槛,0.0,0.0,0.0,0.0
SNDK,bitget|futures|SNDKUSDT::bybit|futures|SNDKUSDT,perp_perp,comparable,30,overnight,1920,20,5,1920,1.0,0.15754416529975385,0.11129317138425243,1.3345272252690554,3.404681764307749,4.225160735143563,2.088139984731216,-8.983907088171428,7.604757127064321,0.5151041666666667,0.9689028719671311,1.675280294315823,True,K线收盘代理；达到描述性样本门槛,0.0,0.0,0.0,0.0
SNDK,bitget|futures|SNDKUSDT::bybit|futures|SNDKUSDT,perp_perp,comparable,30,weekend,2591,9,5,2592,0.9996141975308642,-0.00878668636704828,-0.06118977396440961,1.2920549853645547,3.445354419654434,4.218772975108087,2.116138574843409,-8.88706590101096,11.888539335922488,0.4828251640293323,1.0251756199980422,1.5177925730758268,True,K线收盘代理；达到描述性样本门槛,0.00038595137012736397,0.0,0.0,0.0
SNDK,bitget|futures|SNDKUSDT::bybit|futures|SNDKUSDT,perp_perp,comparable,30,holiday,288,1,1,288,1.0,1.0082589059200986,0.9508150261328119,1.2858395694714808,3.2512143138878624,3.9896870408212544,1.7983242593617226,-6.779015306008773,7.179032737509861,0.7430555555555556,1.2858395694714808,1.2858395694714808,False,样本不足 / 仅事件观察,0.0,0.0,0.0,0.0
SNDK,bitget|futures|SNDKUSDT::gateio|futures|SNDK_USDT,perp_perp,comparable,7,all,2015,7,2,2016,0.9995039682539683,0.37151791473765466,0.2664350457992626,1.016220000338297,2.7795173911846494,3.4925956709662693,1.6369465711754132,-5.6352282267435605,7.1903245195681365,0.577667493796526,0.9363725569178083,1.1473338718653858,True,K线收盘代理；达到描述性样本门槛,0.0,0.0,0.0,0.0
SNDK,bitget|futures|SNDKUSDT::gateio|futures|SNDK_USDT,perp_perp,comparable,7,regular,390,5,1,390,1.0,0.07121941473252881,0.0,0.9060953799444604,2.388139274050794,3.1746492819912917,1.5085905103249015,-5.6352282267435605,5.815579041548169,0.4897435897435897,0.8525707459666743,1.025127461286579,True,K线收盘代理；达到描述性样本门槛,0.0,0.0,0.0,0.0
SNDK,bitget|futures|SNDKUSDT::gateio|futures|SNDK_USDT,perp_perp,comparable,7,non_regular,1625,7,2,1626,0.9993849938499385,0.4435895547388849,0.33910566532568964,1.0649925730787935,2.8700702344885975,3.543358765815795,1.6582088077123878,-5.341086167687248,7.1903245195681365,0.5987692307692307,0.9587420535789315,1.177510065042131,True,K线收盘代理；达到描述性样本门槛,0.0,0.0,0.0,0.0
SNDK,bitget|futures|SNDKUSDT::gateio|futures|SNDK_USDT,perp_perp,comparable,7,pre_market,330,5,1,330,1.0,0.012695989642711491,0.11145754448604883,1.0194550429820648,2.4342340764599304,3.0769633565799204,1.5212845328725026,-4.627983497287325,4.5053062495825635,0.5333333333333333,1.0468943694164068,1.1292904245568947,True,K线收盘代理；达到描述性样本门槛,0.0,0.0,0.0,0.0
SNDK,bitget|futures|SNDKUSDT::gateio|futures|SNDK_USDT,perp_perp,comparable,7,after_market,240,5,1,240,1.0,0.6083809423387682,0.35755869527864803,1.1032601958982369,3.4122912712493125,4.0064476671523,1.8008694156756082,-4.3279442834121,5.129043348870432,0.5875,0.6635491323020437,1.3367347229648052,True,K线收盘代理；达到描述性样本门槛,0.0,0.0,0.0,0.0
SNDK,bitget|futures|SNDKUSDT::gateio|futures|SNDK_USDT,perp_perp,comparable,7,overnight,480,5,1,480,1.0,0.5633352000322436,0.26509952207320886,1.160851284739417,3.2788721152736677,3.9449358031381494,1.8299324530453849,-5.341086167687248,7.1903245195681365,0.58125,1.0123426322283802,1.461762875814565,True,K线收盘代理；达到描述性样本门槛,0.0,0.0,0.0,0.0
SNDK,bitget|futures|SNDKUSDT::gateio|futures|SNDK_USDT,perp_perp,comparable,7,weekend,575,2,2,576,0.9982638888888888,0.5221409177248902,0.5101780521399313,1.014656144306958,2.462883317830845,3.05033116055075,1.4688338136718344,-4.954201782385592,6.213868021880398,0.6556521739130434,0.9796412787246855,1.0173685066847127,True,K线收盘代理；达到描述性样本门槛,0.0,0.0,0.0,0.0
SNDK,bitget|futures|SNDKUSDT::gateio|futures|SNDK_USDT,perp_perp,comparable,7,holiday,0,0,0,0,0,,,,,,,,,,,,False,样本不足 / 仅事件观察,,,,
SNDK,bitget|futures|SNDKUSDT::gateio|futures|SNDK_USDT,perp_perp,comparable,30,all,8639,30,5,8640,0.9998842592592593,0.34836912537052006,0.284921390190096,1.2015139075227665,3.1251591092151805,3.8181001286490295,1.869562618242882,-8.676182479708805,8.577098586179943,0.5654589651580044,1.0430841078157282,1.3944527569161036,True,K线收盘代理；达到描述性样本门槛,0.0,0.0,0.0,0.0
SNDK,bitget|futures|SNDKUSDT::gateio|futures|SNDK_USDT,perp_perp,comparable,30,regular,1560,20,5,1560,1.0,0.12191437824619365,0.12633495854452725,1.0704104747921717,2.907143467494323,3.5487385437725227,1.766156415355311,-8.541435743626424,8.078669526700999,0.5230769230769231,0.9205359882850928,1.3580492135735478,True,K线收盘代理；达到描述性样本门槛,0.0,0.0,0.0,0.0
SNDK,bitget|futures|SNDKUSDT::gateio|futures|SNDK_USDT,perp_perp,comparable,30,non_regular,7079,30,5,7080,0.9998587570621469,0.39827298262634,0.34242861790101387,1.2345886855558152,3.1730059136196864,3.8688456888293907,1.8879413300656678,-8.676182479708805,8.577098586179943,0.5747987003814098,1.0662864722323084,1.4685434458093505,True,K线收盘代理；达到描述性样本门槛,0.0,0.0,0.0,0.0
SNDK,bitget|futures|SNDKUSDT::gateio|futures|SNDK_USDT,perp_perp,comparable,30,pre_market,1320,20,5,1320,1.0,0.1697591403251429,0.12999337231978103,0.9823329919017576,2.6126747989538854,3.158476985023749,1.5764000255484352,-8.565007116039247,6.034282266123014,0.5303030303030303,0.8462665147153381,1.1570638727474714,True,K线收盘代理；达到描述性样本门槛,0.0,0.0,0.0,0.0
SNDK,bitget|futures|SNDKUSDT::gateio|futures|SNDK_USDT,perp_perp,comparable,30,after_market,960,20,5,960,1.0,0.4673456134063857,0.41311201979699064,1.3127369650550724,3.3676084355698244,3.8883688754893786,1.9427393589498907,-6.020705993219355,6.135007343417431,0.590625,0.9450928515569723,2.089929340042124,True,K线收盘代理；达到描述性样本门槛,0.0,0.0,0.0,0.0
SNDK,bitget|futures|SNDKUSDT::gateio|futures|SNDK_USDT,perp_perp,comparable,30,overnight,1920,20,5,1920,1.0,0.49511522879840525,0.40424441213104956,1.4061182560970442,3.354829471865273,4.038228049498382,1.9975972472860035,-8.008177456003684,7.1903245195681365,0.578125,1.1944052549407724,1.589317000131596,True,K线收盘代理；达到描述性样本门槛,0.0,0.0,0.0,0.0
SNDK,bitget|futures|SNDKUSDT::gateio|futures|SNDK_USDT,perp_perp,comparable,30,weekend,2591,9,5,2592,0.9996141975308642,0.37992567072517924,0.38997866259604663,1.213289995467548,3.216791652425055,3.9736723367017612,1.921899957543561,-5.954463699257007,8.577098586179943,0.5785411038209186,1.0362321206647263,1.3015641273750322,True,K线收盘代理；达到描述性样本门槛,0.0,0.0,0.0,0.0
SNDK,bitget|futures|SNDKUSDT::gateio|futures|SNDK_USDT,perp_perp,comparable,30,holiday,288,1,1,288,1.0,0.7348331172592513,0.7580664958684036,1.1766914704403053,3.270222036154902,4.074203238083606,1.8365311607003951,-8.676182479708805,5.5619852354582555,0.6701388888888888,1.1766914704403053,1.1766914704403053,False,样本不足 / 仅事件观察,0.0,0.0,0.0,0.0
SNDK,bitget|futures|SNDKUSDT::okx|futures|SNDK-USDT-SWAP,perp_perp,comparable,7,all,2015,7,2,2016,0.9995039682539683,-0.04093410821281015,-0.1125745806596079,1.153339191564129,2.8176390561636127,3.385259562832865,1.7388395906322411,-6.936798062100458,6.257466295009895,0.4635235732009926,1.0767617474868874,1.2626129765472283,True,K线收盘代理；达到描述性样本门槛,0.0,0.0,0.0,0.0
SNDK,bitget|futures|SNDKUSDT::okx|futures|SNDK-USDT-SWAP,perp_perp,comparable,7,regular,390,5,1,390,1.0,-0.17688646011698017,-0.11308724607361764,0.8271791563935205,2.255516333352525,2.715434518040016,1.337405607943884,-4.715624820289532,3.7326094333201,0.44358974358974357,0.7400272820895504,0.9295489566768511,True,K线收盘代理；达到描述性样本门槛,0.0,0.0,0.0,0.0
SNDK,bitget|futures|SNDKUSDT::okx|futures|SNDK-USDT-SWAP,perp_perp,comparable,7,non_regular,1625,7,2,1626,0.9993849938499385,-0.008305543755809342,-0.11151379983309617,1.2437107807117265,2.951286530071374,3.4940158570115885,1.8205605772629687,-6.936798062100458,6.257466295009895,0.4683076923076923,1.1740531646664554,1.387094122352328,True,K线收盘代理；达到描述性样本门槛,0.0,0.0,0.0,0.0
SNDK,bitget|futures|SNDKUSDT::okx|futures|SNDK-USDT-SWAP,perp_perp,comparable,7,pre_market,330,5,1,330,1.0,-0.04734077183615569,-0.05572277978482809,1.110234259520948,2.389635808819235,3.0651113478067926,1.5582467871608083,-5.796771993634708,5.277625068720315,0.47575757575757577,1.0281974211351352,1.1308530898385127,True,K线收盘代理；达到描述性样本门槛,0.0,0.0,0.0,0.0
SNDK,bitget|futures|SNDKUSDT::okx|futures|SNDK-USDT-SWAP,perp_perp,comparable,7,after_market,240,5,1,240,1.0,0.28859775359719547,0.16905220707741364,1.2464689942892626,3.13062047667767,3.5609158421696097,1.817743418708328,-3.8288288288290673,6.257466295009895,0.5208333333333334,1.0152601861784794,1.2734476552134222,True,K线收盘代理；达到描述性样本门槛,0.0,0.0,0.0,0.0
SNDK,bitget|futures|SNDKUSDT::okx|futures|SNDK-USDT-SWAP,perp_perp,comparable,7,overnight,480,5,1,480,1.0,0.19317708097994538,0.08135776940587647,1.4036317905136153,3.3627267779042795,3.955030315605284,2.068013075816297,-6.936798062100458,6.067056945184834,0.5083333333333333,1.301828171528796,1.648872178477423,True,K线收盘代理；达到描述性样本门槛,0.0,0.0,0.0,0.0
SNDK,bitget|futures|SNDKUSDT::okx|futures|SNDK-USDT-SWAP,perp_perp,comparable,7,weekend,575,2,2,576,0.9982638888888888,-0.2780217628364513,-0.39481105470917655,1.2402051975879402,2.8054376963511105,3.2688428249870722,1.6970033444776895,-5.817894261185286,5.493285983797502,0.40869565217391307,1.1277142860993683,1.2417545182780154,True,K线收盘代理；达到描述性样本门槛,0.0,0.0,0.0,0.0
SNDK,bitget|futures|SNDKUSDT::okx|futures|SNDK-USDT-SWAP,perp_perp,comparable,7,holiday,0,0,0,0,0,,,,,,,,,,,,False,样本不足 / 仅事件观察,,,,
SNDK,bitget|futures|SNDKUSDT::okx|futures|SNDK-USDT-SWAP,perp_perp,comparable,30,all,8639,30,5,8640,0.9998842592592593,0.9568855209676793,0.9431682199467772,1.3474321792461552,3.247000161664015,3.871695084234128,1.806417721364674,-8.514869946238957,10.798943839560593,0.706563259636532,0.9942632293698239,1.741704785940823,True,K线收盘代理；达到描述性样本门槛,0.0003472624146313231,0.0,0.0,0.0
SNDK,bitget|futures|SNDKUSDT::okx|futures|SNDK-USDT-SWAP,perp_perp,comparable,30,regular,1560,20,5,1560,1.0,0.9303715241723818,0.7631735506341553,1.2458528415998371,3.4154969385589173,4.211931528629974,1.9435245200988671,-4.715624820289532,10.798943839560593,0.666025641025641,0.8912587469320221,1.6328794003420133,True,K线收盘代理；达到描述性样本门槛,0.000641025641025641,0.0,0.0,0.0
SNDK,bitget|futures|SNDKUSDT::okx|futures|SNDK-USDT-SWAP,perp_perp,comparable,30,non_regular,7079,30,5,7080,0.9998587570621469,0.9627284133254508,0.973442206162467,1.358949532010989,3.219696417145368,3.791434882318478,1.774726534090796,-8.514869946238957,10.528401211331584,0.7154965390591892,0.9952381494736373,1.7184755791327389,True,K线收盘代理；达到描述性样本门槛,0.00028252578047746857,0.0,0.0,0.0
SNDK,bitget|futures|SNDKUSDT::okx|futures|SNDK-USDT-SWAP,perp_perp,comparable,30,pre_market,1320,20,5,1320,1.0,0.8888229077217357,0.8529468488793768,1.2691566742684124,3.068347457669596,3.5580735616936865,1.6046603507551014,-5.796771993634708,6.490485407895097,0.7166666666666667,0.956934339319121,1.5226566471299163,True,K线收盘代理；达到描述性样本门槛,0.0,0.0,0.0,0.0
SNDK,bitget|futures|SNDKUSDT::okx|futures|SNDK-USDT-SWAP,perp_perp,comparable,30,after_market,960,20,5,960,1.0,0.814381768186951,0.8543718100129105,1.232380238313513,2.9134867172251337,3.560915842169609,1.604624522566177,-4.7041346868037515,6.306212537730005,0.6947916666666667,0.9591210304006614,1.523288144893442,True,K线收盘代理；达到描述性样本门槛,0.0,0.0,0.0,0.0
SNDK,bitget|futures|SNDKUSDT::okx|futures|SNDK-USDT-SWAP,perp_perp,comparable,30,overnight,1920,20,5,1920,1.0,0.910379638575088,0.9550177893480338,1.4061791198938245,3.2490554876218884,3.819286595585502,1.8254546606766346,-8.514869946238957,7.525712852245459,0.709375,1.057665066244301,1.6835689604310922,True,K线收盘代理；达到描述性样本门槛,0.0,0.0,0.0,0.0
SNDK,bitget|futures|SNDKUSDT::okx|futures|SNDK-USDT-SWAP,perp_perp,comparable,30,weekend,2591,9,5,2592,0.9996141975308642,0.984763655266591,1.0066911404482681,1.4003954716812483,3.2768361581914096,3.8744747194907614,1.8494303478042338,-8.340625683658232,10.528401211331584,0.705133153222694,1.0706941700100447,1.9665580262506754,True,K线收盘代理；达到描述性样本门槛,0.0007719027402547279,0.0,0.0,0.0
SNDK,bitget|futures|SNDKUSDT::okx|futures|SNDK-USDT-SWAP,perp_perp,comparable,30,holiday,288,1,1,288,1.0,1.9467019632597071,1.909394704442402,2.018719566582172,3.9405823268576783,4.775410657724241,1.7197170769079337,-5.7151501907848345,7.171953180593604,0.9131944444444444,2.018719566582172,2.018719566582172,False,样本不足 / 仅事件观察,0.0,0.0,0.0,0.0
SNDK,bybit|futures|SNDKUSDT::gateio|futures|SNDK_USDT,perp_perp,comparable,7,all,2016,7,2,2016,1.0,1.447800983542,1.5033617360704632,1.825138853207564,3.958293695440762,4.629303109010552,2.0363220951878804,-5.234069855133416,9.46529580466482,0.7787698412698413,1.6502008009830482,2.0690056078526142,True,K线收盘代理；达到描述性样本门槛,0.0,0.0,0.0,0.0
SNDK,bybit|futures|SNDKUSDT::gateio|futures|SNDK_USDT,perp_perp,comparable,7,regular,390,5,1,390,1.0,0.9379500076747832,0.9071814991168381,1.469207014115348,3.24633632614002,4.010529442381336,1.8603446595585897,-4.157601576471048,7.05424341913341,0.7076923076923077,1.300031895028475,1.4387386800701618,True,K线收盘代理；达到描述性样本门槛,0.0,0.0,0.0,0.0
SNDK,bybit|futures|SNDKUSDT::gateio|futures|SNDK_USDT,perp_perp,comparable,7,non_regular,1626,7,2,1626,1.0,1.5700899629935465,1.692820996446187,1.9398134617520935,4.067969047476527,4.722685666978532,2.0576143498673,-5.234069855133416,9.46529580466482,0.7958179581795818,1.719353767517251,2.2172364186767712,True,K线收盘代理；达到描述性样本门槛,0.0,0.0,0.0,0.0
SNDK,bybit|futures|SNDKUSDT::gateio|futures|SNDK_USDT,perp_perp,comparable,7,pre_market,330,5,1,330,1.0,0.6866599208002124,0.8526314403567437,1.6306429059209648,3.757024727189864,4.1198784074826245,2.172159841092126,-5.167577144544744,8.49027037807426,0.6484848484848484,1.4213631908632784,1.6528351712247202,True,K线收盘代理；达到描述性样本门槛,0.0,0.0,0.0,0.0
SNDK,bybit|futures|SNDKUSDT::gateio|futures|SNDK_USDT,perp_perp,comparable,7,after_market,240,5,1,240,1.0,1.1524204604245654,1.2289610267157691,1.8656595451038704,3.696603107250729,4.459532706603374,2.086040464377162,-4.6581910312781805,6.481758078242805,0.7166666666666667,1.4141986586313493,2.1715442105485483,True,K线收盘代理；达到描述性样本门槛,0.0,0.0,0.0,0.0
SNDK,bybit|futures|SNDKUSDT::gateio|futures|SNDK_USDT,perp_perp,comparable,7,overnight,480,5,1,480,1.0,1.451698482371711,1.4746936158893664,1.861828972657964,4.008669714891778,4.81967528648541,2.089136607953073,-5.234069855133416,8.068509996606021,0.7583333333333333,1.4091687850859014,2.16353800031599,True,K线收盘代理；达到描述性样本门槛,0.0,0.0,0.0,0.0
SNDK,bybit|futures|SNDKUSDT::gateio|futures|SNDK_USDT,perp_perp,comparable,7,weekend,576,2,2,576,1.0,2.348910284588749,2.2087830898587235,2.2087830898587235,4.319732564475043,5.303668413030316,1.630990545935369,-2.1966880702950498,9.46529580466482,0.9444444444444444,2.145141153127861,2.431478250406738,True,K线收盘代理；达到描述性样本门槛,0.0,0.0,0.0,0.0
SNDK,bybit|futures|SNDKUSDT::gateio|futures|SNDK_USDT,perp_perp,comparable,7,holiday,0,0,0,0,0,,,,,,,,,,,,False,样本不足 / 仅事件观察,,,,
SNDK,bybit|futures|SNDKUSDT::gateio|futures|SNDK_USDT,perp_perp,comparable,30,all,8640,30,5,8640,1.0,0.22462591527441725,0.3255622183828688,1.6233050188807496,3.847962541801753,4.57193311013393,2.369253676954198,-8.619808959494657,12.96527501474909,0.5459490740740741,1.2266315803477479,2.094434262077949,True,K线收盘代理；达到描述性样本门槛,0.00034722222222222224,0.0,0.0,0.0
SNDK,bybit|futures|SNDKUSDT::gateio|futures|SNDK_USDT,perp_perp,comparable,30,regular,1560,20,5,1560,1.0,0.058534401802403005,0.22150312922297744,1.4347081343901724,3.4441334364466725,4.239630692627394,2.1611119064762487,-7.728423208455126,7.655194596334347,0.5314102564102564,1.088201188968324,1.7736329299353204,True,K线收盘代理；达到描述性样本门槛,0.0,0.0,0.0,0.0
SNDK,bybit|futures|SNDKUSDT::gateio|futures|SNDK_USDT,perp_perp,comparable,30,non_regular,7080,30,5,7080,1.0,0.261222350446217,0.34270569468364265,1.6787837334436562,3.8985374860779354,4.637949135588959,2.411164823323516,-8.619808959494657,12.96527501474909,0.5491525423728814,1.2326771835154127,2.2448323434885733,True,K线收盘代理；达到描述性样本门槛,0.000423728813559322,0.0,0.0,0.0
SNDK,bybit|futures|SNDKUSDT::gateio|futures|SNDK_USDT,perp_perp,comparable,30,pre_market,1320,20,5,1320,1.0,-0.28089236704425247,-0.3320213980417819,1.4252253037205787,3.614472905797084,4.25104962440681,2.1331461181803473,-7.5437042867920745,8.49027037807426,0.4265151515151515,1.0245946427350772,1.7868738257127703,True,K线收盘代理；达到描述性样本门槛,0.0,0.0,0.0,0.0
SNDK,bybit|futures|SNDKUSDT::gateio|futures|SNDK_USDT,perp_perp,comparable,30,after_market,960,20,5,960,1.0,0.6659348067077295,0.744220300786802,1.6757179458182225,3.7077567296044394,4.392973079269445,2.213725159627212,-7.264112665732458,6.655192197362325,0.634375,1.1547725829127997,2.332928384765065,True,K线收盘代理；达到描述性样本门槛,0.0,0.0,0.0,0.0
SNDK,bybit|futures|SNDKUSDT::gateio|futures|SNDK_USDT,perp_perp,comparable,30,overnight,1920,20,5,1920,1.0,0.33790856164913596,0.49366605892053883,1.861261594683361,4.199959791702402,4.9528923799200815,2.546795158998214,-8.619808959494657,8.068509996606021,0.5630208333333333,1.3762242627841925,2.4619985507753905,True,K线收盘代理；达到描述性样本门槛,0.0,0.0,0.0,0.0
SNDK,bybit|futures|SNDKUSDT::gateio|futures|SNDK_USDT,perp_perp,comparable,30,weekend,2592,9,5,2592,1.0,0.3899924632144399,0.6169607062089799,1.8014181206893465,4.065012261246004,4.8265454054944295,2.5386021194419883,-8.17550843204895,12.96527501474909,0.5868055555555556,1.2033819523254996,2.4807525153180965,True,K线收盘代理；达到描述性样本门槛,0.0011574074074074073,0.0,0.0,0.0
SNDK,bybit|futures|SNDKUSDT::gateio|futures|SNDK_USDT,perp_perp,comparable,30,holiday,288,1,1,288,1.0,-0.2732991381943055,-0.3936332632126227,1.0372008957038048,2.312511442651766,2.9753301643760106,1.4563395638465344,-4.986748695882115,3.9294936566736105,0.3958333333333333,1.0372008957038048,1.0372008957038048,False,样本不足 / 仅事件观察,0.0,0.0,0.0,0.0
SNDK,bybit|futures|SNDKUSDT::okx|futures|SNDK-USDT-SWAP,perp_perp,comparable,7,all,2016,7,2,2016,1.0,1.0335170983824724,0.8887370281518425,1.502905988315928,3.9273596806999045,4.615814019051645,2.1102957331116614,-5.746173821759015,7.184672698243855,0.6646825396825397,1.023085848890215,2.0638536860215217,True,K线收盘代理；达到描述性样本门槛,0.0,0.0,0.0,0.0
SNDK,bybit|futures|SNDKUSDT::okx|futures|SNDK-USDT-SWAP,perp_perp,comparable,7,regular,390,5,1,390,1.0,0.68984750876035,0.6076316572867224,1.2712051961982773,3.1873361633508743,3.8068884374173773,1.8631563364812453,-4.613018964634286,7.001166861142494,0.6282051282051282,1.0126294898116228,1.1594244675239285,True,K线收盘代理；达到描述性样本门槛,0.0,0.0,0.0,0.0
SNDK,bybit|futures|SNDKUSDT::okx|futures|SNDK-USDT-SWAP,perp_perp,comparable,7,non_regular,1626,7,2,1626,1.0,1.1159470737530923,0.9637742495349766,1.5865605473203148,4.077523136052363,4.748947797057479,2.1572572706300694,-5.746173821759015,7.184672698243855,0.6734317343173432,1.045016965927903,2.107967439326508,True,K线收盘代理；达到描述性样本门槛,0.0,0.0,0.0,0.0
SNDK,bybit|futures|SNDKUSDT::okx|futures|SNDK-USDT-SWAP,perp_perp,comparable,7,pre_market,330,5,1,330,1.0,0.6266117706091766,0.6609386309630594,1.5994004094765923,3.7209291532587234,4.246694707901066,2.1645163733030834,-5.099150141643083,6.0240963855417995,0.6121212121212121,1.1962403912346709,1.8307688087260132,True,K线收盘代理；达到描述性样本门槛,0.0,0.0,0.0,0.0
SNDK,bybit|futures|SNDKUSDT::okx|futures|SNDK-USDT-SWAP,perp_perp,comparable,7,after_market,240,5,1,240,1.0,0.8325578739960954,0.6115966820507968,1.188415250851782,3.389018843687363,4.259074688150787,1.7812024575465089,-3.5909712722304032,5.1609470603875,0.6541666666666667,0.8507753364522808,0.9972296088434085,True,K线收盘代理；达到描述性样本门槛,0.0,0.0,0.0,0.0
SNDK,bybit|futures|SNDKUSDT::okx|futures|SNDK-USDT-SWAP,perp_perp,comparable,7,overnight,480,5,1,480,1.0,1.0814761318431454,0.9598285322143241,1.5677069533909238,3.9515138569989894,4.905270698759122,2.1600041076087857,-5.746173821759015,7.184672698243855,0.7020833333333333,1.0983913788237265,2.0386388496884678,True,K线收盘代理；达到描述性样本门槛,0.0,0.0,0.0,0.0
SNDK,bybit|futures|SNDKUSDT::okx|futures|SNDK-USDT-SWAP,perp_perp,comparable,7,weekend,576,2,2,576,1.0,1.543100042669665,1.4519057732687024,1.9174375537645005,4.381830505995055,5.0896390004967484,2.2110906277144244,-4.801174875734837,7.139214686384676,0.6927083333333334,1.4239217499228962,2.6921646630589935,True,K线收盘代理；达到描述性样本门槛,0.0,0.0,0.0,0.0
SNDK,bybit|futures|SNDKUSDT::okx|futures|SNDK-USDT-SWAP,perp_perp,comparable,7,holiday,0,0,0,0,0,,,,,,,,,,,,False,样本不足 / 仅事件观察,,,,
SNDK,bybit|futures|SNDKUSDT::okx|futures|SNDK-USDT-SWAP,perp_perp,comparable,30,all,8640,30,5,8640,1.0,0.8325003498581639,0.7795751611638924,1.2784941582033582,3.289811086828909,4.033898781652279,1.8409126372143565,-7.04526748971146,8.995002776235328,0.6704861111111111,1.0248403386929616,1.520205669654634,True,K线收盘代理；达到描述性样本门槛,0.0,0.0,0.0,0.0
SNDK,bybit|futures|SNDKUSDT::okx|futures|SNDK-USDT-SWAP,perp_perp,comparable,30,regular,1560,20,5,1560,1.0,0.8669419805496137,0.7313482302728769,1.369931323201845,3.579869214498044,4.601984204874509,2.1070575578670754,-7.04526748971146,8.995002776235328,0.6416666666666667,1.0293983394334127,1.626403664487519,True,K线收盘代理；达到描述性样本门槛,0.0,0.0,0.0,0.0
SNDK,bybit|futures|SNDKUSDT::okx|futures|SNDK-USDT-SWAP,perp_perp,comparable,30,non_regular,7080,30,5,7080,1.0,0.8249115159769971,0.7861414499277242,1.2516036268661601,3.2295827431509947,3.886283666578282,1.776829510133784,-6.003512693597557,8.884390463337333,0.6768361581920904,0.9493079568981266,1.5273722361047737,True,K线收盘代理；达到描述性样本门槛,0.0,0.0,0.0,0.0
SNDK,bybit|futures|SNDKUSDT::okx|futures|SNDK-USDT-SWAP,perp_perp,comparable,30,pre_market,1320,20,5,1320,1.0,0.4380596388144869,0.38998898462816456,1.1717178385872717,3.0336159501951343,3.630014044302687,1.7473477340338381,-5.099150141643083,6.47655006579706,0.5856060606060606,0.8331273373689274,1.3898840578061011,True,K线收盘代理；达到描述性样本门槛,0.0,0.0,0.0,0.0
SNDK,bybit|futures|SNDKUSDT::okx|futures|SNDK-USDT-SWAP,perp_perp,comparable,30,after_market,960,20,5,960,1.0,1.012918530328387,0.9619929682591621,1.2928309436044394,3.161365315641929,3.623006818470386,1.5858053686012423,-4.6232876712326565,6.30228667038546,0.7354166666666667,0.8677726623070037,1.848456040508123,True,K线收盘代理；达到描述性样本门槛,0.0,0.0,0.0,0.0
SNDK,bybit|futures|SNDKUSDT::okx|futures|SNDK-USDT-SWAP,perp_perp,comparable,30,overnight,1920,20,5,1920,1.0,0.7530494635829659,0.71035541168607,1.2752745348637573,3.236729293062402,4.002258474203212,1.86785159316492,-6.003512693597557,8.884390463337333,0.6572916666666667,1.0453452702219312,1.6952562945711513,True,K线收盘代理；达到描述性样本门槛,0.0,0.0,0.0,0.0
SNDK,bybit|futures|SNDKUSDT::okx|futures|SNDK-USDT-SWAP,perp_perp,comparable,30,weekend,2592,9,5,2592,1.0,0.9929036315162361,0.9383723986600145,1.2969072831003903,3.4335872643438408,4.1370696936897655,1.802468031286449,-5.461110468628627,7.139214686384676,0.7060185185185185,1.1424769594281514,1.343192480175448,True,K线收盘代理；达到描述性样本门槛,0.0,0.0,0.0,0.0
SNDK,bybit|futures|SNDKUSDT::okx|futures|SNDK-USDT-SWAP,perp_perp,comparable,30,holiday,288,1,1,288,1.0,0.9384438812409261,0.895761843656695,1.0642052589188156,2.4282852078625354,2.9082995653361103,1.2774479966677708,-3.096745652113597,6.850545797583152,0.7673611111111112,1.0642052589188156,1.0642052589188156,False,样本不足 / 仅事件观察,0.0,0.0,0.0,0.0
SNDK,gateio|futures|SNDK_USDT::okx|futures|SNDK-USDT-SWAP,perp_perp,comparable,7,all,2016,7,2,2016,1.0,-0.41406990698105567,-0.3397220162221215,1.276837507775408,3.1069058265725813,3.6678617825774973,1.8403404791601283,-8.939046874127943,5.481639169770958,0.41865079365079366,0.9750886529827363,1.501962525367606,True,K线收盘代理；达到描述性样本门槛,0.0,0.0,0.0,0.0
SNDK,gateio|futures|SNDK_USDT::okx|futures|SNDK-USDT-SWAP,perp_perp,comparable,7,regular,390,5,1,390,1.0,-0.24797554871949862,-0.056333291253429785,0.8783773736287248,2.1674417024439845,2.8891246539570186,1.4436247093546044,-8.939046874127943,5.220026942074352,0.4564102564102564,0.8763025676555847,0.9675584164331452,True,K线收盘代理；达到描述性样本门槛,0.0,0.0,0.0,0.0
SNDK,gateio|futures|SNDK_USDT::okx|futures|SNDK-USDT-SWAP,perp_perp,comparable,7,non_regular,1626,7,2,1626,1.0,-0.4539080371913922,-0.4500577437593911,1.4006780171521571,3.2165102899678333,3.7914691965890146,1.921231117094863,-7.1509009009007585,5.481639169770958,0.4095940959409594,1.0069415590113762,1.690941619593711,True,K线收盘代理；达到描述性样本门槛,0.0,0.0,0.0,0.0
SNDK,gateio|futures|SNDK_USDT::okx|futures|SNDK-USDT-SWAP,perp_perp,comparable,7,pre_market,330,5,1,330,1.0,-0.05993017000514561,0.05535103063225577,0.9589770938245312,2.346475598396847,2.922744505164721,1.49800209766513,-5.670131747178564,4.121732256789912,0.503030303030303,0.846644533198937,1.2276815509559835,True,K线收盘代理；达到描述性样本门槛,0.0,0.0,0.0,0.0
SNDK,gateio|futures|SNDK_USDT::okx|futures|SNDK-USDT-SWAP,perp_perp,comparable,7,after_market,240,5,1,240,1.0,-0.319502107036342,-0.027436347673215344,1.4780578790729582,3.9969377812848483,4.629792598134339,2.3007161372790246,-7.1509009009007585,5.29884337074904,0.4875,1.326093333076095,1.5661669381783483,True,K线收盘代理；达到描述性样本门槛,0.0,0.0,0.0,0.0
SNDK,gateio|futures|SNDK_USDT::okx|futures|SNDK-USDT-SWAP,perp_perp,comparable,7,overnight,480,5,1,480,1.0,-0.370043279781844,-0.45083127160450154,1.2231240584520409,2.8755343776531994,3.2883054852670943,1.6757059668468162,-5.367231638417902,5.481639169770958,0.38125,1.0273370874658294,1.5459126274186552,True,K线收盘代理；达到描述性样本门槛,0.0,0.0,0.0,0.0
SNDK,gateio|futures|SNDK_USDT::okx|futures|SNDK-USDT-SWAP,perp_perp,comparable,7,weekend,576,2,2,576,1.0,-0.8055142923394072,-1.07338590367545,1.8232044938004677,3.4375881512260786,3.9642256643890317,2.088694506629153,-5.47249647390724,5.128783182100083,0.3472222222222222,1.6921097687869202,2.106030705718853,True,K线收盘代理；达到描述性样本门槛,0.0,0.0,0.0,0.0
SNDK,gateio|futures|SNDK_USDT::okx|futures|SNDK-USDT-SWAP,perp_perp,comparable,7,holiday,0,0,0,0,0,,,,,,,,,,,,False,样本不足 / 仅事件观察,,,,
SNDK,gateio|futures|SNDK_USDT::okx|futures|SNDK-USDT-SWAP,perp_perp,comparable,30,all,8640,30,5,8640,1.0,0.6081705927387849,0.6709739233357048,1.3810588030954696,3.3235142604961525,4.036967825001791,1.9928537371883521,-12.169109604025508,8.825775791350132,0.6324074074074074,1.0693140451741023,1.6418979811595735,True,K线收盘代理；达到描述性样本门槛,0.00034722222222222224,0.0,0.0,0.0
SNDK,gateio|futures|SNDK_USDT::okx|futures|SNDK-USDT-SWAP,perp_perp,comparable,30,regular,1560,20,5,1560,1.0,0.8085730829931783,0.7129809366923645,1.2072088097558886,3.1955593557044804,3.9743568818473296,1.7813745230335927,-8.939046874127943,7.200826324331722,0.6775641025641026,0.8721767512429035,1.5568522347528257,True,K线收盘代理；达到描述性样本门槛,0.0,0.0,0.0,0.0
SNDK,gateio|futures|SNDK_USDT::okx|futures|SNDK-USDT-SWAP,perp_perp,comparable,30,non_regular,7080,30,5,7080,1.0,0.5640141118352746,0.665750206461091,1.4188663870851048,3.362035501718987,4.054859199078329,2.033847413770381,-12.169109604025508,8.825775791350132,0.622457627118644,1.084165973807144,1.7414105005796043,True,K线收盘代理；达到描述性样本门槛,0.000423728813559322,0.0,0.0,0.0
SNDK,gateio|futures|SNDK_USDT::okx|futures|SNDK-USDT-SWAP,perp_perp,comparable,30,pre_market,1320,20,5,1320,1.0,0.719174599053281,0.7766821518984113,1.1851243628424601,2.8813454818419353,3.3411857560124987,1.5970032845505486,-5.670131747178564,5.433881106682303,0.6840909090909091,0.9606495344018084,1.2609905797006382,True,K线收盘代理；达到描述性样本门槛,0.0,0.0,0.0,0.0
SNDK,gateio|futures|SNDK_USDT::okx|futures|SNDK-USDT-SWAP,perp_perp,comparable,30,after_market,960,20,5,960,1.0,0.34730272399301326,0.41335945394904705,1.4761823843323363,3.463033547837835,4.05537401046585,2.1109628660837854,-7.1509009009007585,7.793721796878206,0.584375,1.0252678321423514,1.641370063843045,True,K线收盘代理；达到描述性样本门槛,0.0,0.0,0.0,0.0
SNDK,gateio|futures|SNDK_USDT::okx|futures|SNDK-USDT-SWAP,perp_perp,comparable,30,overnight,1920,20,5,1920,1.0,0.41546691985091916,0.39606985556162044,1.469498049600504,3.263818907436435,3.8303138998971864,1.9502066085454022,-7.9702960673389,6.029544769368123,0.5723958333333333,1.1359982502469335,1.7496315825341058,True,K线收盘代理；达到描述性样本门槛,0.0,0.0,0.0,0.0
SNDK,gateio|futures|SNDK_USDT::okx|futures|SNDK-USDT-SWAP,perp_perp,comparable,30,weekend,2592,9,5,2592,1.0,0.6033106126166016,0.7336079199660173,1.52352257880628,3.7335892482678323,4.776035237498144,2.2941963769531353,-12.169109604025508,8.825775791350132,0.6226851851851852,1.1899702516993127,1.8646593018556423,True,K线收盘代理；达到描述性样本门槛,0.0011574074074074073,0.0,0.0,0.0
SNDK,gateio|futures|SNDK_USDT::okx|futures|SNDK-USDT-SWAP,perp_perp,comparable,30,holiday,288,1,1,288,1.0,1.2118792777573764,1.1783060434078507,1.2323211290210523,2.766033109667277,3.2312869664738995,1.254389514362545,-2.578388619216554,4.370457945548356,0.7986111111111112,1.2323211290210523,1.2323211290210523,False,样本不足 / 仅事件观察,0.0,0.0,0.0,0.0
SNDK,okx|futures|SNDK-USDT-SWAP::okx|spot|XSNDK-USDT,spot_perp,comparable,7,all,1751,7,2,2016,0.8685515873015873,6.403379017625458,6.210128154464645,6.211530860014136,11.399259048161525,13.469168711118806,4.016176916137233,-8.992300342830495,23.640661938533203,0.9497430039977156,5.656746866357643,6.797202824145865,True,K线收盘代理；达到描述性样本门槛,0.1650485436893204,0.0,0.0,0.0
SNDK,okx|futures|SNDK-USDT-SWAP::okx|spot|XSNDK-USDT,spot_perp,comparable,7,regular,390,5,1,390,1.0,7.572112223714968,7.3608519714940535,7.3608519714940535,13.244371175447746,14.968291509383054,4.480128106089859,-3.8140903394545678,23.640661938533203,0.9615384615384616,6.210833308825103,9.843058174894281,True,K线收盘代理；达到描述性样本门槛,0.2846153846153846,0.0,0.0,0.0
SNDK,okx|futures|SNDK-USDT-SWAP::okx|spot|XSNDK-USDT,spot_perp,comparable,7,non_regular,1361,7,2,1626,0.8370233702337023,6.068473837335297,5.723770820216245,5.8526203777597985,10.686164229471995,12.481561329853452,3.8074324507457407,-8.992300342830495,21.658244016216077,0.9463629684055841,5.188710578194478,6.761898603891425,True,K线收盘代理；达到描述性样本门槛,0.1307861866274798,0.0,0.0,0.0
SNDK,okx|futures|SNDK-USDT-SWAP::okx|spot|XSNDK-USDT,spot_perp,comparable,7,pre_market,322,5,1,330,0.9757575757575757,5.982954215622374,5.772880072170139,5.8530875409446015,10.50619316919055,13.201389931185467,3.910375011686716,-6.257110352673179,19.19819311123616,0.9440993788819876,4.255298318688316,7.443641087999664,True,K线收盘代理；达到描述性样本门槛,0.10559006211180125,0.0,0.0,0.0
SNDK,okx|futures|SNDK-USDT-SWAP::okx|spot|XSNDK-USDT,spot_perp,comparable,7,after_market,199,5,1,240,0.8291666666666667,5.500937994412513,5.072137060413429,5.072137060413429,10.420323166106193,11.726296239162437,3.594205581157788,-3.410835086122832,17.537129391131945,0.9547738693467337,4.788890538400814,5.681172594023121,True,K线收盘代理；达到描述性样本门槛,0.11557788944723618,0.0,0.0,0.0
SNDK,okx|futures|SNDK-USDT-SWAP::okx|spot|XSNDK-USDT,spot_perp,comparable,7,overnight,448,5,1,480,0.9333333333333333,6.453451230215451,6.31534233023201,6.385016566934354,11.800140481021293,14.148665185158668,4.423942226681435,-8.992300342830495,21.658244016216077,0.9241071428571429,5.333617792948608,7.31775973249027,True,K线收盘代理；达到描述性样本门槛,0.19196428571428573,0.0,0.0,0.0
SNDK,okx|futures|SNDK-USDT-SWAP::okx|spot|XSNDK-USDT,spot_perp,comparable,7,weekend,392,2,2,576,0.6805555555555556,5.986859242750824,5.891872592710401,6.10077373125073,9.392549387908135,10.928782762717024,2.9154538536965773,-6.100266193435067,15.812955328400324,0.9693877551020408,5.8099517820836555,6.074283570629002,False,样本不足 / 仅事件观察,0.08928571428571429,0.0,0.0,0.0
SNDK,okx|futures|SNDK-USDT-SWAP::okx|spot|XSNDK-USDT,spot_perp,comparable,7,holiday,0,0,0,0,0,,,,,,,,,,,,False,样本不足 / 仅事件观察,,,,
SNDK,okx|futures|SNDK-USDT-SWAP::okx|spot|XSNDK-USDT,spot_perp,comparable,30,all,7930,30,5,8640,0.9178240740740741,4.59992159788347,4.723026746935588,4.908435121397936,9.453671425022849,11.205689116053902,4.161633637388199,-26.743525434062,23.640661938533203,0.8897856242118537,3.64233609999709,5.8320555973651045,True,K线收盘代理；达到描述性样本门槛,0.07843631778058008,0.0,0.0,0.0
SNDK,okx|futures|SNDK-USDT-SWAP::okx|spot|XSNDK-USDT,spot_perp,comparable,30,regular,1559,20,5,1560,0.9993589743589744,5.332549030285251,5.4987908271186825,5.58238725459459,10.510363253251498,12.384779982030912,4.426191230327531,-12.950683796104645,23.640661938533203,0.8877485567671585,4.616918622470378,6.833661081928344,True,K线收盘代理；达到描述性样本门槛,0.12379730596536241,0.0,0.0,0.0
SNDK,okx|futures|SNDK-USDT-SWAP::okx|spot|XSNDK-USDT,spot_perp,comparable,30,non_regular,6371,30,5,7080,0.8998587570621469,4.42064579077087,4.5238633793265315,4.717593084009319,9.052289906050781,10.698513649771701,4.07427962032045,-26.743525434062,21.97446480039389,0.8902840998273427,3.5727194906134963,5.670815190255974,True,K线收盘代理；达到描述性样本门槛,0.06733636791712447,0.0,0.0,0.0
SNDK,okx|futures|SNDK-USDT-SWAP::okx|spot|XSNDK-USDT,spot_perp,comparable,30,pre_market,1306,20,5,1320,0.9893939393939394,4.4859118664940265,4.54836421257987,4.7611275576109335,9.01108158725572,10.432050299495899,3.8463096085984234,-12.08521214677849,19.19819311123616,0.8920367534456355,3.6091575131419473,6.0129912251061235,True,K线收盘代理；达到描述性样本门槛,0.05819295558958652,0.0,0.0,0.0
SNDK,okx|futures|SNDK-USDT-SWAP::okx|spot|XSNDK-USDT,spot_perp,comparable,30,after_market,861,20,5,960,0.896875,4.6640350160219315,4.786979415989379,4.973236137104653,9.418458880308123,10.834306898057644,3.86264237536147,-20.666952912551384,18.569737865918867,0.8977932636469221,3.5955602802062447,6.017913423964627,True,K线收盘代理；达到描述性样本门槛,0.06620209059233449,0.0,0.0,0.0
SNDK,okx|futures|SNDK-USDT-SWAP::okx|spot|XSNDK-USDT,spot_perp,comparable,30,overnight,1831,20,5,1920,0.9536458333333333,4.427027166391577,4.800625859371355,5.075215839236424,10.196295126827515,12.459722944494489,5.19148151515533,-26.743525434062,21.97446480039389,0.8574549426542872,3.741542703692841,6.248853329890725,True,K线收盘代理；达到描述性样本门槛,0.1119606772255598,0.0,0.0,0.0
SNDK,okx|futures|SNDK-USDT-SWAP::okx|spot|XSNDK-USDT,spot_perp,comparable,30,weekend,2103,9,5,2592,0.8113425925925926,4.309060883834741,4.311459860308897,4.349051171794738,8.335534074617623,9.493493790652552,3.160320074026815,-9.639457512751193,17.597638510444824,0.9115549215406562,3.464216348829652,5.677785887810982,True,K线收盘代理；达到描述性样本门槛,0.03851640513552068,0.0,0.0,0.0
SNDK,okx|futures|SNDK-USDT-SWAP::okx|spot|XSNDK-USDT,spot_perp,comparable,30,holiday,270,1,1,288,0.9375,4.154657430361812,4.268310632896677,4.3984383331518995,8.250788835436396,9.393695530467868,3.4079199418341655,-8.63204506600157,16.360009860827418,0.9148148148148149,4.3984383331518995,4.3984383331518995,False,样本不足 / 仅事件观察,0.037037037037037035,0.0,0.0,0.0
SNDK,gateio|futures|SNDK_USDT::gateio|spot|SNDKG_USDT,spot_perp,reference,7,all,1691,7,2,2016,0.8387896825396826,2.563464806527449,2.482649664279357,3.6786221887785686,9.952472950029989,13.064089775750576,5.878560338441284,-32.99252319610923,34.62486910110307,0.7125960969840331,3.005205359992158,3.85706965687016,True,K线收盘代理；达到描述性样本门槛,0.09816676522767594,0.0011827321111768185,0.0,0.0
SNDK,gateio|futures|SNDK_USDT::gateio|spot|SNDKG_USDT,spot_perp,reference,7,regular,390,5,1,390,1.0,2.4042163546720627,2.3923290319216584,4.4833089046564245,14.156414549762799,18.28196746429049,8.004882779558175,-32.99252319610923,34.62486910110307,0.6615384615384615,4.160365948774336,4.535928274393974,True,K线收盘代理；达到描述性样本门槛,0.16923076923076924,0.005128205128205128,0.0,0.0
SNDK,gateio|futures|SNDK_USDT::gateio|spot|SNDKG_USDT,spot_perp,reference,7,non_regular,1301,7,2,1626,0.8001230012300123,2.611202620688556,2.483294202637598,3.397476955637746,9.135337503083374,11.144424958986487,5.069338695508365,-20.219284282019245,27.438237066368387,0.727901614142967,2.878829332043087,3.6580064815036617,True,K线收盘代理；达到描述性样本门槛,0.07686395080707148,0.0,0.0,0.0
SNDK,gateio|futures|SNDK_USDT::gateio|spot|SNDKG_USDT,spot_perp,reference,7,pre_market,328,5,1,330,0.9939393939393939,3.4359964004673307,3.3832350342655193,4.437980732457936,10.168652703636871,12.572035481380292,5.688766223980455,-19.19996427913628,27.438237066368387,0.7774390243902439,2.786009368097586,5.126900832602699,True,K线收盘代理；达到描述性样本门槛,0.11280487804878049,0.0,0.0,0.0
SNDK,gateio|futures|SNDK_USDT::gateio|spot|SNDKG_USDT,spot_perp,reference,7,after_market,239,5,1,240,0.9958333333333333,2.8057871152139984,2.2869299295313894,2.8035207989507427,7.919320097878218,9.381774555794253,4.320155608238756,-10.29353543351541,26.864352025028904,0.7238493723849372,2.193316075173035,3.7333208503465,True,K线收盘代理；达到描述性样本门槛,0.03765690376569038,0.0,0.0,0.0
SNDK,gateio|futures|SNDK_USDT::gateio|spot|SNDKG_USDT,spot_perp,reference,7,overnight,478,5,1,480,0.9958333333333333,2.6485338001692313,2.694884182299351,3.7270462078276,9.665007420940563,11.290815458180669,5.270808853551374,-20.219284282019245,18.549528368374535,0.7154811715481172,3.482997502349261,3.9758979588611076,True,K线收盘代理；达到描述性样本门槛,0.08786610878661087,0.0,0.0,0.0
SNDK,gateio|futures|SNDK_USDT::gateio|spot|SNDKG_USDT,spot_perp,reference,7,weekend,256,2,2,576,0.4444444444444444,1.3030684107245665,1.6453387397430408,2.5385157364221644,6.7872997013079805,8.82617719918044,4.149321731773849,-13.671874999999778,14.315439034540134,0.69140625,2.3574826218700218,2.6642486150049716,False,样本不足 / 仅事件观察,0.046875,0.0,0.0,0.0
SNDK,gateio|futures|SNDK_USDT::gateio|spot|SNDKG_USDT,spot_perp,reference,7,holiday,0,0,0,0,0,,,,,,,,,,,,False,样本不足 / 仅事件观察,,,,
SNDK,gateio|futures|SNDK_USDT::gateio|spot|SNDKG_USDT,spot_perp,reference,30,all,7326,30,5,8640,0.8479166666666667,4.887858498947952,4.829975465162617,5.536356067080694,13.153483083664375,16.67932149083451,6.917916692788446,-38.927848079841624,64.55581543120647,0.8000273000273,3.866174123716287,6.673465095197728,True,K线收盘代理；达到描述性样本门槛,0.20556920556920558,0.0034125034125034124,0.0004095004095004095,0.0
SNDK,gateio|futures|SNDK_USDT::gateio|spot|SNDKG_USDT,spot_perp,reference,30,regular,1558,20,5,1560,0.9987179487179487,4.981975486237772,4.976400443666984,6.283110628914068,15.892981004504088,19.224767587546317,8.662898535162094,-32.99252319610923,64.55581543120647,0.7644415917843389,4.48645515985141,7.43593896205208,True,K线收盘代理；达到描述性样本门槛,0.2740693196405648,0.00834403080872914,0.0012836970474967907,0.0
SNDK,gateio|futures|SNDK_USDT::gateio|spot|SNDKG_USDT,spot_perp,reference,30,non_regular,5768,30,5,7080,0.8146892655367232,4.86243646944075,4.7973862222439045,5.340519784094999,12.3674609086184,15.59581715660396,6.36480094029234,-38.927848079841624,63.82924072742213,0.8096393897364771,3.6331570397597766,6.673465095197728,True,K线收盘代理；达到描述性样本门槛,0.18706657420249653,0.0020804438280166435,0.00017337031900138697,0.0
SNDK,gateio|futures|SNDK_USDT::gateio|spot|SNDKG_USDT,spot_perp,reference,30,pre_market,1313,20,5,1320,0.9946969696969697,5.026446405051168,5.051809753435776,5.777162741331665,12.992751113722887,16.51452144095122,6.743726582378623,-31.563386471692432,31.617220846287264,0.824067022086824,3.828008723166798,7.137073396671079,True,K线收盘代理；达到描述性样本门槛,0.19801980198019803,0.002284843869002285,0.0,0.0
SNDK,gateio|futures|SNDK_USDT::gateio|spot|SNDKG_USDT,spot_perp,reference,30,after_market,959,20,5,960,0.9989583333333333,4.273814570002819,4.2655797337576296,4.634644807524069,10.06587634147138,12.152886885549606,5.309790141487165,-15.367915904935803,63.82924072742213,0.7883211678832117,2.4018639303247102,6.002343879042971,True,K线收盘代理；达到描述性样本门槛,0.10218978102189781,0.0020855057351407717,0.0010427528675703858,0.0
SNDK,gateio|futures|SNDK_USDT::gateio|spot|SNDKG_USDT,spot_perp,reference,30,overnight,1910,20,5,1920,0.9947916666666666,4.429300693881505,4.546753792088465,5.258391242256577,12.082089930223306,15.147394744642874,6.309996874654653,-28.267187358096415,31.206005047459406,0.7842931937172775,3.646426977943068,6.111064464893456,True,K线收盘代理；达到描述性样本门槛,0.181151832460733,0.0010471204188481676,0.0,0.0
SNDK,gateio|futures|SNDK_USDT::gateio|spot|SNDKG_USDT,spot_perp,reference,30,weekend,1330,9,5,2592,0.5131172839506173,5.380694439677203,4.863920567877988,5.4975921946553985,13.243319637892492,16.566142397888783,6.742685985383051,-38.927848079841624,38.833711238144275,0.8263157894736842,3.204418145208443,6.72724928382884,False,样本不足 / 仅事件观察,0.23609022556390977,0.0037593984962406013,0.0,0.0
SNDK,gateio|futures|SNDK_USDT::gateio|spot|SNDKG_USDT,spot_perp,reference,30,holiday,256,1,1,288,0.8888888888888888,6.765364543691427,6.650835460971782,6.777243731570515,13.265136815876488,17.154152403918708,5.72468103489151,-21.83079471849925,29.38867077958429,0.91796875,6.777243731570515,6.777243731570515,False,样本不足 / 仅事件观察,0.23828125,0.0,0.0,0.0
SNDK,bitget|futures|SNDKUSDT::bitget|spot|RSNDKUSDT,spot_perp,reference,7,all,0,0,0,2016,0.0,,,,,,,,,,,,False,样本不足 / 仅事件观察,,,,
SNDK,bitget|futures|SNDKUSDT::bitget|spot|RSNDKUSDT,spot_perp,reference,7,regular,0,0,0,390,0.0,,,,,,,,,,,,False,样本不足 / 仅事件观察,,,,
SNDK,bitget|futures|SNDKUSDT::bitget|spot|RSNDKUSDT,spot_perp,reference,7,non_regular,0,0,0,1626,0.0,,,,,,,,,,,,False,样本不足 / 仅事件观察,,,,
SNDK,bitget|futures|SNDKUSDT::bitget|spot|RSNDKUSDT,spot_perp,reference,7,pre_market,0,0,0,330,0.0,,,,,,,,,,,,False,样本不足 / 仅事件观察,,,,
SNDK,bitget|futures|SNDKUSDT::bitget|spot|RSNDKUSDT,spot_perp,reference,7,after_market,0,0,0,240,0.0,,,,,,,,,,,,False,样本不足 / 仅事件观察,,,,
SNDK,bitget|futures|SNDKUSDT::bitget|spot|RSNDKUSDT,spot_perp,reference,7,overnight,0,0,0,480,0.0,,,,,,,,,,,,False,样本不足 / 仅事件观察,,,,
SNDK,bitget|futures|SNDKUSDT::bitget|spot|RSNDKUSDT,spot_perp,reference,7,weekend,0,0,0,576,0.0,,,,,,,,,,,,False,样本不足 / 仅事件观察,,,,
SNDK,bitget|futures|SNDKUSDT::bitget|spot|RSNDKUSDT,spot_perp,reference,7,holiday,0,0,0,0,0,,,,,,,,,,,,False,样本不足 / 仅事件观察,,,,
SNDK,bitget|futures|SNDKUSDT::bitget|spot|RSNDKUSDT,spot_perp,reference,30,all,0,0,0,8640,0.0,,,,,,,,,,,,False,样本不足 / 仅事件观察,,,,
SNDK,bitget|futures|SNDKUSDT::bitget|spot|RSNDKUSDT,spot_perp,reference,30,regular,0,0,0,1560,0.0,,,,,,,,,,,,False,样本不足 / 仅事件观察,,,,
SNDK,bitget|futures|SNDKUSDT::bitget|spot|RSNDKUSDT,spot_perp,reference,30,non_regular,0,0,0,7080,0.0,,,,,,,,,,,,False,样本不足 / 仅事件观察,,,,
SNDK,bitget|futures|SNDKUSDT::bitget|spot|RSNDKUSDT,spot_perp,reference,30,pre_market,0,0,0,1320,0.0,,,,,,,,,,,,False,样本不足 / 仅事件观察,,,,
SNDK,bitget|futures|SNDKUSDT::bitget|spot|RSNDKUSDT,spot_perp,reference,30,after_market,0,0,0,960,0.0,,,,,,,,,,,,False,样本不足 / 仅事件观察,,,,
SNDK,bitget|futures|SNDKUSDT::bitget|spot|RSNDKUSDT,spot_perp,reference,30,overnight,0,0,0,1920,0.0,,,,,,,,,,,,False,样本不足 / 仅事件观察,,,,
SNDK,bitget|futures|SNDKUSDT::bitget|spot|RSNDKUSDT,spot_perp,reference,30,weekend,0,0,0,2592,0.0,,,,,,,,,,,,False,样本不足 / 仅事件观察,,,,
SNDK,bitget|futures|SNDKUSDT::bitget|spot|RSNDKUSDT,spot_perp,reference,30,holiday,0,0,0,288,0.0,,,,,,,,,,,,False,样本不足 / 仅事件观察,,,,
SNDK,binance|futures|SNDKUSDT::binance|spot|SNDKBUSDT,spot_perp,reference,7,all,1985,7,2,2016,0.9846230158730159,0.004748118871202956,-0.05594875094439011,1.6359779763530646,4.407985262698366,5.206930608391058,2.5747033647013433,-7.051064551700792,6.924272107005081,0.4881612090680101,1.463775884090468,2.187231137515122,True,K线收盘代理；达到描述性样本门槛,0.0,0.0,0.0,0.0
SNDK,binance|futures|SNDKUSDT::binance|spot|SNDKBUSDT,spot_perp,reference,7,regular,390,5,1,390,1.0,-0.7611524986354691,-0.36030277139442735,1.9263802242974748,4.802934546897289,5.72208573074561,2.7938365839021992,-7.051064551700792,6.178242290069136,0.4564102564102564,1.4011606608405058,2.9198987213041594,True,K线收盘代理；达到描述性样本门槛,0.0,0.0,0.0,0.0
SNDK,binance|futures|SNDKUSDT::binance|spot|SNDKBUSDT,spot_perp,reference,7,non_regular,1595,7,2,1626,0.9809348093480935,0.1920216240922701,0.0,1.5887426236949054,4.30642735278397,5.004625128102624,2.4825270474665313,-6.848769610575678,6.924272107005081,0.49592476489028214,1.4129833576065343,2.230987380637539,True,K线收盘代理；达到描述性样本门槛,0.0,0.0,0.0,0.0
SNDK,binance|futures|SNDKUSDT::binance|spot|SNDKBUSDT,spot_perp,reference,7,pre_market,330,5,1,330,1.0,0.4225487738329345,0.11316539614503185,1.3274382667832763,3.8271064780009967,4.454769357790989,2.0876557048942357,-5.305807447424371,5.6016132646208305,0.5303030303030303,1.048679980466538,1.3585618329942095,True,K线收盘代理；达到描述性样本门槛,0.0,0.0,0.0,0.0
SNDK,binance|futures|SNDKUSDT::binance|spot|SNDKBUSDT,spot_perp,reference,7,after_market,239,5,1,240,0.9958333333333333,-0.362009096364484,-0.5067795846669387,2.649454606951096,5.114107866966755,5.576635285244547,3.188898192858653,-6.848769610575678,6.317982343799766,0.4393305439330544,1.187899755531463,3.8786425434056415,True,K线收盘代理；达到描述性样本门槛,0.0,0.0,0.0,0.0
SNDK,binance|futures|SNDKUSDT::binance|spot|SNDKBUSDT,spot_perp,reference,7,overnight,478,5,1,480,0.9958333333333333,-0.05551080574294994,-0.5503000777817846,1.896334865497673,4.677328040458395,5.530229787396143,2.788496719305538,-6.204756980352499,6.924272107005081,0.4121338912133891,1.5380087459315739,2.6979037926538885,True,K线收盘代理；达到描述性样本门槛,0.0,0.0,0.0,0.0
SNDK,binance|futures|SNDKUSDT::binance|spot|SNDKBUSDT,spot_perp,reference,7,weekend,548,2,2,576,0.9513888888888888,0.510744040581285,0.3107315055206339,1.327602101079961,3.3348518010607457,3.9843877242204937,1.94288676138954,-5.5903955896763335,6.350754435606731,0.572992700729927,1.19109459715952,1.6578878292987376,True,K线收盘代理；达到描述性样本门槛,0.0,0.0,0.0,0.0
SNDK,binance|futures|SNDKUSDT::binance|spot|SNDKBUSDT,spot_perp,reference,7,holiday,0,0,0,0,0,,,,,,,,,,,,False,样本不足 / 仅事件观察,,,,
SNDK,binance|futures|SNDKUSDT::binance|spot|SNDKBUSDT,spot_perp,reference,30,all,8598,30,5,8640,0.9951388888888889,3.8508584714837077,3.951995032248634,4.146134432639892,8.595351025204812,10.216597001532545,3.942114407151374,-7.051064551700792,25.971178159540642,0.8212374970923471,1.9411283303562288,6.133851557195702,True,K线收盘代理；达到描述性样本门槛,0.053384508025122124,0.0,0.0,0.0
SNDK,binance|futures|SNDKUSDT::binance|spot|SNDKBUSDT,spot_perp,reference,30,regular,1560,20,5,1560,1.0,3.2418616245068774,3.6450564562540144,4.102677941624222,7.819235290840169,8.824020152919054,3.786826316978982,-7.051064551700792,11.491227507045565,0.7916666666666666,1.4961913705140162,5.911993847280694,True,K线收盘代理；达到描述性样本门槛,0.010897435897435897,0.0,0.0,0.0
SNDK,binance|futures|SNDKUSDT::binance|spot|SNDKBUSDT,spot_perp,reference,30,non_regular,7038,30,5,7080,0.9940677966101695,3.9858449848801065,4.034817229765508,4.155999728571169,8.784810724084213,10.693524708053289,3.963063212089896,-6.848769610575678,25.971178159540642,0.8277919863597613,1.9678860175757762,6.353495185159597,True,K线收盘代理；达到描述性样本门槛,0.06280193236714976,0.0,0.0,0.0
SNDK,binance|futures|SNDKUSDT::binance|spot|SNDKBUSDT,spot_perp,reference,30,pre_market,1320,20,5,1320,1.0,4.2329245374598825,4.726903417483497,4.741081519006318,8.47127443080198,9.163914116278592,3.40748488861023,-5.305807447424371,13.386015170817611,0.853030303030303,1.5739303452229347,6.839680978640017,True,K线收盘代理；达到描述性样本门槛,0.015909090909090907,0.0,0.0,0.0
SNDK,binance|futures|SNDKUSDT::binance|spot|SNDKBUSDT,spot_perp,reference,30,after_market,959,20,5,960,0.9989583333333333,3.422195800228782,4.396911015192018,4.577227638609127,8.284537166185492,9.415142916627369,4.057472313595941,-6.848769610575678,12.013825536125733,0.748696558915537,1.5739058689240304,6.484370972756337,True,K线收盘代理；达到描述性样本门槛,0.03232533889468196,0.0,0.0,0.0
SNDK,binance|futures|SNDKUSDT::binance|spot|SNDKBUSDT,spot_perp,reference,30,overnight,1918,20,5,1920,0.9989583333333333,3.8850244309142363,4.312015008862691,4.411421245408276,8.819291074770419,9.900908376210381,3.836749523965276,-6.204756980352499,13.360279955512144,0.8018769551616267,2.324492809824968,6.660101826350962,True,K线收盘代理；达到描述性样本门槛,0.047966631908237745,0.0,0.0,0.0
SNDK,binance|futures|SNDKUSDT::binance|spot|SNDKBUSDT,spot_perp,reference,30,weekend,2553,9,5,2592,0.9849537037037037,4.213704626968159,3.4008978370292375,3.444245569064197,11.06275238956478,13.052955734081273,4.424155137597901,-5.5903955896763335,25.971178159540642,0.845280062671367,1.1912663160940085,5.946670187076952,True,K线收盘代理；达到描述性样本门槛,0.11672542107324715,0.0,0.0,0.0
SNDK,binance|futures|SNDKUSDT::binance|spot|SNDKBUSDT,spot_perp,reference,30,holiday,288,1,1,288,1.0,3.3818266339462757,3.303703841652794,3.303703841652794,5.296307374633713,5.7637907438407,1.4148648134323456,-1.0662895368940273,7.1938464943843705,0.9930555555555556,3.303703841652794,3.303703841652794,False,样本不足 / 仅事件观察,0.0,0.0,0.0,0.0
SPCX,binance|futures|SPCXUSD1::bitget|futures|SPCXUSDT,perp_perp,reference,7,all,1302,7,2,2016,0.6458333333333334,4.171645692477858,3.9018046217464963,4.026710553877155,10.40334156951728,13.596381784614088,5.073747277967036,-14.882965769178469,26.349570974935066,0.794162826420891,2.660985223665868,5.2304881638221,False,样本不足 / 仅事件观察,0.11597542242703533,0.0,0.0,0.0
SPCX,binance|futures|SPCXUSD1::bitget|futures|SPCXUSDT,perp_perp,reference,7,regular,388,5,1,390,0.9948717948717949,5.730580882634335,5.177494810756356,5.214277004808032,14.15076181317243,17.504405249592832,6.250132388632536,-12.088650100738896,26.349570974935066,0.8170103092783505,4.040960666549798,6.5042767338185925,True,K线收盘代理；达到描述性样本门槛,0.2268041237113402,0.0,0.0,0.0
SPCX,binance|futures|SPCXUSD1::bitget|futures|SPCXUSDT,perp_perp,reference,7,non_regular,914,7,2,1626,0.5621156211562116,3.5098657649278433,3.3591998075299667,3.8981288981299045,8.724071062454097,10.727320341161859,4.314894771633143,-14.882965769178469,20.738560342521417,0.7844638949671773,2.6610492806500297,4.70858499909077,False,样本不足 / 仅事件观察,0.06892778993435449,0.0,0.0,0.0
SPCX,binance|futures|SPCXUSD1::bitget|futures|SPCXUSDT,perp_perp,reference,7,pre_market,305,5,1,330,0.9242424242424242,4.584480699811637,4.551957341656365,4.680708793045607,10.025269348231447,12.060625294636917,4.584781449703906,-9.856100926474154,20.738560342521417,0.8163934426229508,4.532211071546222,6.032171581769052,True,K线收盘代理；达到描述性样本门槛,0.10819672131147541,0.0,0.0,0.0
SPCX,binance|futures|SPCXUSD1::bitget|futures|SPCXUSDT,perp_perp,reference,7,after_market,173,5,1,240,0.7208333333333333,4.5715529287642225,4.051316677919914,4.055972419387821,10.769498002432432,14.858266251002394,4.957855220333099,-14.882965769178469,18.889563516157892,0.8670520231213873,3.3607797046864007,4.211817228105819,True,K线收盘代理；达到描述性样本门槛,0.1329479768786127,0.0,0.0,0.0
SPCX,binance|futures|SPCXUSD1::bitget|futures|SPCXUSDT,perp_perp,reference,7,overnight,307,5,1,480,0.6395833333333333,3.561051526514658,3.8842493688107105,3.9182394044279256,7.192941046713309,8.011194228498384,2.941972598022823,-5.185041156262615,13.127666557271045,0.8794788273615635,3.3622486719098177,4.024954791710389,False,样本不足 / 仅事件观察,0.019543973941368076,0.0,0.0,0.0
SPCX,binance|futures|SPCXUSD1::bitget|futures|SPCXUSDT,perp_perp,reference,7,weekend,129,2,2,576,0.22395833333333334,-0.5765176714318669,-0.6507451031423361,1.3442667025143074,4.571344262453536,5.309220962733229,2.776284252342757,-10.40785793273935,6.721333512569316,0.37209302325581395,1.8174640227869299,2.8468683580945564,False,样本不足 / 仅事件观察,0.007751937984496124,0.0,0.0,0.0
SPCX,binance|futures|SPCXUSD1::bitget|futures|SPCXUSDT,perp_perp,reference,7,holiday,0,0,0,0,0,,,,,,,,,,,,False,样本不足 / 仅事件观察,,,,
SPCX,binance|futures|SPCXUSD1::bitget|futures|SPCXUSDT,perp_perp,reference,30,all,6466,30,5,8640,0.7483796296296297,1.6689390438385974,1.9600797120000735,2.7788391433031245,7.385276452649414,9.464736390999706,5.2315622102888515,-89.51661030435653,26.349570974935066,0.6524899474172595,2.0106865086408354,3.8650107817944646,True,K线收盘代理；达到描述性样本门槛,0.045159294772656976,0.0023198267862666253,0.0009279307145066501,0.0
SPCX,binance|futures|SPCXUSD1::bitget|futures|SPCXUSDT,perp_perp,reference,30,regular,1556,20,5,1560,0.9974358974358974,2.1507254508517732,2.018095592744018,3.2823477612814456,9.315164610071424,12.466969295751863,6.322042723780769,-71.76556581832804,26.349570974935066,0.6690231362467867,2.0780571509582124,4.71474458079435,True,K线收盘代理；达到描述性样本门槛,0.08740359897172237,0.005784061696658098,0.0012853470437017994,0.0
SPCX,binance|futures|SPCXUSD1::bitget|futures|SPCXUSDT,perp_perp,reference,30,non_regular,4910,30,5,7080,0.693502824858757,1.5162588708625278,1.9416847371556134,2.697326278395251,6.9637883008355494,8.718571576764035,4.824904321883246,-89.51661030435653,20.738560342521417,0.6472505091649694,2.0109365389089917,3.4507225771412964,False,样本不足 / 仅事件观察,0.03177189409368635,0.0012219959266802445,0.000814663951120163,0.0
SPCX,binance|futures|SPCXUSD1::bitget|futures|SPCXUSDT,perp_perp,reference,30,pre_market,1253,20,5,1320,0.9492424242424242,1.2405610047785145,1.3840830449840524,2.762812543168902,7.82065300849366,9.822539453867574,4.680590906392891,-28.871391076115138,20.738560342521417,0.6185155626496409,1.990486372173833,4.053803076188023,True,K线收盘代理；达到描述性样本门槛,0.04628890662410216,0.0,0.0,0.0
SPCX,binance|futures|SPCXUSD1::bitget|futures|SPCXUSDT,perp_perp,reference,30,after_market,757,20,5,960,0.7885416666666667,1.7423186768255068,1.969925799460981,3.3967391304334793,9.079426076170627,10.745473743747345,5.186157703086623,-17.228811874626658,20.207651034771512,0.6301188903566711,2.0774525207445382,4.6511532312049075,True,K线收盘代理；达到描述性样本门槛,0.06605019815059446,0.0,0.0,0.0
SPCX,binance|futures|SPCXUSD1::bitget|futures|SPCXUSDT,perp_perp,reference,30,overnight,1380,20,5,1920,0.71875,1.4462727261982864,1.9584163128016918,2.714072578191562,6.728252630191056,8.075696442659707,6.132446024906469,-89.51661030435653,20.132876988121495,0.6427536231884058,2.06759650289573,3.527355576925517,True,K线收盘代理；达到描述性样本门槛,0.030434782608695653,0.004347826086956522,0.002898550724637681,0.0
SPCX,binance|futures|SPCXUSD1::bitget|futures|SPCXUSDT,perp_perp,reference,30,weekend,1280,9,5,2592,0.49382716049382713,1.9184422227416864,2.0166711572711105,2.6640026758184554,5.711180233502615,6.677818625183352,3.0308317883426423,-10.40785793273935,18.176922041202026,0.71484375,1.9864261428281793,3.3406828355730944,False,样本不足 / 仅事件观察,0.00390625,0.0,0.0,0.0
SPCX,binance|futures|SPCXUSD1::bitget|futures|SPCXUSDT,perp_perp,reference,30,holiday,240,1,1,288,0.8333333333333334,0.5000436305317943,0.6638122804691893,1.9909746797519556,4.662691131465779,5.379645077727525,3.0558406816850328,-21.838395870559246,9.998666844419635,0.5166666666666667,1.9909746797519556,1.9909746797519556,False,样本不足 / 仅事件观察,0.004166666666666667,0.0,0.0,0.0
SPCX,binance|futures|SPCXUSD1::bybit|futures|SPCXUSDT,perp_perp,reference,7,all,1302,7,2,2016,0.6458333333333334,4.786877394346986,4.531477590117294,4.554919621436726,10.852977099901741,13.541420112554992,4.891495019408906,-15.55841168910388,27.076423204495104,0.84715821812596,3.6575472871097636,5.642167393111741,False,样本不足 / 仅事件观察,0.1313364055299539,0.0,0.0,0.0
SPCX,binance|futures|SPCXUSD1::bybit|futures|SPCXUSDT,perp_perp,reference,7,regular,388,5,1,390,0.9948717948717949,5.918551406013243,5.186722078910355,5.304039171404318,14.204869251220664,17.740124085528276,6.186262772779862,-11.417825240109813,27.076423204495104,0.8376288659793815,4.370084689404585,6.503007977916031,True,K线收盘代理；达到描述性样本门槛,0.22164948453608246,0.0,0.0,0.0
SPCX,binance|futures|SPCXUSD1::bybit|futures|SPCXUSDT,perp_perp,reference,7,non_regular,914,7,2,1626,0.5621156211562116,4.306473109307043,4.0279274140764265,4.05419106161542,9.745920135608934,11.387081096593143,4.130799970882764,-15.55841168910388,20.738560342521417,0.8512035010940919,3.8879550821646625,5.378061994931738,False,样本不足 / 仅事件观察,0.09299781181619256,0.0,0.0,0.0
SPCX,binance|futures|SPCXUSD1::bybit|futures|SPCXUSDT,perp_perp,reference,7,pre_market,305,5,1,330,0.9242424242424242,5.662427762566561,5.380321474208749,5.411987552430553,11.380373428954371,12.817733976188352,4.549985087936041,-8.543076821975193,20.738560342521417,0.8950819672131147,3.8842493688107105,7.420649720131234,True,K线收盘代理；达到描述性样本门槛,0.18688524590163935,0.0,0.0,0.0
SPCX,binance|futures|SPCXUSD1::bybit|futures|SPCXUSDT,perp_perp,reference,7,after_market,173,5,1,240,0.7208333333333333,4.248267683570907,3.8867655632568443,4.052411184654048,9.998910875335113,13.062649789683526,4.684820147036146,-15.55841168910388,19.565510727297397,0.8439306358381503,2.6210602301124375,4.05734379226419,True,K线收盘代理；达到描述性样本门槛,0.10404624277456648,0.0,0.0,0.0
SPCX,binance|futures|SPCXUSD1::bybit|futures|SPCXUSDT,perp_perp,reference,7,overnight,308,5,1,480,0.6416666666666667,4.316559493057647,4.5313309166239435,4.5313309166239435,8.05255641965763,9.185086368335371,2.795170321675976,-3.2412809542314847,12.470464688894012,0.9090909090909091,3.8885288399215234,5.374899220638163,False,样本不足 / 仅事件观察,0.025974025974025976,0.0,0.0,0.0
SPCX,binance|futures|SPCXUSD1::bybit|futures|SPCXUSDT,perp_perp,reference,7,weekend,128,2,2,576,0.2222222222222222,1.1298853219087,1.3024649162318713,1.9552253916277351,5.2816813012129815,5.980490014508065,3.094222109213318,-11.064826868002475,12.104909213181969,0.6171875,2.809457172338048,4.522884307484043,False,样本不足 / 仅事件观察,0.015625,0.0,0.0,0.0
SPCX,binance|futures|SPCXUSD1::bybit|futures|SPCXUSDT,perp_perp,reference,7,holiday,0,0,0,0,0,,,,,,,,,,,,False,样本不足 / 仅事件观察,,,,
SPCX,binance|futures|SPCXUSD1::bybit|futures|SPCXUSDT,perp_perp,reference,30,all,6464,30,5,8640,0.7481481481481481,1.838346043279446,2.0128824567267056,2.8332630135030623,7.863386789039639,10.3412262937802,5.3129696345765165,-90.1737170136574,27.076423204495104,0.6967821782178217,2.119427231565829,3.3632444978956566,True,K线收盘代理；达到描述性样本门槛,0.055693069306930694,0.002165841584158416,0.001082920792079208,0.0
SPCX,binance|futures|SPCXUSD1::bybit|futures|SPCXUSDT,perp_perp,reference,30,regular,1556,20,5,1560,0.9974358974358974,2.0874295521915966,2.0308005878511004,3.2688285776238946,9.46489564948083,12.76248858520901,6.367528154742907,-71.10579479000512,27.076423204495104,0.6805912596401028,2.5000200941491246,4.056799527598631,True,K线收盘代理；达到描述性样本门槛,0.09190231362467867,0.005141388174807198,0.0012853470437017994,0.0
SPCX,binance|futures|SPCXUSD1::bybit|futures|SPCXUSDT,perp_perp,reference,30,non_regular,4908,30,5,7080,0.6932203389830508,1.7593782478704594,2.0109260336964585,2.7870680585828644,7.356432870101904,9.452848862126272,4.929157803371735,-90.1737170136574,20.90592334494934,0.7019152404237978,2.0927234763487568,3.3538223564463787,False,样本不足 / 仅事件观察,0.04421352893235534,0.0012224938875305623,0.0010187449062754685,0.0
SPCX,binance|futures|SPCXUSD1::bybit|futures|SPCXUSDT,perp_perp,reference,30,pre_market,1253,20,5,1320,0.9492424242424242,1.669701360402588,2.0038741567041107,3.2571168002082374,8.999264759407922,11.069013695753858,5.0642897732523195,-28.217074611193162,20.738560342521417,0.6632083000798085,2.1192835242350716,3.911719389721041,True,K线收盘代理；达到描述性样本门槛,0.07581803671189145,0.0,0.0,0.0
SPCX,binance|futures|SPCXUSD1::bybit|futures|SPCXUSDT,perp_perp,reference,30,after_market,757,20,5,960,0.7885416666666667,1.6690702751920863,2.039151712887044,3.486021055567612,10.069276721181186,11.84263832921006,5.623567363035327,-19.212932290976205,20.90592334494934,0.6816380449141347,2.0082032035650954,4.632723945611761,True,K线收盘代理；达到描述性样本门槛,0.10303830911492734,0.0,0.0,0.0
SPCX,binance|futures|SPCXUSD1::bybit|futures|SPCXUSDT,perp_perp,reference,30,overnight,1380,20,5,1920,0.71875,1.7840054157258676,2.091321027939408,2.842221371653908,6.728162070709143,8.07501699220714,6.094127350050873,-90.1737170136574,20.132876988121495,0.7152173913043478,2.0689439600973802,3.9150650720184976,True,K线收盘代理；达到描述性样本门槛,0.02681159420289855,0.004347826086956522,0.0036231884057971015,0.0
SPCX,binance|futures|SPCXUSD1::bybit|futures|SPCXUSDT,perp_perp,reference,30,weekend,1278,9,5,2592,0.4930555555555556,1.981321490956328,2.010858636638524,2.6171159494392526,5.3582673181624685,6.061136040992839,2.757319821225651,-11.064826868002475,16.828217555195923,0.7503912363067292,1.9630296111317058,2.852050041367571,False,样本不足 / 仅事件观察,0.004694835680751174,0.0,0.0,0.0
SPCX,binance|futures|SPCXUSD1::bybit|futures|SPCXUSDT,perp_perp,reference,30,holiday,240,1,1,288,0.8333333333333334,1.1889587437478264,1.3282418586268996,1.9920985053195617,4.659025893976487,5.983187607211837,2.920268013380585,-20.517572307896526,8.670134720554223,0.6333333333333333,1.9920985053195617,1.9920985053195617,False,样本不足 / 仅事件观察,0.004166666666666667,0.0,0.0,0.0
SPCX,binance|futures|SPCXUSD1::gateio|futures|SPCX_USDT,perp_perp,reference,7,all,1305,7,2,2016,0.6473214285714286,6.911254363159374,6.7028621221254525,6.719526945302423,12.73048952281064,14.904192761967302,4.723440440052796,-17.58420127147442,27.755212564311016,0.9455938697318008,5.939587452050699,7.284300767445573,False,样本不足 / 仅事件观察,0.2153256704980843,0.0,0.0,0.0
SPCX,binance|futures|SPCXUSD1::gateio|futures|SPCX_USDT,perp_perp,reference,7,regular,388,5,1,390,0.9948717948717949,8.309808793877643,7.815816497277472,7.871700651376212,15.647866799402887,18.926975750772623,5.77555616226104,-11.517615176150908,27.755212564311016,0.9381443298969072,6.563405888994067,9.746588858559058,True,K线收盘代理；达到描述性样本门槛,0.33762886597938147,0.0,0.0,0.0
SPCX,binance|futures|SPCXUSD1::gateio|futures|SPCX_USDT,perp_perp,reference,7,non_regular,917,7,2,1626,0.5639606396063961,6.319499598580652,6.078206253798957,6.47081661705684,11.456765346134379,13.126460897899594,4.057003353091687,-17.58420127147442,22.750083640012964,0.9487459105779716,5.781327759266652,7.302035173891719,False,样本不足 / 仅事件观察,0.16357688113413305,0.0,0.0,0.0
SPCX,binance|futures|SPCXUSD1::gateio|futures|SPCX_USDT,perp_perp,reference,7,pre_market,305,5,1,330,0.9242424242424242,7.854666158580151,8.096073404399995,8.096073404399995,12.820392969035591,14.223224620054875,4.408294713717875,-6.032575909913351,22.750083640012964,0.9606557377049181,8.109773311320012,9.185748966604734,True,K线收盘代理；达到描述性样本门槛,0.29508196721311475,0.0,0.0,0.0
SPCX,binance|futures|SPCXUSD1::gateio|futures|SPCX_USDT,perp_perp,reference,7,after_market,174,5,1,240,0.725,5.774170407350057,5.404857671290619,5.8598713575297445,12.10915864944928,14.807024226121124,4.890280182563801,-17.58420127147442,19.565510727297397,0.9022988505747126,4.052411184654048,7.784120427150043,True,K线收盘代理；达到描述性样本门槛,0.1839080459770115,0.0,0.0,0.0
SPCX,binance|futures|SPCXUSD1::gateio|futures|SPCX_USDT,perp_perp,reference,7,overnight,308,5,1,480,0.6416666666666667,6.157690036451003,6.046761732398931,6.046761732398931,9.753338684680646,10.70091735144029,2.8106361450775372,-1.2967645723904742,15.09978991596661,0.987012987012987,5.839984426707634,6.055305120096222,False,样本不足 / 仅事件观察,0.08766233766233766,0.0,0.0,0.0
SPCX,binance|futures|SPCXUSD1::gateio|futures|SPCX_USDT,perp_perp,reference,7,weekend,130,2,2,576,0.22569444444444445,3.8310290109668714,3.9048518817041966,3.9071405018570315,7.17641359344956,7.815808291161241,2.757023613311647,-5.206638464042568,13.451708366962745,0.8923076923076924,4.602479964097572,6.017761216539075,False,样本不足 / 仅事件观察,0.007692307692307693,0.0,0.0,0.0
SPCX,binance|futures|SPCXUSD1::gateio|futures|SPCX_USDT,perp_perp,reference,7,holiday,0,0,0,0,0,,,,,,,,,,,,False,样本不足 / 仅事件观察,,,,
SPCX,binance|futures|SPCXUSD1::gateio|futures|SPCX_USDT,perp_perp,reference,30,all,6477,30,5,8640,0.7496527777777777,4.210525234665162,4.541620709790362,4.7077812899321,9.717165706895514,11.669543879488035,5.321254855317444,-88.20213542012011,27.755212564311016,0.8576501466728423,3.917079522680056,5.977212024494971,True,K线收盘代理；达到描述性样本门槛,0.08676856569399413,0.002007102053419793,0.0010807472595337347,0.0
SPCX,binance|futures|SPCXUSD1::gateio|futures|SPCX_USDT,perp_perp,reference,30,regular,1556,20,5,1560,0.9974358974358974,4.885686457252945,5.167958850427201,5.42207512566284,11.47507441282114,14.312070018479005,6.321916476258022,-67.14532641935888,27.755212564311016,0.8515424164524421,3.971091716396258,6.688467256047992,True,K线收盘代理；达到描述性样本门槛,0.15231362467866325,0.004498714652956298,0.0019280205655526992,0.0
SPCX,binance|futures|SPCXUSD1::gateio|futures|SPCX_USDT,perp_perp,reference,30,non_regular,4921,30,5,7080,0.6950564971751413,3.997042027522997,4.181767493727229,4.649309245483568,9.059143263880909,10.702054794520244,4.94389358888114,-88.20213542012011,23.00132431867441,0.8595813858971754,3.9015216602705793,6.0020784766373625,False,样本不足 / 仅事件观察,0.06604348709611868,0.001219264377159114,0.000812842918106076,0.0
SPCX,binance|futures|SPCXUSD1::gateio|futures|SPCX_USDT,perp_perp,reference,30,pre_market,1253,20,5,1320,0.9492424242424242,4.096019855288103,4.241781548250945,4.932703826368012,10.139676877225055,12.042718329264178,5.058023648872504,-26.90818402572681,22.750083640012964,0.8300079808459697,3.31295112132271,6.590704762740596,True,K线收盘代理；达到描述性样本门槛,0.10454908220271349,0.0,0.0,0.0
SPCX,binance|futures|SPCXUSD1::gateio|futures|SPCX_USDT,perp_perp,reference,30,after_market,758,20,5,960,0.7895833333333333,4.294845129538676,4.727972847649031,5.58269364968389,10.708860067112802,12.611516680772203,5.455692808400461,-17.58420127147442,23.00132431867441,0.8337730870712401,4.0479151663280755,6.790593086020563,True,K线收盘代理；达到描述性样本门槛,0.1266490765171504,0.0,0.0,0.0
SPCX,binance|futures|SPCXUSD1::gateio|futures|SPCX_USDT,perp_perp,reference,30,overnight,1381,20,5,1920,0.7192708333333333,4.085355943117814,4.532211071546222,4.694520823551596,8.75420875420918,10.273532811095887,6.089362921286057,-88.20213542012011,20.132876988121495,0.8740043446777698,3.7772150650849934,5.647308549974195,True,K线收盘代理；达到描述性样本门槛,0.056480811006517015,0.004344677769732078,0.002896451846488052,0.0
SPCX,binance|futures|SPCXUSD1::gateio|futures|SPCX_USDT,perp_perp,reference,30,weekend,1289,9,5,2592,0.4972993827160494,3.917362553490754,4.004805766919528,4.018754186201345,7.381064215257194,8.334945278897404,2.970419234093705,-9.42316753045569,19.265073135923405,0.899922420480993,3.894839337876821,6.390683803165764,False,样本不足 / 仅事件观察,0.013188518231186967,0.0,0.0,0.0
SPCX,binance|futures|SPCXUSD1::gateio|futures|SPCX_USDT,perp_perp,reference,30,holiday,240,1,1,288,0.8333333333333334,2.459506006996149,2.008639897347342,2.6645350859288985,6.6318274768775165,7.37065757343457,3.171859190423545,-17.87487586891845,12.008806458070342,0.7958333333333333,2.6645350859288985,2.6645350859288985,False,样本不足 / 仅事件观察,0.0125,0.0,0.0,0.0
SPCX,binance|futures|SPCXUSD1::okx|futures|SPCX-USDT-SWAP,perp_perp,reference,7,all,1305,7,2,2016,0.6473214285714286,5.382852452330945,5.1756485734633095,5.187058289568558,11.145942057694928,14.76850050521694,5.058419611372612,-14.207428455450533,26.424554509112408,0.8574712643678161,4.2250761336065645,7.056299773174901,False,样本不足 / 仅事件观察,0.1371647509578544,0.0,0.0,0.0
SPCX,binance|futures|SPCXUSD1::okx|futures|SPCX-USDT-SWAP,perp_perp,reference,7,regular,388,5,1,390,0.9948717948717949,6.9010292764353185,5.8711908837616456,5.976792289570376,15.47634974707468,18.997801652484103,6.050943534365144,-9.487023107677128,26.424554509112408,0.904639175257732,5.383580105132735,7.1544720289629105,True,K线收盘代理；达到描述性样本门槛,0.21649484536082475,0.0,0.0,0.0
SPCX,binance|futures|SPCXUSD1::okx|futures|SPCX-USDT-SWAP,perp_perp,reference,7,non_regular,917,7,2,1626,0.5639606396063961,4.740483196330403,4.588960272717824,4.69641060046877,10.076183269018824,11.710820869805794,4.419762590739633,-14.207428455450533,23.420770877944364,0.8375136314067612,4.226854516385936,6.404145257247751,False,样本不足 / 仅事件观察,0.10359869138495092,0.0,0.0,0.0
SPCX,binance|futures|SPCXUSD1::okx|futures|SPCX-USDT-SWAP,perp_perp,reference,7,pre_market,305,5,1,330,0.9242424242424242,6.0358320473227325,5.897771952818598,5.907062221053305,11.636075161959972,13.986302886325413,4.758967847887159,-9.856100926474154,23.420770877944364,0.8721311475409836,5.826751262463237,8.096346532845411,True,K线收盘代理；达到描述性样本门槛,0.18032786885245902,0.0,0.0,0.0
SPCX,binance|futures|SPCXUSD1::okx|futures|SPCX-USDT-SWAP,perp_perp,reference,7,after_market,174,5,1,240,0.725,5.4062244708471425,5.188067466695978,5.36498680947739,10.742148201750679,14.1340296550424,4.527956074681623,-14.207428455450533,18.889563516157892,0.9080459770114943,4.707148140676853,5.188067466695978,True,K线收盘代理；达到描述性样本门槛,0.14367816091954022,0.0,0.0,0.0
SPCX,binance|futures|SPCXUSD1::okx|futures|SPCX-USDT-SWAP,perp_perp,reference,7,overnight,308,5,1,480,0.6416666666666667,4.817235432811004,4.644752862872359,4.644752862872359,8.519229731038136,9.440580802165698,2.9070170090638427,-4.537205081669438,12.470464688894012,0.9253246753246753,4.5313309166239435,5.834875795394101,False,样本不足 / 仅事件观察,0.03571428571428571,0.0,0.0,0.0
SPCX,binance|futures|SPCXUSD1::okx|futures|SPCX-USDT-SWAP,perp_perp,reference,7,weekend,130,2,2,576,0.22569444444444445,0.6284826566796451,0.0,1.9591209053182457,7.398937243561221,9.4178111094384,3.967487774914129,-10.414632558745085,14.125243828613243,0.45384615384615384,2.833211887602327,5.877028791574923,False,样本不足 / 仅事件观察,0.03076923076923077,0.0,0.0,0.0
SPCX,binance|futures|SPCXUSD1::okx|futures|SPCX-USDT-SWAP,perp_perp,reference,7,holiday,0,0,0,0,0,,,,,,,,,,,,False,样本不足 / 仅事件观察,,,,
SPCX,binance|futures|SPCXUSD1::okx|futures|SPCX-USDT-SWAP,perp_perp,reference,30,all,6476,30,5,8640,0.749537037037037,1.0173473568136389,0.7012623583046995,2.67648044022073,8.0895241030976,10.403290708643764,5.60293064748434,-92.1445144182953,26.424554509112408,0.5600679431747992,2.001585676720402,2.8418678203129266,True,K线收盘代理；达到描述性样本门槛,0.05589870290302656,0.0024706609017912293,0.0010809141445336627,0.0
SPCX,binance|futures|SPCXUSD1::okx|futures|SPCX-USDT-SWAP,perp_perp,reference,30,regular,1556,20,5,1560,0.9974358974358974,1.8090897338212852,1.4207068177651827,3.2868788367268476,9.759271472987718,12.877008618900343,6.719335907274736,-73.08484486080569,26.424554509112408,0.6208226221079691,2.3429708383780614,3.7472346035163917,True,K线收盘代理；达到描述性样本门槛,0.09318766066838047,0.005784061696658098,0.0019280205655526992,0.0
SPCX,binance|futures|SPCXUSD1::okx|futures|SPCX-USDT-SWAP,perp_perp,reference,30,non_regular,4920,30,5,7080,0.6949152542372882,0.7669507839226027,0.6704435051563262,2.6590440854057373,7.733112918207895,9.461857351739269,5.1750560968471895,-92.1445144182953,23.420770877944364,0.5408536585365854,1.995895692567945,2.8418678203129266,False,样本不足 / 仅事件观察,0.04410569105691057,0.0014227642276422765,0.0008130081300813008,0.0
SPCX,binance|futures|SPCXUSD1::okx|futures|SPCX-USDT-SWAP,perp_perp,reference,30,pre_market,1253,20,5,1320,0.9492424242424242,0.7440966767652591,0.6682258603407654,2.8310566919120816,9.167814322879941,11.380791255920286,5.433852392005776,-31.487798478089246,23.420770877944364,0.5203511572226656,2.09135005374117,4.636001083949958,True,K线收盘代理；达到描述性样本门槛,0.0782122905027933,0.0007980845969672786,0.0,0.0
SPCX,binance|futures|SPCXUSD1::okx|futures|SPCX-USDT-SWAP,perp_perp,reference,30,after_market,758,20,5,960,0.7895833333333333,1.3947269207005817,1.4238423266821343,3.349412322408707,9.544906510341253,11.300268440357637,5.569751289007522,-18.55164645862328,20.207651034771512,0.604221635883905,1.9565229089837932,4.845033356502826,True,K线收盘代理；达到描述性样本门槛,0.08970976253298153,0.0,0.0,0.0
SPCX,binance|futures|SPCXUSD1::okx|futures|SPCX-USDT-SWAP,perp_perp,reference,30,overnight,1381,20,5,1920,0.7192708333333333,0.940056154569021,1.292741257836738,2.6959627957134913,7.36969047299918,8.529624040416461,6.392078165184978,-92.1445144182953,19.470927890425926,0.5720492396813903,1.9606723918930147,3.629586951437447,True,K线收盘代理；达到描述性样本门槛,0.03041274438812455,0.004344677769732078,0.002896451846488052,0.0
SPCX,binance|futures|SPCXUSD1::okx|futures|SPCX-USDT-SWAP,perp_perp,reference,30,weekend,1288,9,5,2592,0.49691358024691357,0.6733214903384057,0.6662003271773465,1.9972039499260852,4.663557628248327,5.69097305623778,2.9293839424168664,-10.71811361200381,15.47987616099089,0.5512422360248447,1.332445036643648,2.8417163967042747,False,样本不足 / 仅事件观察,0.006211180124223602,0.0,0.0,0.0
SPCX,binance|futures|SPCXUSD1::okx|futures|SPCX-USDT-SWAP,perp_perp,reference,30,holiday,240,1,1,288,0.8333333333333334,-1.5900579749766237,-1.9864261950830464,2.000733604545224,4.681491436524743,6.010845745050108,2.9494674598269297,-21.838395870559246,7.9973342219252785,0.2125,2.000733604545224,2.000733604545224,False,样本不足 / 仅事件观察,0.004166666666666667,0.0,0.0,0.0
SPCX,binance|futures|SPCXUSDT::bitget|futures|SPCXUSDT,perp_perp,comparable,7,all,1985,7,2,2016,0.9846230158730159,-1.5351294992322961,-1.3435442697840028,1.3452613170095162,4.009249098342328,4.704617245782083,1.671523942520128,-6.721333512568206,5.205622071835503,0.11838790931989925,1.2968487068359957,2.0198721061387426,True,K线收盘代理；达到描述性样本门槛,0.0,0.0,0.0,0.0
SPCX,binance|futures|SPCXUSDT::bitget|futures|SPCXUSDT,perp_perp,comparable,7,regular,390,5,1,390,1.0,-0.8678443258639363,-0.6740363243240566,1.3001787759553407,3.246542925572027,3.859178609403491,1.579934558335879,-5.446623093681158,3.9624884427413853,0.2128205128205128,0.6767273496516291,1.3091586565533442,True,K线收盘代理；达到描述性样本门槛,0.0,0.0,0.0,0.0
SPCX,binance|futures|SPCXUSDT::bitget|futures|SPCXUSDT,perp_perp,comparable,7,non_regular,1595,7,2,1626,0.9809348093480935,-1.698290137234591,-1.3489815189515753,1.9387359441647156,4.033125420806805,4.7055660123684895,1.6526682360457565,-6.721333512568206,5.205622071835503,0.09529780564263322,1.295672649765378,2.3515885400765546,True,K线收盘代理；达到描述性样本门槛,0.0,0.0,0.0,0.0
SPCX,binance|futures|SPCXUSDT::bitget|futures|SPCXUSDT,perp_perp,comparable,7,pre_market,330,5,1,330,1.0,-2.031589980384037,-1.9588740897386048,1.9645078907737368,4.594336475889362,4.689144980665083,1.6618756093190017,-6.549646319098379,2.6205450733773894,0.06363636363636363,1.3565760084116585,1.9647008932516252,True,K线收盘代理；达到描述性样本门槛,0.0,0.0,0.0,0.0
SPCX,binance|futures|SPCXUSDT::bitget|futures|SPCXUSDT,perp_perp,comparable,7,after_market,239,5,1,240,0.9958333333333333,-0.9608934837410088,-1.2959243180199476,1.3081300281236885,2.6822595373623415,2.7012608145947636,1.2214449471136977,-4.0333422963168,2.685645226265798,0.1297071129707113,1.2959243180199476,1.3506668933171984,True,K线收盘代理；达到描述性样本门槛,0.0,0.0,0.0,0.0
SPCX,binance|futures|SPCXUSDT::bitget|futures|SPCXUSDT,perp_perp,comparable,7,overnight,474,5,1,480,0.9875,-1.7264295335973145,-1.9420618243365384,1.942187552613217,3.366413974010385,4.034617030582166,1.3851442975169024,-6.706458319363229,1.9461563412259686,0.06329113924050633,1.2947497896043103,2.0202020293630385,True,K线收盘代理；达到描述性样本门槛,0.0,0.0,0.0,0.0
SPCX,binance|futures|SPCXUSDT::bitget|futures|SPCXUSDT,perp_perp,comparable,7,weekend,552,2,2,576,0.9583333333333334,-1.7941429960565443,-1.9504583906926332,1.952934285829877,4.7055660123684895,5.377789728420179,1.906784580817695,-6.721333512568206,5.205622071835503,0.12681159420289856,1.1640983168241525,2.181292359835357,True,K线收盘代理；达到描述性样本门槛,0.0,0.0,0.0,0.0
SPCX,binance|futures|SPCXUSDT::bitget|futures|SPCXUSDT,perp_perp,comparable,7,holiday,0,0,0,0,0,,,,,,,,,,,,False,样本不足 / 仅事件观察,,,,
SPCX,binance|futures|SPCXUSDT::bitget|futures|SPCXUSDT,perp_perp,comparable,30,all,8577,30,5,8640,0.9927083333333333,0.425798788171767,0.0,1.3496187327088904,4.686349333868911,5.989299123152048,2.5833691534636705,-14.635166213673445,17.807677087453566,0.44805876180482684,0.7119543945766083,1.4166253796953077,True,K线收盘代理；达到描述性样本门槛,0.0004663635303719249,0.0,0.0,0.0
SPCX,binance|futures|SPCXUSDT::bitget|futures|SPCXUSDT,perp_perp,comparable,30,regular,1560,20,5,1560,1.0,0.4360306559747371,0.0,1.3501653952607828,3.975537648841621,4.80014315244115,2.4287035320750214,-14.635166213673445,17.807677087453566,0.4641025641025641,0.7107571215383968,2.173739916589146,True,K线收盘代理；达到描述性样本门槛,0.0019230769230769232,0.0,0.0,0.0
SPCX,binance|futures|SPCXUSDT::bitget|futures|SPCXUSDT,perp_perp,comparable,30,non_regular,7017,30,5,7080,0.9911016949152542,0.4235240676683277,0.0,1.349254536868738,4.7055660123684895,5.995203836930418,2.616506643148531,-6.721333512568206,11.413225914738145,0.44449194812597975,0.7109784620418225,1.864374621934617,True,K线收盘代理；达到描述性样本门槛,0.00014251104460595695,0.0,0.0,0.0
SPCX,binance|futures|SPCXUSDT::bitget|futures|SPCXUSDT,perp_perp,comparable,30,pre_market,1320,20,5,1320,1.0,-0.03077326612254733,0.0,1.3602666688883325,4.016252514242646,4.691704731915102,2.2790951488302844,-6.549646319098379,7.4133980320811865,0.40606060606060607,0.7102501159587937,1.9836429975138292,True,K线收盘代理；达到描述性样本门槛,0.0,0.0,0.0,0.0
SPCX,binance|futures|SPCXUSDT::bitget|futures|SPCXUSDT,perp_perp,comparable,30,after_market,959,20,5,960,0.9989583333333333,0.3138669328488386,0.0,1.3456233600228629,3.361480282558116,4.311490427974931,2.066415373771242,-5.57957874180337,7.295881143463134,0.44004171011470283,0.7066212697859342,1.7987534146600426,True,K线收盘代理；达到描述性样本门槛,0.0,0.0,0.0,0.0
SPCX,binance|futures|SPCXUSDT::bitget|futures|SPCXUSDT,perp_perp,comparable,30,overnight,1914,20,5,1920,0.996875,0.040606114701667625,0.0,1.3262599527830154,3.9274232893833365,4.714868342168277,2.2295413367445516,-6.706458319363229,9.325251448746297,0.39237199582027166,0.6985430947864524,1.5517325304402474,True,K线收盘代理；达到描述性样本门槛,0.0,0.0,0.0,0.0
SPCX,binance|futures|SPCXUSDT::bitget|futures|SPCXUSDT,perp_perp,comparable,30,weekend,2536,9,5,2592,0.9783950617283951,0.9481409847867183,0.0,1.952934285829877,6.011020264038436,6.668889629877217,3.1826111171122813,-6.721333512568206,11.413225914738145,0.4842271293375394,0.7107825716112792,2.6898893813409597,True,K线收盘代理；达到描述性样本门槛,0.0003943217665615142,0.0,0.0,0.0
SPCX,binance|futures|SPCXUSDT::bitget|futures|SPCXUSDT,perp_perp,comparable,30,holiday,288,1,1,288,1.0,0.7961286963551111,0.6658676255155704,1.3260401841225233,2.6619815889920018,3.326967748471854,1.423687920885026,-4.65209011763057,5.329425088267392,0.6319444444444444,1.3260401841225233,1.3260401841225233,False,样本不足 / 仅事件观察,0.0,0.0,0.0,0.0
SPCX,binance|futures|SPCXUSDT::bybit|futures|SPCXUSDT,perp_perp,comparable,7,all,1992,7,2,2016,0.9880952380952381,-0.7260654297674555,-0.6723593088142632,1.3100150707945346,2.7137781376910257,3.36157052575059,1.6632569795788898,-7.106861351596772,5.856705928288797,0.2540160642570281,0.9797271357411819,1.3443121369632882,True,K线收盘代理；达到描述性样本门槛,0.0,0.0,0.0,0.0
SPCX,binance|futures|SPCXUSDT::bybit|futures|SPCXUSDT,perp_perp,comparable,7,regular,390,5,1,390,1.0,-0.6809048277463551,-0.6594571698564922,1.3084723641215712,2.714072465733741,3.366844796535595,1.6743872224838432,-6.1270338348407005,3.9403690812367387,0.26153846153846155,1.2711622376748721,1.333957768755445,True,K线收盘代理；达到描述性样本门槛,0.0,0.0,0.0,0.0
SPCX,binance|futures|SPCXUSDT::bybit|futures|SPCXUSDT,perp_perp,comparable,7,non_regular,1602,7,2,1626,0.985239852398524,-0.7370595838175361,-0.6724271264707538,1.3101437896861912,2.706176848656927,3.3611185802628896,1.6603501717973286,-7.106861351596772,5.856705928288797,0.25218476903870163,0.9795005948329272,1.3443121369632882,True,K线收盘代理；达到描述性样本门槛,0.0,0.0,0.0,0.0
SPCX,binance|futures|SPCXUSDT::bybit|futures|SPCXUSDT,perp_perp,comparable,7,pre_market,330,5,1,330,1.0,-0.9672839437279214,-0.6723819319248703,1.3012362239378517,3.3454662457457207,3.9774766804864257,1.796358144542975,-7.106861351596772,4.743833017077925,0.22727272727272727,0.6562973522766802,1.942439074297253,True,K线收盘代理；达到描述性样本门槛,0.0,0.0,0.0,0.0
SPCX,binance|futures|SPCXUSDT::bybit|futures|SPCXUSDT,perp_perp,comparable,7,after_market,239,5,1,240,0.9958333333333333,-1.3296140217653127,-1.3410218586551448,1.3424620754454164,3.3597634726501013,3.8903997170136595,1.4817040817056208,-5.833549390718007,3.9231071008249963,0.13389121338912133,1.3078306485159175,1.3507125008438425,True,K线收盘代理；达到描述性样本门槛,0.0,0.0,0.0,0.0
SPCX,binance|futures|SPCXUSDT::bybit|futures|SPCXUSDT,perp_perp,comparable,7,overnight,479,5,1,480,0.9979166666666667,-1.0433237461144642,-1.2961762799745813,1.3077023669416654,2.690957046665554,3.3590863285171135,1.3731354503827826,-4.696725711218486,3.242962770786395,0.1544885177453027,0.6565341568975924,1.3468920466030987,True,K线收盘代理；达到描述性样本门槛,0.0,0.0,0.0,0.0
SPCX,binance|futures|SPCXUSDT::bybit|futures|SPCXUSDT,perp_perp,comparable,7,weekend,554,2,2,576,0.9618055555555556,-0.07948723150675223,0.0,1.3100579827107772,2.689437235258163,3.259021200349821,1.6660231526076545,-3.3633795237442143,5.856705928288797,0.40252707581227437,1.3129781393153572,1.334259025615736,True,K线收盘代理；达到描述性样本门槛,0.0,0.0,0.0,0.0
SPCX,binance|futures|SPCXUSDT::bybit|futures|SPCXUSDT,perp_perp,comparable,7,holiday,0,0,0,0,0,,,,,,,,,,,,False,样本不足 / 仅事件观察,,,,
SPCX,binance|futures|SPCXUSDT::bybit|futures|SPCXUSDT,perp_perp,comparable,30,all,8587,30,5,8640,0.9938657407407407,0.66319614198334,0.6690753378824077,1.3321787783904249,3.328894806924332,3.997335109926503,1.8506890394286455,-7.106861351596772,9.437778077387993,0.567252824036334,1.2867967747348663,1.3874285966877786,True,K线收盘代理；达到描述性样本门槛,0.0,0.0,0.0,0.0
SPCX,binance|futures|SPCXUSDT::bybit|futures|SPCXUSDT,perp_perp,comparable,30,regular,1560,20,5,1560,1.0,0.37608602420558396,0.6497303646435526,1.3234953526708448,2.816409375532071,3.4353406349229005,1.786459487131936,-6.1270338348407005,7.310913199520819,0.5198717948717949,1.215051151546298,1.351172463136402,True,K线收盘代理；达到描述性样本门槛,0.0,0.0,0.0,0.0
SPCX,binance|futures|SPCXUSDT::bybit|futures|SPCXUSDT,perp_perp,comparable,30,non_regular,7027,30,5,7080,0.9925141242937853,0.7269348332788145,0.6723593088153734,1.334222815211339,3.330890680166565,4.004378135057829,1.8586418250353471,-7.106861351596772,9.437778077387993,0.5777714529671268,1.1146795872536697,1.4013916735408638,True,K线收盘代理；达到描述性样本门槛,0.0,0.0,0.0,0.0
SPCX,binance|futures|SPCXUSDT::bybit|futures|SPCXUSDT,perp_perp,comparable,30,pre_market,1320,20,5,1320,1.0,0.4097786229620619,0.6574622072907932,1.3410668201618847,2.851094475620819,3.515434073842471,1.8433213843136305,-7.106861351596772,9.437778077387993,0.5393939393939394,0.6764830798747234,1.4218831900567053,True,K线收盘代理；达到描述性样本门槛,0.0,0.0,0.0,0.0
SPCX,binance|futures|SPCXUSDT::bybit|futures|SPCXUSDT,perp_perp,comparable,30,after_market,959,20,5,960,0.9989583333333333,0.260072029433111,0.0,1.2896569512488298,2.7014615616587356,3.3591540429304123,1.6853394528119199,-5.833549390718007,9.375837128315911,0.4984358706986444,0.6978915797850593,1.346508979188088,True,K线收盘代理；达到描述性样本门槛,0.0,0.0,0.0,0.0
SPCX,binance|futures|SPCXUSDT::bybit|futures|SPCXUSDT,perp_perp,comparable,30,overnight,1916,20,5,1920,0.9979166666666667,0.3864596557485145,0.6491399142638521,1.3113464263514452,2.6931493045168065,3.3569438496786064,1.662229788987938,-4.696725711218486,9.426339886882129,0.517223382045929,0.6898375934499823,1.3900294779248257,True,K线收盘代理；达到描述性样本门槛,0.0,0.0,0.0,0.0
SPCX,binance|futures|SPCXUSDT::bybit|futures|SPCXUSDT,perp_perp,comparable,30,weekend,2544,9,5,2592,0.9814814814814815,1.230969071487773,1.3011515190930467,1.344989912573924,3.997335109926503,4.673989515391552,1.9635869782534447,-3.5549235691445524,7.949125596184992,0.6438679245283019,1.3023376961651678,1.991701247008315,True,K线收盘代理；达到描述性样本门槛,0.0,0.0,0.0,0.0
SPCX,binance|futures|SPCXUSDT::bybit|futures|SPCXUSDT,perp_perp,comparable,30,holiday,288,1,1,288,1.0,1.5479590160934236,1.3355592654429316,1.33721124744135,3.3217961503626547,3.9828226979807813,1.3931348618213404,-2.6556898154295183,6.0277275467157665,0.8368055555555556,1.33721124744135,1.33721124744135,False,样本不足 / 仅事件观察,0.0,0.0,0.0,0.0
SPCX,binance|futures|SPCXUSDT::gateio|futures|SPCX_USDT,perp_perp,comparable,7,all,2013,7,2,2016,0.9985119047619048,1.4362895441160661,1.3448994687625948,1.3563000135619063,4.079503728310561,4.722956559263465,2.0240308530000704,-4.742868758045304,7.217847769027674,0.7113760556383507,1.3374818305023073,2.6055607428987493,True,K线收盘代理；达到描述性样本门槛,0.0,0.0,0.0,0.0
SPCX,binance|futures|SPCXUSDT::gateio|futures|SPCX_USDT,perp_perp,comparable,7,regular,390,5,1,390,1.0,1.708944284223666,1.3511687609768508,1.9467879312995429,4.559875679320369,5.262258132333164,2.126147257004191,-4.742868758045304,7.0739549839227145,0.7128205128205128,0.6797866106372785,2.6050999490889737,True,K线收盘代理；达到描述性样本门槛,0.0,0.0,0.0,0.0
SPCX,binance|futures|SPCXUSDT::gateio|futures|SPCX_USDT,perp_perp,comparable,7,non_regular,1623,7,2,1626,0.9981549815498155,1.3707717692288426,1.3417415805716537,1.3515339910785684,3.9293245922435993,4.585923836129657,1.993165056148733,-4.05542412977411,7.217847769027674,0.7110289587184226,1.3412691982012115,1.9699916443599585,True,K线收盘代理；达到描述性样本门槛,0.0,0.0,0.0,0.0
SPCX,binance|futures|SPCXUSDT::gateio|futures|SPCX_USDT,perp_perp,comparable,7,pre_market,330,5,1,330,1.0,1.2579464292681173,1.3519914242821063,1.9519177777904684,3.2790990024003097,3.9106427591231174,1.922053557813955,-4.017946829170116,5.838090295797738,0.7242424242424242,1.3409769031796914,1.9641220374500001,True,K线收盘代理；达到描述性样本门槛,0.0,0.0,0.0,0.0
SPCX,binance|futures|SPCXUSDT::gateio|futures|SPCX_USDT,perp_perp,comparable,7,after_market,240,5,1,240,1.0,0.5221828222513278,0.0,1.3430480611714701,3.2921756837104295,3.8913155572833924,1.9308535684604615,-4.05542412977411,5.1910972681845635,0.4666666666666667,0.672427162956013,1.351305700673655,True,K线收盘代理；达到描述性样本门槛,0.0,0.0,0.0,0.0
SPCX,binance|futures|SPCXUSDT::gateio|futures|SPCX_USDT,perp_perp,comparable,7,overnight,480,5,1,480,1.0,0.7777657443249093,0.6724949562886273,1.3451256147944957,3.2385726974641926,3.893398770473233,1.9038519381712613,-3.362248671912038,6.493506493505663,0.6041666666666666,1.341921637818544,1.9462826084248874,True,K线收盘代理；达到描述性样本门槛,0.0,0.0,0.0,0.0
SPCX,binance|futures|SPCXUSDT::gateio|futures|SPCX_USDT,perp_perp,comparable,7,weekend,573,2,2,576,0.9947916666666666,2.2879386128859647,1.9637363356683757,1.9637363356683757,4.585593378931385,5.223227714928669,1.7556503194840603,-1.3456233600206424,7.217847769027674,0.8952879581151832,1.480912670192569,3.09729569641759,True,K线收盘代理；达到描述性样本门槛,0.0,0.0,0.0,0.0
SPCX,binance|futures|SPCXUSDT::gateio|futures|SPCX_USDT,perp_perp,comparable,7,holiday,0,0,0,0,0,,,,,,,,,,,,False,样本不足 / 仅事件观察,,,,
SPCX,binance|futures|SPCXUSDT::gateio|futures|SPCX_USDT,perp_perp,comparable,30,all,8636,30,5,8640,0.999537037037037,3.084554848167595,3.3214867011110982,3.3225902950584363,5.5083155805335515,6.0524546065909846,2.034964009902102,-4.742868758045304,12.399256044637319,0.9085224641037517,2.053441622122121,4.016501217558311,True,K线收盘代理；达到描述性样本门槛,0.0004631773969430292,0.0,0.0,0.0
SPCX,binance|futures|SPCXUSDT::gateio|futures|SPCX_USDT,perp_perp,comparable,30,regular,1560,20,5,1560,1.0,3.1748447747270854,3.306878321343021,3.3098336060211064,5.934365915323925,6.6029046300514205,2.250332218116266,-4.742868758045304,12.399256044637319,0.8826923076923077,2.061679059260635,4.668581256366822,True,K线收盘代理；达到描述性样本门槛,0.002564102564102564,0.0,0.0,0.0
SPCX,binance|futures|SPCXUSDT::gateio|futures|SPCX_USDT,perp_perp,comparable,30,non_regular,7076,30,5,7080,0.9994350282485875,3.0646492114473003,3.323142363418352,3.3238050920680884,5.372552976071754,6.0298477514203475,1.9837881831771103,-4.05542412977411,9.328979809424265,0.9142170717919729,2.0359261549779406,4.015081608366722,True,K线收盘代理；达到描述性样本门槛,0.0,0.0,0.0,0.0
SPCX,binance|futures|SPCXUSDT::gateio|futures|SPCX_USDT,perp_perp,comparable,30,pre_market,1320,20,5,1320,1.0,2.864338433599756,3.2360365160466475,3.2366649404469428,5.398875686350335,5.807186205324276,2.0860714330028673,-4.017946829170116,9.055627425615942,0.8871212121212121,1.9612297734897255,4.086652412868541,True,K线收盘代理；达到描述性样本门槛,0.0,0.0,0.0,0.0
SPCX,binance|futures|SPCXUSDT::gateio|futures|SPCX_USDT,perp_perp,comparable,30,after_market,960,20,5,960,1.0,2.941946802692093,3.3692722524958363,3.36961283531223,5.240610852965677,5.601658908131245,2.0778219901674535,-4.05542412977411,9.07884628814859,0.8583333333333333,2.472105470365804,4.32298938232517,True,K线收盘代理；达到描述性样本门槛,0.0,0.0,0.0,0.0
SPCX,binance|futures|SPCXUSDT::gateio|futures|SPCX_USDT,perp_perp,comparable,30,overnight,1920,20,5,1920,1.0,2.702883503444316,2.7172069121184084,2.7185917726035846,5.193152829964687,5.699365656723909,2.047567103494989,-3.362248671912038,9.257940464322267,0.8802083333333334,1.9568225568347697,4.072904219886986,True,K线收盘代理；达到描述性样本门槛,0.0,0.0,0.0,0.0
SPCX,binance|futures|SPCXUSDT::gateio|futures|SPCX_USDT,perp_perp,comparable,30,weekend,2588,9,5,2592,0.9984567901234568,3.500838127819113,3.5566936975373054,3.5566936975373054,5.888742055019103,6.400682739491348,1.8016930748694873,-1.3456233600206424,9.326493904469046,0.9698608964451314,2.6509377808781043,4.270006766250445,True,K线收盘代理；达到描述性样本门槛,0.0,0.0,0.0,0.0
SPCX,binance|futures|SPCXUSDT::gateio|futures|SPCX_USDT,perp_perp,comparable,30,holiday,288,1,1,288,1.0,2.8838776245002045,2.9985224566264623,2.9985224566264623,4.665360522457362,5.305479698313298,1.5445354349034064,-1.9960079840319889,9.328979809424265,0.9513888888888888,2.9985224566264623,2.9985224566264623,False,样本不足 / 仅事件观察,0.0,0.0,0.0,0.0
SPCX,binance|futures|SPCXUSDT::okx|futures|SPCX-USDT-SWAP,perp_perp,comparable,7,all,2014,7,2,2016,0.9990079365079365,0.20592816191088853,0.0,0.6777363636689682,2.0317504183611224,2.6909479901094935,1.4207087297509666,-4.69389123583408,4.71031559114321,0.4399205561072492,0.6554060245525517,1.0087086401996959,True,K线收盘代理；达到描述性样本门槛,0.0,0.0,0.0,0.0
SPCX,binance|futures|SPCXUSDT::okx|futures|SPCX-USDT-SWAP,perp_perp,comparable,7,regular,390,5,1,390,1.0,0.31836665665754044,0.0,0.6754931130525943,2.020801251931159,2.6787658330094666,1.2448142991682334,-3.366096674295438,3.3981242354230723,0.4897435897435897,0.6565126050439574,0.6772773450736125,True,K线收盘代理；达到描述性样本门槛,0.0,0.0,0.0,0.0
SPCX,binance|futures|SPCXUSDT::okx|futures|SPCX-USDT-SWAP,perp_perp,comparable,7,non_regular,1624,7,2,1626,0.998769987699877,0.17892630664537482,0.0,1.2944564914363355,2.5927066326520976,2.691065662003833,1.4585066308406194,-4.69389123583408,4.71031559114321,0.42795566502463056,0.6557834185488831,1.0075168762635478,True,K线收盘代理；达到描述性样本门槛,0.0,0.0,0.0,0.0
SPCX,binance|futures|SPCXUSDT::okx|futures|SPCX-USDT-SWAP,perp_perp,comparable,7,pre_market,330,5,1,330,1.0,-0.5986784817548101,-0.6559314623016954,0.6773232310686161,2.0034860665592014,2.0186053165350826,1.1026052302655764,-3.2478077297815044,2.7069093862075455,0.21818181818181817,0.6509357759498791,1.3103154598514966,True,K线收盘代理；达到描述性样本门槛,0.0,0.0,0.0,0.0
SPCX,binance|futures|SPCXUSDT::okx|futures|SPCX-USDT-SWAP,perp_perp,comparable,7,after_market,240,5,1,240,1.0,0.05079201932347196,0.0,0.6724045185579897,1.9457019561923694,2.0165762724180247,1.106985636381833,-4.69389123583408,2.6890756302511143,0.4,0.655114809573476,0.6740137504523958,True,K线收盘代理；达到描述性样本门槛,0.0,0.0,0.0,0.0
SPCX,binance|futures|SPCXUSDT::okx|futures|SPCX-USDT-SWAP,perp_perp,comparable,7,overnight,480,5,1,480,1.0,-0.21304373172652963,-0.6473748948010449,0.6738771529596344,2.0141527932785452,2.6836992201775267,1.2981371366264243,-4.025494800402596,4.037141703674418,0.30833333333333335,0.6562325864856167,0.9828678805196001,True,K线收盘代理；达到描述性样本门槛,0.0,0.0,0.0,0.0
SPCX,binance|futures|SPCXUSDT::okx|futures|SPCX-USDT-SWAP,perp_perp,comparable,7,weekend,574,2,2,576,0.9965277777777778,1.0073364591677298,1.3060799407227375,1.3451708366951642,2.6912467200435053,3.363684987636284,1.492913510071597,-2.6075619295951036,4.71031559114321,0.6602787456445993,0.9953785641458879,1.6772351688754128,True,K线收盘代理；达到描述性样本门槛,0.0,0.0,0.0,0.0
SPCX,binance|futures|SPCXUSDT::okx|futures|SPCX-USDT-SWAP,perp_perp,comparable,7,holiday,0,0,0,0,0,,,,,,,,,,,,False,样本不足 / 仅事件观察,,,,
SPCX,binance|futures|SPCXUSDT::okx|futures|SPCX-USDT-SWAP,perp_perp,comparable,30,all,8637,30,5,8640,0.9996527777777777,0.02950576124769404,0.0,1.3393156097241121,3.3295598321902986,3.981472980542298,1.9804698164613166,-8.451299387280953,9.92588671254735,0.43880977191154336,0.7117312601709336,1.9864644403862208,True,K线收盘代理；达到描述性样本门槛,0.0,0.0,0.0,0.0
SPCX,binance|futures|SPCXUSDT::okx|futures|SPCX-USDT-SWAP,perp_perp,comparable,30,regular,1560,20,5,1560,1.0,0.10561344910800874,0.0,1.3477997169608624,3.376963793159438,4.027791849435025,2.0877389638150787,-7.123014459718968,9.92588671254735,0.4724358974358974,0.6776733007751723,1.957801403059678,True,K线收盘代理；达到描述性样本门槛,0.0,0.0,0.0,0.0
SPCX,binance|futures|SPCXUSDT::okx|futures|SPCX-USDT-SWAP,perp_perp,comparable,30,non_regular,7077,30,5,7080,0.9995762711864407,0.01272916197369504,0.0,1.3369877665625474,3.3284516043141643,3.946797709949656,1.9556347301254298,-8.451299387280953,8.021390374330917,0.4313974848099477,0.6983408849065009,1.9601282941214548,True,K线收盘代理；达到描述性样本门槛,0.0,0.0,0.0,0.0
SPCX,binance|futures|SPCXUSDT::okx|futures|SPCX-USDT-SWAP,perp_perp,comparable,30,pre_market,1320,20,5,1320,1.0,-0.5038769673929409,-0.32016392392864024,1.3392259274147555,3.386088662133524,4.237018837563499,2.0777433621020474,-8.451299387280953,4.549886252842583,0.36666666666666664,0.6996760064903462,1.5384006295028618,True,K线收盘代理；达到描述性样本门槛,0.0,0.0,0.0,0.0
SPCX,binance|futures|SPCXUSDT::okx|futures|SPCX-USDT-SWAP,perp_perp,comparable,30,after_market,960,20,5,960,1.0,0.053015023627020486,0.0,1.2903226021276915,2.6238646025613654,2.8377045834795944,1.5195491281945601,-5.670139627189652,4.053506282934993,0.43645833333333334,0.6736170944568465,1.358606892254699,True,K线收盘代理；达到描述性样本门槛,0.0,0.0,0.0,0.0
SPCX,binance|futures|SPCXUSDT::okx|futures|SPCX-USDT-SWAP,perp_perp,comparable,30,overnight,1920,20,5,1920,1.0,-0.3190824274675296,0.0,1.3294778490446912,3.32849592457507,3.5587188612107856,1.8708957105092312,-5.880815473079393,4.725897920605515,0.365625,0.6885420863306235,1.4729982532929453,True,K线收盘代理；达到描述性样本门槛,0.0,0.0,0.0,0.0
SPCX,binance|futures|SPCXUSDT::okx|futures|SPCX-USDT-SWAP,perp_perp,comparable,30,weekend,2589,9,5,2592,0.9988425925925926,0.6451859799026436,0.6660893891963227,1.3455328310008063,3.3508021844510516,3.9980276439566254,1.9771068063574544,-5.334044539271332,8.021390374330917,0.5542680571649286,0.7115411982372422,2.0181634712401753,True,K线收盘代理；达到描述性样本门槛,0.0,0.0,0.0,0.0
SPCX,binance|futures|SPCXUSDT::okx|futures|SPCX-USDT-SWAP,perp_perp,comparable,30,holiday,288,1,1,288,1.0,-1.227224957172588,-1.3296104300225542,1.3296988232169848,2.653452475801288,2.6618132964435492,0.9619808107925398,-4.656112810961233,1.3302294645822776,0.04513888888888889,1.3296988232169848,1.3296988232169848,False,样本不足 / 仅事件观察,0.0,0.0,0.0,0.0
SPCX,bitget|futures|SPCXUSDT::bybit|futures|SPCXUSDT,perp_perp,comparable,7,all,1963,7,2,2016,0.9737103174603174,0.7967125000533376,0.6723593088153734,1.3127666557255502,3.250003269772872,3.8976490126247922,1.7159375498757719,-5.833549390718007,7.129893699766576,0.6158940397350994,1.303524988645055,1.344070789020546,True,K线收盘代理；达到描述性样本门槛,0.0,0.0,0.0,0.0
SPCX,bitget|futures|SPCXUSDT::bybit|futures|SPCXUSDT,perp_perp,comparable,7,regular,390,5,1,390,1.0,0.18707760697455028,0.0,1.2971431092895225,2.691572756146954,3.2873542621109086,1.6568526366363663,-4.035241105656562,6.551362683440143,0.47692307692307695,0.6707583533610562,1.3115614364256345,True,K线收盘代理；达到描述性样本门槛,0.0,0.0,0.0,0.0
SPCX,bitget|futures|SPCXUSDT::bybit|futures|SPCXUSDT,perp_perp,comparable,7,non_regular,1573,7,2,1626,0.9674046740467405,0.9478616470976651,0.674536256322078,1.340931947704238,3.2616224340751283,3.9137982858177254,1.6967198745152055,-5.833549390718007,7.129893699766576,0.6503496503496503,1.30360537401647,1.3446317111243111,True,K线收盘代理；达到描述性样本门槛,0.0,0.0,0.0,0.0
SPCX,bitget|futures|SPCXUSDT::bybit|futures|SPCXUSDT,perp_perp,comparable,7,pre_market,330,5,1,330,1.0,1.064664299865319,1.3022105368309944,1.3398996329760937,3.2932541484758118,3.929041527003574,1.8179192501909405,-5.814704742215238,7.129893699766576,0.6818181818181818,1.3349354697433924,1.9467882018375793,True,K线收盘代理；达到描述性样本门槛,0.0,0.0,0.0,0.0
SPCX,bitget|futures|SPCXUSDT::bybit|futures|SPCXUSDT,perp_perp,comparable,7,after_market,238,5,1,240,0.9916666666666667,-0.3702300688654333,-0.6482561908460749,1.2959243180188373,2.1980959581964283,2.690275670498565,1.4873215506832795,-5.833549390718007,4.052137502532638,0.29411764705882354,0.6566203756369626,1.3450352622296213,True,K线收盘代理；达到描述性样本门槛,0.0,0.0,0.0,0.0
SPCX,bitget|futures|SPCXUSDT::bybit|futures|SPCXUSDT,perp_perp,comparable,7,overnight,473,5,1,480,0.9854166666666667,0.697698102805745,0.6709608158894653,1.306250408201759,2.669982201995769,3.252829935131096,1.488531269505147,-3.3527794541665656,4.5907660020994,0.6025369978858351,1.2945821736043417,1.346121525576116,True,K线收盘代理；达到描述性样本门槛,0.0,0.0,0.0,0.0
SPCX,bitget|futures|SPCXUSDT::bybit|futures|SPCXUSDT,perp_perp,comparable,7,weekend,532,2,2,576,0.9236111111111112,1.6875013264885856,1.3451708366951642,1.3452613170117367,3.903683126515123,4.034698406294446,1.4539874133275241,-2.017349203147223,6.4977257959708545,0.8327067669172933,1.4873569536605347,1.8403234663461054,True,K线收盘代理；达到描述性样本门槛,0.0,0.0,0.0,0.0
SPCX,bitget|futures|SPCXUSDT::bybit|futures|SPCXUSDT,perp_perp,comparable,7,holiday,0,0,0,0,0,,,,,,,,,,,,False,样本不足 / 仅事件观察,,,,
SPCX,bitget|futures|SPCXUSDT::bybit|futures|SPCXUSDT,perp_perp,comparable,30,all,8528,30,5,8640,0.987037037037037,0.23828017654832684,0.0,1.3498009105156195,3.3981474916178205,4.0502227622496445,2.1357478333550874,-11.857707509881354,14.656616415411605,0.49437148217636023,1.3094584875154858,1.9538528777313102,True,K线收盘代理；达到描述性样本门槛,0.00035178236397748593,0.0,0.0,0.0
SPCX,bitget|futures|SPCXUSDT::bybit|futures|SPCXUSDT,perp_perp,comparable,30,regular,1560,20,5,1560,1.0,-0.05955184917856962,0.0,1.3546464372798939,3.477124257152076,4.33920588067837,2.2576858037844065,-11.857707509881354,14.656616415411605,0.44294871794871793,0.9192178190431388,2.00023420490289,True,K线收盘代理；达到描述性样本门槛,0.0019230769230769232,0.0,0.0,0.0
SPCX,bitget|futures|SPCXUSDT::bybit|futures|SPCXUSDT,perp_perp,comparable,30,non_regular,6968,30,5,7080,0.984180790960452,0.30495898827822904,0.6469770060602009,1.3485267345436647,3.3763936096949942,4.035241105655452,2.1017076190987414,-7.993072670352541,8.592200925312543,0.5058840413318025,1.3072017855776663,1.9541614982476752,True,K线收盘代理；达到描述性样本门槛,0.0,0.0,0.0,0.0
SPCX,bitget|futures|SPCXUSDT::bybit|futures|SPCXUSDT,perp_perp,comparable,30,pre_market,1320,20,5,1320,1.0,0.4408490464538062,0.6488455912023738,1.3498464688005418,3.3887277416638772,4.070098803758857,2.0296940366397407,-6.7335532960743905,7.6187837650643075,0.521969696969697,1.2218539122439698,1.6914692221667305,True,K线收盘代理；达到描述性样本门槛,0.0,0.0,0.0,0.0
SPCX,bitget|futures|SPCXUSDT::bybit|futures|SPCXUSDT,perp_perp,comparable,30,after_market,958,20,5,960,0.9979166666666667,-0.053575120086097966,0.0,1.3468466967025972,3.3478409580603996,3.976485723381773,2.013495083582511,-5.9836447044747665,8.03643182426983,0.4133611691022965,1.2351242337611812,1.9412605873395106,True,K线收盘代理；达到描述性样本门槛,0.0,0.0,0.0,0.0
SPCX,bitget|futures|SPCXUSDT::bybit|futures|SPCXUSDT,perp_perp,comparable,30,overnight,1910,20,5,1920,0.9947916666666666,0.35599885547887494,0.6473120374461683,1.3468920466008782,3.3201217003938646,3.9319513015608765,1.9393850362498346,-5.99121288776483,7.190012419111547,0.5115183246073298,1.0337024849757515,1.9373331066671606,True,K线收盘代理；达到描述性样本门槛,0.0,0.0,0.0,0.0
SPCX,bitget|futures|SPCXUSDT::bybit|futures|SPCXUSDT,perp_perp,comparable,30,weekend,2492,9,5,2592,0.9614197530864198,0.2800348233296553,0.6544716784384619,1.421767256698514,3.9761959414392756,4.580687173368236,2.302126005155957,-7.993072670352541,8.592200925312543,0.5168539325842697,1.3312920189034738,1.9638648860964558,True,K线收盘代理；达到描述性样本门槛,0.0,0.0,0.0,0.0
SPCX,bitget|futures|SPCXUSDT::bybit|futures|SPCXUSDT,perp_perp,comparable,30,holiday,288,1,1,288,1.0,0.7519231261944631,0.666022851231185,1.329477849043581,2.8788902688482514,3.9777647787339054,1.7224768543320945,-4.020908725371752,6.002000666889273,0.6076388888888888,1.329477849043581,1.329477849043581,False,样本不足 / 仅事件观察,0.0,0.0,0.0,0.0
SPCX,bitget|futures|SPCXUSDT::gateio|futures|SPCX_USDT,perp_perp,comparable,7,all,1982,7,2,2016,0.9831349206349206,2.972101685452227,3.2392860647512123,3.2406507362781056,5.704056996441304,6.438300161259458,2.0592254721981305,-4.057892601109225,10.374116579134895,0.8920282542885973,2.0190606061154526,3.9791521605841984,True,K线收盘代理；达到描述性样本门槛,0.0010090817356205853,0.0,0.0,0.0
SPCX,bitget|futures|SPCXUSDT::gateio|futures|SPCX_USDT,perp_perp,comparable,7,regular,390,5,1,390,1.0,2.577182277667174,2.6109660574435978,2.6214906776822477,5.763482376385466,6.493284894381945,2.329088144312753,-3.396508389376107,10.300650228545205,0.8307692307692308,2.016264980174709,3.259565668733977,True,K线收盘代理；达到描述性样本门槛,0.002564102564102564,0.0,0.0,0.0
SPCX,bitget|futures|SPCXUSDT::gateio|futures|SPCX_USDT,perp_perp,comparable,7,non_regular,1592,7,2,1626,0.9790897908979089,3.068847017761379,3.2552083885217797,3.256162318200362,5.401142765592894,6.054673710324643,1.9755337840810487,-4.057892601109225,10.374116579134895,0.907035175879397,2.3436515548691528,3.8098691634347315,True,K线收盘代理；达到描述性样本门槛,0.000628140703517588,0.0,0.0,0.0
SPCX,bitget|futures|SPCXUSDT::gateio|futures|SPCX_USDT,perp_perp,comparable,7,pre_market,330,5,1,330,1.0,3.2903131336618268,3.2835338781345147,3.2835338781345147,5.826110055576539,6.477649114731143,1.7600408207559497,-0.6742633672707221,10.374116579134895,0.9606060606060606,2.6702273976697555,3.6103751653293603,True,K线收盘代理；达到描述性样本门槛,0.0030303030303030303,0.0,0.0,0.0
SPCX,bitget|futures|SPCXUSDT::gateio|futures|SPCX_USDT,perp_perp,comparable,7,after_market,239,5,1,240,0.9958333333333333,1.4855156565045862,1.3423719712712945,1.351442665045166,4.039337245257402,5.18746191243058,2.118028827246595,-4.057892601109225,7.131742738588631,0.6694560669456067,0.6764755816685009,1.9621951177350994,True,K线收盘代理；达到描述性样本门槛,0.0,0.0,0.0,0.0
SPCX,bitget|futures|SPCXUSDT::gateio|futures|SPCX_USDT,perp_perp,comparable,7,overnight,474,5,1,480,0.9875,2.4964300485523534,2.591177085665697,2.591177085665697,5.039282727312239,5.836160642225585,1.8582289571950619,-2.0210185933711156,8.43608046722899,0.8839662447257384,2.0126123708563703,2.689979825152289,True,K线收盘代理；达到描述性样本门槛,0.0,0.0,0.0,0.0
SPCX,bitget|futures|SPCXUSDT::gateio|futures|SPCX_USDT,perp_perp,comparable,7,weekend,549,2,2,576,0.953125,4.119225925772862,4.035241105655452,4.035241105655452,6.05326876513379,6.53059284695079,1.4191238585256958,-0.6506604203260213,7.399932727882863,0.9981785063752276,4.1639576904328734,4.4230188485983035,True,K线收盘代理；达到描述性样本门槛,0.0,0.0,0.0,0.0
SPCX,bitget|futures|SPCXUSDT::gateio|futures|SPCX_USDT,perp_perp,comparable,7,holiday,0,0,0,0,0,,,,,,,,,,,,False,样本不足 / 仅事件观察,,,,
SPCX,bitget|futures|SPCXUSDT::gateio|futures|SPCX_USDT,perp_perp,comparable,30,all,8573,30,5,8640,0.9922453703703704,2.6599138652045657,2.6815043239269976,2.69323996768156,5.899705014746903,6.557119070934814,2.5397842655928247,-10.092854259184936,14.656616415411605,0.8137174851277266,1.4229305632332268,4.265302028685913,True,K线收盘代理；达到描述性样本门槛,0.0008165169718884871,0.0,0.0,0.0
SPCX,bitget|futures|SPCXUSDT::gateio|futures|SPCX_USDT,perp_perp,comparable,30,regular,1560,20,5,1560,1.0,2.7390558710980044,2.647166530179712,2.6898893813409597,5.994684830220587,6.968825754315565,2.527509027683539,-10.092854259184936,14.656616415411605,0.8307692307692308,1.3643998464103746,4.302096730937343,True,K线收盘代理；达到描述性样本门槛,0.002564102564102564,0.0,0.0,0.0
SPCX,bitget|futures|SPCXUSDT::gateio|futures|SPCX_USDT,perp_perp,comparable,30,non_regular,7013,30,5,7080,0.9905367231638418,2.6423091982726157,2.6854649211149884,2.6945099360076163,5.8931377684645625,6.54767361830455,2.542171795500065,-5.996002664889755,10.679196924392453,0.8099244260658777,1.4207321428902353,4.265302028685913,True,K线收盘代理；达到描述性样本门槛,0.00042777698559817484,0.0,0.0,0.0
SPCX,bitget|futures|SPCXUSDT::gateio|futures|SPCX_USDT,perp_perp,comparable,30,pre_market,1320,20,5,1320,1.0,2.895455078014676,2.701607456436772,2.716284135844127,6.242934128326994,6.9283025899993245,2.4178911060920236,-4.912625447400787,10.374116579134895,0.8545454545454545,1.4185865005247877,4.942317648172489,True,K线收盘代理；达到描述性样本门槛,0.0007575757575757576,0.0,0.0,0.0
SPCX,bitget|futures|SPCXUSDT::gateio|futures|SPCX_USDT,perp_perp,comparable,30,after_market,959,20,5,960,0.9989583333333333,2.631354195040274,2.6761222987881084,2.6822235633328084,5.847695049475024,6.556302308960538,2.413806448843951,-4.057892601109225,10.500525026251317,0.8133472367049009,1.3519068157125114,4.39131445060803,True,K线收盘代理；达到描述性样本门槛,0.0010427528675703858,0.0,0.0,0.0
SPCX,bitget|futures|SPCXUSDT::gateio|futures|SPCX_USDT,perp_perp,comparable,30,overnight,1914,20,5,1920,0.996875,2.6665789189653317,2.624585832977644,2.663293161994096,5.839870749357434,6.475761621191456,2.4078773261893085,-5.99121288776483,10.679196924392453,0.8333333333333334,1.396525042466068,4.265858422982383,True,K线收盘代理；达到描述性样本门槛,0.0005224660397074191,0.0,0.0,0.0
SPCX,bitget|futures|SPCXUSDT::gateio|futures|SPCX_USDT,perp_perp,comparable,30,weekend,2532,9,5,2592,0.9768518518518519,2.5592189553727884,2.845152571306908,3.270539110764581,5.894681687188541,6.5479308538507475,2.788663375770666,-5.996002664889755,9.822539453867574,0.7665876777251185,1.9880057011312235,4.265908282972131,True,K线收盘代理；达到描述性样本门槛,0.0,0.0,0.0,0.0
SPCX,bitget|futures|SPCXUSDT::gateio|futures|SPCX_USDT,perp_perp,comparable,30,holiday,288,1,1,288,1.0,2.0877450887476168,1.995410557928956,1.9964065479266546,4.639725366787806,5.328717264148075,1.8988702968249895,-2.6718322089391844,8.662624108748407,0.8194444444444444,1.9964065479266546,1.9964065479266546,False,样本不足 / 仅事件观察,0.0,0.0,0.0,0.0
SPCX,bitget|futures|SPCXUSDT::okx|futures|SPCX-USDT-SWAP,perp_perp,comparable,7,all,1983,7,2,2016,0.9836309523809523,1.724038392827461,1.3079589300901695,1.340931947704238,4.708731333242788,6.054449686624608,2.189253782872867,-5.852897184106531,8.747728954983103,0.7276853252647504,0.9833422103444622,2.3507694485003228,True,K线收盘代理；达到描述性样本门槛,0.0,0.0,0.0,0.0
SPCX,bitget|futures|SPCXUSDT::okx|futures|SPCX-USDT-SWAP,perp_perp,comparable,7,regular,390,5,1,390,1.0,1.1865207032820282,1.2957565337679,1.3145787286483746,3.3747757768051168,4.309788070251046,1.7856348097444332,-4.502476361998298,7.079418200541809,0.6948717948717948,1.298827842138861,1.3126374520688877,True,K线收盘代理；达到描述性样本门槛,0.0,0.0,0.0,0.0
SPCX,bitget|futures|SPCXUSDT::okx|futures|SPCX-USDT-SWAP,perp_perp,comparable,7,non_regular,1593,7,2,1626,0.9797047970479705,1.8556340607011073,1.3095861707701495,1.3421017313119954,4.715582994482492,6.724406936502447,2.25777680219475,-5.852897184106531,8.747728954983103,0.7357187696170747,0.9828266230904603,2.3531021648970363,True,K线收盘代理；达到描述性样本门槛,0.0,0.0,0.0,0.0
SPCX,bitget|futures|SPCXUSDT::okx|futures|SPCX-USDT-SWAP,perp_perp,comparable,7,pre_market,330,5,1,330,1.0,1.4334198554044002,1.3138019438097004,1.3403927350696954,3.8953198930368194,4.018956187727185,1.672373762665918,-3.9292730844797674,6.696129637069337,0.7333333333333333,1.3006868394593862,1.3550135750134418,True,K线收盘代理；达到描述性样本门槛,0.0,0.0,0.0,0.0
SPCX,bitget|futures|SPCXUSDT::okx|futures|SPCX-USDT-SWAP,perp_perp,comparable,7,after_market,239,5,1,240,0.9958333333333333,1.0036762752461674,0.6765442121636767,1.308130028125909,2.7027757585935674,3.3673462929688647,1.4746646021176364,-3.3559299281837873,5.377066810055009,0.6736401673640168,0.6713662333046599,1.2967226005711208,True,K线收盘代理；达到描述性样本门槛,0.0,0.0,0.0,0.0
SPCX,bitget|futures|SPCXUSDT::okx|futures|SPCX-USDT-SWAP,perp_perp,comparable,7,overnight,474,5,1,480,0.9875,1.4981767078368555,1.2960082998947353,1.3062930682428142,4.036326942482571,4.708842201454733,1.810902365745389,-2.6827632461434714,6.726306585056463,0.7215189873417721,0.670510929330348,2.0197939810140397,True,K线收盘代理；达到描述性样本门槛,0.0,0.0,0.0,0.0
SPCX,bitget|futures|SPCXUSDT::okx|futures|SPCX-USDT-SWAP,perp_perp,comparable,7,weekend,550,2,2,576,0.9548611111111112,2.787240212936197,2.6133587022292293,2.6168591176467526,6.727211570802805,7.399708728843546,2.8133083336615266,-5.852897184106531,8.747728954983103,0.7763636363636364,1.669203561462107,3.6968229009268216,True,K线收盘代理；达到描述性样本门槛,0.0,0.0,0.0,0.0
SPCX,bitget|futures|SPCXUSDT::okx|futures|SPCX-USDT-SWAP,perp_perp,comparable,7,holiday,0,0,0,0,0,,,,,,,,,,,,False,样本不足 / 仅事件观察,,,,
SPCX,bitget|futures|SPCXUSDT::okx|futures|SPCX-USDT-SWAP,perp_perp,comparable,30,all,8574,30,5,8640,0.9923611111111111,-0.40317481449654796,-0.6544930950969086,1.9993335554818747,4.269156063538837,5.290813092191591,2.707397180182329,-13.452613170107375,11.861568518003462,0.4021460228598087,1.3604238311411276,2.662948884283728,True,K线收盘代理；达到描述性样本门槛,0.00046652670865407047,0.0,0.0,0.0
SPCX,bitget|futures|SPCXUSDT::okx|futures|SPCX-USDT-SWAP,perp_perp,comparable,30,regular,1560,20,5,1560,1.0,-0.329993463621029,0.0,1.9743336709410197,4.0496226640398545,4.794307882823589,2.5782950261412805,-13.452613170107375,11.861568518003462,0.4108974358974359,1.312519028561221,2.6571713621643953,True,K线收盘代理；达到描述性样本门槛,0.002564102564102564,0.0,0.0,0.0
SPCX,bitget|futures|SPCXUSDT::okx|futures|SPCX-USDT-SWAP,perp_perp,comparable,30,non_regular,7014,30,5,7080,0.9906779661016949,-0.41945124839529474,-0.6559097496400268,2.006957452502234,4.573190666180227,5.325877105386567,2.7350166954692967,-9.119607155385623,8.747728954983103,0.4001996007984032,1.347837376497324,2.6761159166356627,True,K线收盘代理；达到描述性样本门槛,0.0,0.0,0.0,0.0
SPCX,bitget|futures|SPCXUSDT::okx|futures|SPCX-USDT-SWAP,perp_perp,comparable,30,pre_market,1320,20,5,1320,1.0,-0.4726983034374624,-0.6468726996028407,2.0153841008935247,4.25809748976691,4.978308797384257,2.694506249037848,-9.119607155385623,6.696129637069337,0.41363636363636364,1.3067507443875748,2.8423615995498697,True,K线收盘代理；达到描述性样本门槛,0.0,0.0,0.0,0.0
SPCX,bitget|futures|SPCXUSDT::okx|futures|SPCX-USDT-SWAP,perp_perp,comparable,30,after_market,959,20,5,960,0.9989583333333333,-0.26253309853295503,0.0,1.944264419961872,3.561101388994903,4.22009187424599,2.2837254532705265,-5.699223480801763,6.997900629810427,0.40250260688216893,0.9368016868509244,2.327530856195137,True,K线收盘代理；达到描述性样本门槛,0.0,0.0,0.0,0.0
SPCX,bitget|futures|SPCXUSDT::okx|futures|SPCX-USDT-SWAP,perp_perp,comparable,30,overnight,1914,20,5,1920,0.996875,-0.3634774339819076,0.0,2.0107238605904243,4.230327220226537,4.850972272832044,2.6185872263778625,-7.321618743344471,6.726306585056463,0.4284221525600836,1.1511732914112893,2.683700526556615,True,K线收盘代理；达到描述性样本门槛,0.0,0.0,0.0,0.0
SPCX,bitget|futures|SPCXUSDT::okx|futures|SPCX-USDT-SWAP,perp_perp,comparable,30,weekend,2533,9,5,2592,0.9772376543209876,-0.3110828501140414,-0.6548359635927259,2.015316404675449,4.709935275443389,6.0524546065909846,3.0335223662464488,-8.007473642066554,8.747728954983103,0.40979076194236086,1.4204545454532536,3.3306687982959104,True,K线收盘代理；达到描述性样本门槛,0.0,0.0,0.0,0.0
SPCX,bitget|futures|SPCXUSDT::okx|futures|SPCX-USDT-SWAP,perp_perp,comparable,30,holiday,288,1,1,288,1.0,-2.0230256466451566,-1.9966058785264584,1.9972039233712158,3.985414454659386,4.423899561372887,1.4958213038696067,-5.992010652461355,2.6590440736540266,0.059027777777777776,1.9972039233712158,1.9972039233712158,False,样本不足 / 仅事件观察,0.0,0.0,0.0,0.0
SPCX,bybit|futures|SPCXUSDT::gateio|futures|SPCX_USDT,perp_perp,comparable,7,all,1989,7,2,2016,0.9866071428571429,2.1669638940917246,2.0181634712401753,2.023881805301997,4.533972407541054,5.180877386800287,1.776736184646541,-4.065040650406138,11.031081694892197,0.8597285067873304,2.0114544206584206,2.617813262880131,True,K线收盘代理；达到描述性样本门槛,0.0005027652086475615,0.0,0.0,0.0
SPCX,bybit|futures|SPCXUSDT::gateio|futures|SPCX_USDT,perp_perp,comparable,7,regular,390,5,1,390,1.0,2.390144472802423,2.5997664164123524,2.6123304770886424,5.184100372022327,5.8301679612660084,2.0901249877150567,-4.065040650406138,7.086715629429641,0.8384615384615385,1.6911035439992617,3.257968063888894,True,K线收盘代理；达到描述性样本门槛,0.0,0.0,0.0,0.0
SPCX,bybit|futures|SPCXUSDT::gateio|futures|SPCX_USDT,perp_perp,comparable,7,non_regular,1599,7,2,1626,0.9833948339483395,2.1125296066013104,2.0177562550438566,2.017891975516495,4.035566798278545,4.604990495778338,1.6870421355630203,-3.3683643222859327,11.031081694892197,0.8649155722326454,2.0114544206584206,2.608375263963292,True,K线收盘代理；达到描述性样本门槛,0.0006253908692933083,0.0,0.0,0.0
SPCX,bybit|futures|SPCXUSDT::gateio|futures|SPCX_USDT,perp_perp,comparable,7,pre_market,330,5,1,330,1.0,2.2255693510081196,2.0178369502699134,2.0238135600347817,4.53588313975839,5.1808606110860245,1.7149793199583088,-2.6276029691907343,9.699321047527132,0.8878787878787879,1.3382402201100874,3.235513156554237,True,K线收盘代理；达到描述性样本门槛,0.0,0.0,0.0,0.0
SPCX,bybit|futures|SPCXUSDT::gateio|futures|SPCX_USDT,perp_perp,comparable,7,after_market,239,5,1,240,0.9958333333333333,1.854383208854225,1.9657951641427474,2.017349203147223,4.538911488217057,5.1862176757102585,2.155567676261427,-3.3561551886152063,11.031081694892197,0.7531380753138075,1.350803752864227,2.6916089092243745,True,K线收盘代理；达到描述性样本门槛,0.0041841004184100415,0.0,0.0,0.0
SPCX,bybit|futures|SPCXUSDT::gateio|futures|SPCX_USDT,perp_perp,comparable,7,overnight,479,5,1,480,0.9979166666666667,1.8201535378166702,1.9595035924235837,1.9609124779407239,3.9203387199426842,4.542563829908586,1.7066311468022528,-3.3683643222859327,6.493506493505663,0.7974947807933194,2.0132876988121495,2.5911770421704894,True,K线收盘代理；达到描述性样本门槛,0.0,0.0,0.0,0.0
SPCX,bybit|futures|SPCXUSDT::gateio|futures|SPCX_USDT,perp_perp,comparable,7,weekend,551,2,2,576,0.9565972222222222,2.4109724566106556,2.6041666666665186,2.604336219804715,4.034969737727323,4.5645745372269175,1.3230791643656943,-2.6910656620016127,7.166590657370353,0.9582577132486388,2.166662504167749,2.4636605700228964,True,K线收盘代理；达到描述性样本门槛,0.0,0.0,0.0,0.0
SPCX,bybit|futures|SPCXUSDT::gateio|futures|SPCX_USDT,perp_perp,comparable,7,holiday,0,0,0,0,0,,,,,,,,,,,,False,样本不足 / 仅事件观察,,,,
SPCX,bybit|futures|SPCXUSDT::gateio|futures|SPCX_USDT,perp_perp,comparable,30,all,8583,30,5,8640,0.9934027777777777,2.422523277463867,2.612330198537016,2.618657937807356,4.6879185641568455,5.383435205080555,1.8461923738940464,-5.300119252682478,11.031081694892197,0.8754514738436444,2.011170036150811,2.849765697481299,True,K线收盘代理；达到描述性样本门槛,0.0003495281370150297,0.0,0.0,0.0
SPCX,bybit|futures|SPCXUSDT::gateio|futures|SPCX_USDT,perp_perp,comparable,30,regular,1560,20,5,1560,1.0,2.7987566693130295,2.7091094299991347,2.7262814662165624,5.272732594292063,5.936734213560668,1.9835853735457014,-4.910557699054907,11.021560928567986,0.892948717948718,2.1257057935250567,3.46353845123909,True,K线收盘代理；达到描述性样本门槛,0.000641025641025641,0.0,0.0,0.0
SPCX,bybit|futures|SPCXUSDT::gateio|futures|SPCX_USDT,perp_perp,comparable,30,non_regular,7023,30,5,7080,0.9919491525423729,2.3389515714572187,2.137970353477403,2.5911770421704894,4.588298530965318,5.237624477438807,1.8036406545779604,-5.300119252682478,11.031081694892197,0.8715648583226542,2.0057687503377553,2.8382262565104788,True,K线收盘代理；达到描述性样本门槛,0.0002847785846504343,0.0,0.0,0.0
SPCX,bybit|futures|SPCXUSDT::gateio|futures|SPCX_USDT,perp_perp,comparable,30,pre_market,1320,20,5,1320,1.0,2.454590955255328,2.606033010563724,2.624069346010005,4.7053446164955215,5.373401326532079,1.894037444714693,-5.27356624917541,10.696712543678544,0.8818181818181818,1.6746078852378221,3.1463023714650706,True,K线收盘代理；达到描述性样本门槛,0.0007575757575757576,0.0,0.0,0.0
SPCX,bybit|futures|SPCXUSDT::gateio|futures|SPCX_USDT,perp_perp,comparable,30,after_market,959,20,5,960,0.9989583333333333,2.684964911842507,2.701242571583329,2.7021549685879442,4.758796990201208,5.580863242023115,1.821118117166578,-4.685721935872023,11.031081694892197,0.9051094890510949,2.245342323415195,3.28801526834982,True,K线收盘代理；达到描述性样本门槛,0.0010427528675703858,0.0,0.0,0.0
SPCX,bybit|futures|SPCXUSDT::gateio|futures|SPCX_USDT,perp_perp,comparable,30,overnight,1916,20,5,1920,0.9979166666666667,2.315002871433691,2.115432079631274,2.1318173770024096,4.600571790317476,5.232020943510829,1.7667115996016538,-5.22636702162349,9.186351706036433,0.8721294363256785,2.015012330507937,2.7367225691979358,True,K线收盘代理；达到描述性样本门槛,0.0,0.0,0.0,0.0
SPCX,bybit|futures|SPCXUSDT::gateio|futures|SPCX_USDT,perp_perp,comparable,30,weekend,2540,9,5,2592,0.9799382716049383,2.2800235482033613,2.134016218522383,2.138656213731549,4.559725902300249,5.20306599131004,1.7621683849174703,-5.300119252682478,7.846494043799446,0.8649606299212599,1.3473457839474623,2.845962290998205,True,K线收盘代理；达到描述性样本门槛,0.0,0.0,0.0,0.0
SPCX,bybit|futures|SPCXUSDT::gateio|futures|SPCX_USDT,perp_perp,comparable,30,holiday,288,1,1,288,1.0,1.3357991696061062,1.3316466046109365,1.3323119311670073,3.3211560700008302,3.349447443815712,1.4801491970109228,-3.9901576112255643,7.99626840807699,0.7673611111111112,1.3323119311670073,1.3323119311670073,False,样本不足 / 仅事件观察,0.0,0.0,0.0,0.0
SPCX,bybit|futures|SPCXUSDT::okx|futures|SPCX-USDT-SWAP,perp_perp,comparable,7,all,1990,7,2,2016,0.9871031746031746,0.915518459466701,0.6728116921927985,1.3422368392024264,3.8968883361441,4.701207874095226,2.00378616519463,-6.503219093452195,7.134980865279861,0.5974874371859297,1.295778137066217,2.014618587568018,True,K线收盘代理；达到描述性样本门槛,0.0,0.0,0.0,0.0
SPCX,bybit|futures|SPCXUSDT::okx|futures|SPCX-USDT-SWAP,perp_perp,comparable,7,regular,390,5,1,390,1.0,0.9995600589759428,0.6783110687946792,1.3432305232186081,3.3748898726637666,4.040948275862988,1.7765952272904397,-4.052684903749215,6.056120045756508,0.6487179487179487,1.2985328551562425,1.346846708918381,True,K线收盘代理；达到描述性样本门槛,0.0,0.0,0.0,0.0
SPCX,bybit|futures|SPCXUSDT::okx|futures|SPCX-USDT-SWAP,perp_perp,comparable,7,non_regular,1600,7,2,1626,0.984009840098401,0.8950333195863234,0.671253566791874,1.3422368392024264,4.032583279403701,4.7077812899321,2.0548398774679764,-6.503219093452195,7.134980865279861,0.585,1.2943309041391071,1.989114740369724,True,K线收盘代理；达到描述性样本门槛,0.0,0.0,0.0,0.0
SPCX,bybit|futures|SPCXUSDT::okx|futures|SPCX-USDT-SWAP,perp_perp,comparable,7,pre_market,330,5,1,330,1.0,0.36889341254010116,0.6472910895138906,1.3025921583942335,2.6786672510359377,3.345735391077298,1.7418928064387393,-5.19885625162364,6.464124111185132,0.509090909090909,1.2979008110491908,1.3097576948251088,True,K线收盘代理；达到描述性样本门槛,0.0,0.0,0.0,0.0
SPCX,bybit|futures|SPCXUSDT::okx|futures|SPCX-USDT-SWAP,perp_perp,comparable,7,after_market,239,5,1,240,0.9958333333333333,1.3809838607366494,1.3102725366875845,1.342101731309775,3.365598240468337,4.091892146155571,1.633690980908597,-4.574864387948407,7.134980865279861,0.7907949790794979,0.6718173142183925,1.3510318521181564,True,K线收盘代理；达到描述性样本门槛,0.0,0.0,0.0,0.0
SPCX,bybit|futures|SPCXUSDT::okx|futures|SPCX-USDT-SWAP,perp_perp,comparable,7,overnight,479,5,1,480,0.9979166666666667,0.8230506401097697,0.657030223392141,1.2974375608176825,2.6981450744121283,4.035539654184239,1.6706598898145684,-3.2404406999364532,6.054083142741362,0.5908141962421712,0.6562110487723372,1.3451256147944957,True,K线收盘代理；达到描述性样本门槛,0.0,0.0,0.0,0.0
SPCX,bybit|futures|SPCXUSDT::okx|futures|SPCX-USDT-SWAP,perp_perp,comparable,7,weekend,552,2,2,576,0.9583333333333334,1.0616342135348642,0.6554368486599849,2.018435040032074,4.038391669559882,4.71031559114321,2.558763295606473,-6.503219093452195,6.056120045756508,0.5362318840579711,1.8176935681100959,2.848150871867655,True,K线收盘代理；达到描述性样本门槛,0.0,0.0,0.0,0.0
SPCX,bybit|futures|SPCXUSDT::okx|futures|SPCX-USDT-SWAP,perp_perp,comparable,7,holiday,0,0,0,0,0,,,,,,,,,,,,False,样本不足 / 仅事件观察,,,,
SPCX,bybit|futures|SPCXUSDT::okx|futures|SPCX-USDT-SWAP,perp_perp,comparable,30,all,8584,30,5,8640,0.9935185185185185,-0.641788858948136,-0.6662669065216065,1.3600816111863923,3.922081317819792,4.5991965786746904,2.1733458673552755,-11.099503786888842,7.134980865279861,0.3264212488350419,1.2850129398661592,2.089581458623174,True,K线收盘代理；达到描述性样本门槛,0.00023299161230195712,0.0,0.0,0.0
SPCX,bybit|futures|SPCXUSDT::okx|futures|SPCX-USDT-SWAP,perp_perp,comparable,30,regular,1560,20,5,1560,1.0,-0.2702970483206116,0.0,1.3568060925417402,3.4904013961611913,4.196405779426315,2.115243762187228,-6.971556051310612,6.617257808363419,0.41474358974358977,1.3092840584030818,1.5700936839831148,True,K线收盘代理；达到描述性样本门槛,0.0,0.0,0.0,0.0
SPCX,bybit|futures|SPCXUSDT::okx|futures|SPCX-USDT-SWAP,perp_perp,comparable,30,non_regular,7024,30,5,7080,0.992090395480226,-0.724295582265183,-0.671884974051129,1.3614240637488395,3.975352812561894,4.636943859141818,2.17745614374073,-11.099503786888842,7.134980865279861,0.30680523917995445,0.8552923292906578,2.6199028292658855,True,K线收盘代理；达到描述性样本门槛,0.0002847380410022779,0.0,0.0,0.0
SPCX,bybit|futures|SPCXUSDT::okx|futures|SPCX-USDT-SWAP,perp_perp,comparable,30,pre_market,1320,20,5,1320,1.0,-0.9134247877164942,-0.6803646880637615,1.3707082024483341,3.9393344054221573,4.941235657328623,2.187879353710259,-8.566721581548808,6.464124111185132,0.2916666666666667,0.6900419066109553,2.009002481050959,True,K线收盘代理；达到描述性样本门槛,0.0,0.0,0.0,0.0
SPCX,bybit|futures|SPCXUSDT::okx|futures|SPCX-USDT-SWAP,perp_perp,comparable,30,after_market,959,20,5,960,0.9989583333333333,-0.20675269529202636,0.0,1.3472549680015877,3.4866531163804115,4.045771636592255,2.084210060270371,-8.698561391770054,7.134980865279861,0.4348279457768509,0.6758850619559276,2.0320222633345155,True,K线收盘代理；达到描述性样本门槛,0.0,0.0,0.0,0.0
SPCX,bybit|futures|SPCXUSDT::okx|futures|SPCX-USDT-SWAP,perp_perp,comparable,30,overnight,1916,20,5,1920,0.9979166666666667,-0.7102044289313221,-0.6662669065216065,1.344266708585562,3.5553027385204494,4.568072527780798,2.0626350203267094,-11.099503786888842,6.054083142741362,0.31002087682672236,0.6789154876611636,2.252459001823998,True,K线收盘代理；达到描述性样本门槛,0.0005219206680584551,0.0,0.0,0.0
SPCX,bybit|futures|SPCXUSDT::okx|futures|SPCX-USDT-SWAP,perp_perp,comparable,30,weekend,2541,9,5,2592,0.9803240740740741,-0.5996124304335901,-0.6693440428395814,1.421262080727459,3.9869758787958176,4.642525533889996,2.22626378288668,-10.587612493382359,6.056120045756508,0.2967335694608422,0.7112122621993899,2.6515528185311332,True,K线收盘代理；达到描述性样本门槛,0.0003935458480913026,0.0,0.0,0.0
SPCX,bybit|futures|SPCXUSDT::okx|futures|SPCX-USDT-SWAP,perp_perp,comparable,30,holiday,288,1,1,288,1.0,-2.7746136933876873,-2.667377979319041,2.667377979319041,4.634411182023901,5.2971367639721985,1.3418008755252364,-6.692992436918566,2.6563952716163186,0.017361111111111112,2.667377979319041,2.667377979319041,False,样本不足 / 仅事件观察,0.0,0.0,0.0,0.0
SPCX,gateio|futures|SPCX_USDT::okx|futures|SPCX-USDT-SWAP,perp_perp,comparable,7,all,2011,7,2,2016,0.9975198412698413,-1.2310110248022104,-1.3111315064884277,1.9682456370551105,4.529571631939344,5.178999180117105,2.3045899900202786,-8.434438461039084,4.757373929591413,0.3127797115862755,1.3432542853814011,2.758201020879314,True,K线收盘代理；达到描述性样本门槛,0.0,0.0,0.0,0.0
SPCX,gateio|futures|SPCX_USDT::okx|futures|SPCX-USDT-SWAP,perp_perp,comparable,7,regular,390,5,1,390,1.0,-1.3899400303841507,-1.9409997120523048,2.0109935753342967,3.964426783427455,5.143579745287227,2.2428393747443103,-7.068954437375874,4.757373929591413,0.24871794871794872,1.346756003008931,2.6019644941949194,True,K线收盘代理；达到描述性样本门槛,0.0,0.0,0.0,0.0
SPCX,gateio|futures|SPCX_USDT::okx|futures|SPCX-USDT-SWAP,perp_perp,comparable,7,non_regular,1621,7,2,1626,0.9969249692496925,-1.1927739414111205,-1.3066771200842542,1.965022597759658,4.531917648583628,5.179669796049335,2.3175754231170815,-8.434438461039084,4.057069443506034,0.3281924737816163,1.3437042745817473,2.599143368156309,True,K线收盘代理；达到描述性样本门槛,0.0,0.0,0.0,0.0
SPCX,gateio|futures|SPCX_USDT::okx|futures|SPCX-USDT-SWAP,perp_perp,comparable,7,pre_market,330,5,1,330,1.0,-1.8560782416994013,-2.020682512008376,2.03300240805393,4.529630259581641,4.585818688151056,1.945545153870663,-6.495615459564119,4.017139796463898,0.14242424242424243,0.6761558635215437,2.629503069380701,True,K线收盘代理；达到描述性样本门槛,0.0,0.0,0.0,0.0
SPCX,gateio|futures|SPCX_USDT::okx|futures|SPCX-USDT-SWAP,perp_perp,comparable,7,after_market,240,5,1,240,1.0,-0.47107538029009244,-0.3241911430978961,1.3478007513956225,3.239265095121846,3.2890039011818066,1.8204273444633858,-3.940627873374458,4.057069443506034,0.38333333333333336,0.6725628073978029,1.9621950421855328,True,K线收盘代理；达到描述性样本门槛,0.0,0.0,0.0,0.0
SPCX,gateio|futures|SPCX_USDT::okx|futures|SPCX-USDT-SWAP,perp_perp,comparable,7,overnight,480,5,1,480,1.0,-0.9904239886408076,-1.2963444452052109,1.3496187388528647,3.88329407477217,4.531081609662035,2.0565668460407056,-8.434438461039084,4.040948275862988,0.3104166666666667,1.3435442758458205,2.012139913057931,True,K线收盘代理；达到描述性样本门槛,0.0,0.0,0.0,0.0
SPCX,gateio|futures|SPCX_USDT::okx|futures|SPCX-USDT-SWAP,perp_perp,comparable,7,weekend,571,2,2,576,0.9913194444444444,-1.28287063651386,-0.6727664155004032,2.018435040032074,4.588659455917465,5.239202337061766,2.7561643302561643,-7.183908045977905,3.364511136529913,0.4273204903677758,1.9871365396992302,3.270706000100543,True,K线收盘代理；达到描述性样本门槛,0.0,0.0,0.0,0.0
SPCX,gateio|futures|SPCX_USDT::okx|futures|SPCX-USDT-SWAP,perp_perp,comparable,7,holiday,0,0,0,0,0,,,,,,,,,,,,False,样本不足 / 仅事件观察,,,,
SPCX,gateio|futures|SPCX_USDT::okx|futures|SPCX-USDT-SWAP,perp_perp,comparable,30,all,8633,30,5,8640,0.9991898148148148,-3.054253020099303,-3.305566574109964,3.31213566507782,5.628649827621457,6.267671467902413,2.0941896493561374,-11.340279254375973,4.757373929591413,0.07969419668713078,2.665376564050942,3.978215013362152,True,K线收盘代理；达到描述性样本门槛,0.00023166917641607784,0.0,0.0,0.0
SPCX,gateio|futures|SPCX_USDT::okx|futures|SPCX-USDT-SWAP,perp_perp,comparable,30,regular,1560,20,5,1560,1.0,-3.0679939648412122,-3.2522440621529647,3.2693630842461907,5.704832159872831,6.41349971045535,2.135786580453946,-9.63457435826931,4.757373929591413,0.06923076923076923,2.5969678220835735,4.070731334648581,True,K线收盘代理；达到描述性样本门槛,0.0,0.0,0.0,0.0
SPCX,gateio|futures|SPCX_USDT::okx|futures|SPCX-USDT-SWAP,perp_perp,comparable,30,non_regular,7073,30,5,7080,0.9990112994350282,-3.051222357891276,-3.315649867374759,3.3193918874052653,5.591592174028383,6.048956455104281,2.0848912578396743,-11.340279254375973,4.057069443506034,0.08200197935812244,2.6158308306717393,3.978215013362152,True,K线收盘代理；达到描述性样本门槛,0.0002827654460624912,0.0,0.0,0.0
SPCX,gateio|futures|SPCX_USDT::okx|futures|SPCX-USDT-SWAP,perp_perp,comparable,30,pre_market,1320,20,5,1320,1.0,-3.3670664180496135,-3.3729088118944484,3.3732501303351814,5.693990707156815,6.366880974614852,1.912368082446134,-8.522727272727293,4.017139796463898,0.03939393939393939,2.694581471815727,4.244140475127139,True,K线收盘代理；达到描述性样本门槛,0.0,0.0,0.0,0.0
SPCX,gateio|futures|SPCX_USDT::okx|futures|SPCX-USDT-SWAP,perp_perp,comparable,30,after_market,960,20,5,960,1.0,-2.8877334465616546,-3.223103203763289,3.2342580140348742,5.676979846720442,6.280789445703758,2.228605054431769,-11.340279254375973,4.057069443506034,0.10104166666666667,2.065728290323449,3.937832094110111,True,K线收盘代理；达到描述性样本门槛,0.0010416666666666667,0.0,0.0,0.0
SPCX,gateio|futures|SPCX_USDT::okx|futures|SPCX-USDT-SWAP,perp_perp,comparable,30,overnight,1920,20,5,1920,1.0,-3.020886817182096,-3.27847355681421,3.279011053792802,5.677423020265193,6.327578931882127,2.1353841476435504,-9.146739840586449,4.040948275862988,0.08125,2.0185436994903103,4.1070837695599,True,K线收盘代理；达到描述性样本门槛,0.0,0.0,0.0,0.0
SPCX,gateio|futures|SPCX_USDT::okx|futures|SPCX-USDT-SWAP,perp_perp,comparable,30,weekend,2585,9,5,2592,0.9972993827160493,-2.855256535145376,-3.273322422259195,3.2743942370649926,5.239030779304876,5.700930158814897,2.0789149845318375,-8.073196986004838,3.364511136529913,0.10599613152804642,2.6894372474173256,3.912490730301199,True,K线收盘代理；达到描述性样本门槛,0.0,0.0,0.0,0.0
SPCX,gateio|futures|SPCX_USDT::okx|futures|SPCX-USDT-SWAP,perp_perp,comparable,30,holiday,288,1,1,288,1.0,-4.109733071180186,-3.9954718163459635,3.9954718163459635,5.970664142392446,6.010860814913143,1.4920806587054556,-11.315228966987112,0.6640988179040797,0.003472222222222222,3.9954718163459635,3.9954718163459635,False,样本不足 / 仅事件观察,0.003472222222222222,0.0,0.0,0.0
SPCX,okx|futures|SPCX-USDT-SWAP::okx|spot|XSPCX-USDT,spot_perp,comparable,7,all,1635,7,2,2016,0.8110119047619048,5.057947291036815,5.18739463104767,5.191434133680062,9.163743147036385,10.740889276763086,3.4756263720441334,-11.14754098360593,20.848263730535166,0.9162079510703364,3.9860552479725753,6.2607849508522495,True,K线收盘代理；达到描述性样本门槛,0.0654434250764526,0.0,0.0,0.0
SPCX,okx|futures|SPCX-USDT-SWAP::okx|spot|XSPCX-USDT,spot_perp,comparable,7,regular,388,5,1,390,0.9948717948717949,6.391605567686739,6.4176956602679525,6.48508564251582,11.71745440853278,13.787128511460244,4.214912450907743,-11.14754098360593,20.848263730535166,0.9458762886597938,5.43331107892342,7.174770965198141,True,K线收盘代理；达到描述性样本门槛,0.16494845360824742,0.0,0.0,0.0
SPCX,okx|futures|SPCX-USDT-SWAP::okx|spot|XSPCX-USDT,spot_perp,comparable,7,non_regular,1247,7,2,1626,0.7669126691266913,4.642983849705484,4.706831629908148,4.70746469401595,8.468945452746901,9.624066049388937,3.096019566000769,-6.566419331538453,16.215865602906554,0.9069767441860465,3.985028005872304,5.858746307559892,True,K线收盘代理；达到描述性样本门槛,0.034482758620689655,0.0,0.0,0.0
SPCX,okx|futures|SPCX-USDT-SWAP::okx|spot|XSPCX-USDT,spot_perp,comparable,7,pre_market,311,5,1,330,0.9424242424242424,5.337632648678546,5.244526025960372,5.245901639345796,8.53970964987294,10.484586286654274,2.9832712723509194,-6.566419331538453,16.215865602906554,0.954983922829582,4.864221532174806,6.478782016179352,True,K线收盘代理；达到描述性样本门槛,0.06109324758842444,0.0,0.0,0.0
SPCX,okx|futures|SPCX-USDT-SWAP::okx|spot|XSPCX-USDT,spot_perp,comparable,7,after_market,184,5,1,240,0.7666666666666667,6.014831708656398,5.899124969467318,5.899124969467318,9.55313808197423,9.860735532509768,2.512640703007747,-0.6761325219750702,13.161358252171684,0.9945652173913043,5.051684349524077,6.484664015600217,True,K线收盘代理；达到描述性样本门槛,0.04891304347826087,0.0,0.0,0.0
SPCX,okx|futures|SPCX-USDT-SWAP::okx|spot|XSPCX-USDT,spot_perp,comparable,7,overnight,381,5,1,480,0.79375,5.618341679214571,5.829770695686687,5.8301483448852665,9.081473793461914,9.417462666487797,2.4950141877283496,-6.477942605428444,13.486176668913163,0.9816272965879265,5.372011915317776,6.047980646461948,True,K线收盘代理；达到描述性样本门槛,0.031496062992125984,0.0,0.0,0.0
SPCX,okx|futures|SPCX-USDT-SWAP::okx|spot|XSPCX-USDT,spot_perp,comparable,7,weekend,371,2,2,576,0.6440972222222222,2.3786520018064192,2.617458447848886,2.6907036189960376,5.857087075360479,6.550076028418728,2.7913170485076395,-4.035783951030769,10.418701569316902,0.7466307277628033,2.4923537654961136,3.442091558761018,False,样本不足 / 仅事件观察,0.008086253369272238,0.0,0.0,0.0
SPCX,okx|futures|SPCX-USDT-SWAP::okx|spot|XSPCX-USDT,spot_perp,comparable,7,holiday,0,0,0,0,0,,,,,,,,,,,,False,样本不足 / 仅事件观察,,,,
SPCX,okx|futures|SPCX-USDT-SWAP::okx|spot|XSPCX-USDT,spot_perp,comparable,30,all,7008,30,5,8640,0.8111111111111111,4.166929834088199,4.170721534824118,4.556550045510255,9.710084616449954,11.294630581291097,4.364585192462561,-17.63092595010951,23.541161363960228,0.8350456621004566,2.8676975542626937,5.714410819449844,True,K线收盘代理；达到描述性样本门槛,0.08304794520547945,0.0,0.0,0.0
SPCX,okx|futures|SPCX-USDT-SWAP::okx|spot|XSPCX-USDT,spot_perp,comparable,30,regular,1551,20,5,1560,0.9942307692307693,4.251881101861877,4.242981401598733,4.725259889295508,10.86331394977158,12.645451614833325,5.137884836956057,-17.63092595010951,23.219814241484116,0.813023855577047,3.9147165487485314,5.814425016202051,True,K线收盘代理；达到描述性样本门槛,0.12121212121212122,0.0,0.0,0.0
SPCX,okx|futures|SPCX-USDT-SWAP::okx|spot|XSPCX-USDT,spot_perp,comparable,30,non_regular,5457,30,5,7080,0.7707627118644068,4.142784806359232,4.0724903278333,4.278379920137354,9.299730790438334,10.727743315970706,4.1180617794574745,-16.206404771165197,23.541161363960228,0.8413047461975445,2.8351325597847366,5.3437813039364235,True,K线收盘代理；达到描述性样本门槛,0.07220084295400403,0.0,0.0,0.0
SPCX,okx|futures|SPCX-USDT-SWAP::okx|spot|XSPCX-USDT,spot_perp,comparable,30,pre_market,1247,20,5,1320,0.9446969696969697,3.58501328872476,4.024414783017072,4.534266096645201,9.207134223267577,10.650993652548738,4.554209027777042,-16.206404771165197,18.667035398229892,0.7914995990376904,2.7186872174800314,6.410484996694499,True,K线收盘代理；达到描述性样本门槛,0.06575781876503609,0.0,0.0,0.0
SPCX,okx|futures|SPCX-USDT-SWAP::okx|spot|XSPCX-USDT,spot_perp,comparable,30,after_market,713,20,5,960,0.7427083333333333,3.859355144596347,4.078026235301291,4.509728127818358,8.43443860303017,9.48593814282228,3.675938230950541,-12.91906207609217,13.161358252171684,0.8695652173913043,3.1887999970955927,5.360323147048374,True,K线收盘代理；达到描述性样本门槛,0.02664796633941094,0.0,0.0,0.0
SPCX,okx|futures|SPCX-USDT-SWAP::okx|spot|XSPCX-USDT,spot_perp,comparable,30,overnight,1510,20,5,1920,0.7864583333333334,4.159160888429006,4.592573172896852,4.697198461921515,8.495732541263346,9.467392284116638,3.6964686545701926,-14.333181314744037,23.541161363960228,0.8509933774834437,3.6256633662515303,5.923904052239637,True,K线收盘代理；达到描述性样本门槛,0.03642384105960265,0.0,0.0,0.0
SPCX,okx|futures|SPCX-USDT-SWAP::okx|spot|XSPCX-USDT,spot_perp,comparable,30,weekend,1727,9,5,2592,0.6662808641975309,4.982764546418144,4.271374670747896,4.54811253329801,10.68390346699477,12.05376304757366,4.194979323024526,-9.378977691432144,20.101849370139924,0.8731905037637522,2.0174848688636615,6.404326478333111,False,样本不足 / 仅事件观察,0.1354950781702374,0.0,0.0,0.0
SPCX,okx|futures|SPCX-USDT-SWAP::okx|spot|XSPCX-USDT,spot_perp,comparable,30,holiday,260,1,1,288,0.9027777777777778,1.9206830229746947,1.9960080635539335,2.6563953184777223,6.6391226291766525,7.9695036077147,3.437367881810253,-11.263499635594254,16.134453781513347,0.7346153846153847,2.6563953184777223,2.6563953184777223,False,样本不足 / 仅事件观察,0.015384615384615385,0.0,0.0,0.0
SPCX,gateio|futures|SPCX_USDT::gateio|spot|SPCXON_USDT,spot_perp,reference,7,all,965,7,2,2016,0.47867063492063494,4.99582351255315,4.723346828612307,8.547008547008517,22.180106495101715,26.3424691595695,13.034695506703676,-56.9468711577037,75.51100117172194,0.6518134715025907,7.830341484922898,10.100542268556556,False,样本不足 / 仅事件观察,0.43316062176165804,0.0383419689119171,0.007253886010362694,0.0
SPCX,gateio|futures|SPCX_USDT::gateio|spot|SPCXON_USDT,spot_perp,reference,7,regular,269,5,1,390,0.6897435897435897,5.879954914971843,4.084967320261423,10.902896081771418,28.416921728324553,35.09686556421742,17.075208797185564,-40.059443044517806,75.51100117172194,0.6096654275092936,11.035688974623813,12.186042224622827,False,样本不足 / 仅事件观察,0.5464684014869888,0.09293680297397769,0.01486988847583643,0.0
SPCX,gateio|futures|SPCX_USDT::gateio|spot|SPCXON_USDT,spot_perp,reference,7,non_regular,696,7,2,1626,0.4280442804428044,4.654111806733281,5.185881879063992,8.041015726816813,18.571040647906155,22.787441137040453,11.06633257335946,-56.9468711577037,61.07068607068777,0.6681034482758621,6.835703841524543,10.08914758918844,False,样本不足 / 仅事件观察,0.38936781609195403,0.017241379310344827,0.004310344827586207,0.0
SPCX,gateio|futures|SPCX_USDT::gateio|spot|SPCXON_USDT,spot_perp,reference,7,pre_market,196,5,1,330,0.593939393939394,5.033294357043385,4.6385388498348945,7.906155877371868,21.954521535419993,24.92465977647185,11.945132266735673,-22.239665096808192,61.07068607068777,0.6326530612244898,6.572461386789019,9.727626459143934,False,样本不足 / 仅事件观察,0.37755102040816324,0.015306122448979591,0.00510204081632653,0.0
SPCX,gateio|futures|SPCX_USDT::gateio|spot|SPCXON_USDT,spot_perp,reference,7,after_market,143,5,1,240,0.5958333333333333,3.1213789343062572,4.048582995952454,7.785130400934648,16.04054946182254,17.65734190511692,9.644436064587016,-33.55055164849463,24.37208042786354,0.5874125874125874,6.084369929690858,7.383045842002112,False,样本不足 / 仅事件观察,0.36363636363636365,0.006993006993006993,0.0,0.0
SPCX,gateio|futures|SPCX_USDT::gateio|spot|SPCXON_USDT,spot_perp,reference,7,overnight,272,5,1,480,0.5666666666666667,5.955516772842872,6.053068826034069,7.4179071121704965,16.0810990954563,18.821843637962797,8.256356604750307,-22.77141517647907,38.644067796609335,0.7573529411764706,6.5547983656844,8.057476666891716,False,样本不足 / 仅事件观察,0.375,0.007352941176470588,0.0,0.0
SPCX,gateio|futures|SPCX_USDT::gateio|spot|SPCXON_USDT,spot_perp,reference,7,weekend,85,2,2,576,0.14756944444444445,2.193863219844762,3.365870077414179,10.099649878803074,24.957247326709908,32.06479065530998,16.833530476756444,-56.9468711577037,60.99160545645299,0.6,9.938812393566337,10.262272143546774,False,样本不足 / 仅事件观察,0.5058823529411764,0.07058823529411765,0.023529411764705882,0.0
SPCX,gateio|futures|SPCX_USDT::gateio|spot|SPCXON_USDT,spot_perp,reference,7,holiday,0,0,0,0,0,,,,,,,,,,,,False,样本不足 / 仅事件观察,,,,
SPCX,gateio|futures|SPCX_USDT::gateio|spot|SPCXON_USDT,spot_perp,reference,30,all,4034,30,5,8640,0.4668981481481482,-0.26228532844818764,0.0,9.262982795397722,23.897242412765145,29.886407194977146,15.36880781269352,-72.9314573383244,93.74999999999912,0.4920674268715915,8.06074886885319,10.679197490642416,False,样本不足 / 仅事件观察,0.46777392166584036,0.04933068914229053,0.00917203767972236,0.0
SPCX,gateio|futures|SPCX_USDT::gateio|spot|SPCXON_USDT,spot_perp,reference,30,regular,1097,20,5,1560,0.7032051282051283,-0.06056465315671084,-0.6631299734760621,12.36415695972104,31.973441654840062,41.22028749304008,20.348242664971764,-72.9314573383244,93.74999999999912,0.4785779398359161,10.569174287765048,14.609462403580299,True,K线收盘代理；达到描述性样本门槛,0.5806745670009116,0.11850501367365543,0.02552415679124886,0.0
SPCX,gateio|futures|SPCX_USDT::gateio|spot|SPCXON_USDT,spot_perp,reference,30,non_regular,2937,30,5,7080,0.41483050847457625,-0.3376300954875986,0.0,8.513053348467858,20.812078377777436,25.025581899216885,13.028825160703475,-56.9468711577037,61.07068607068777,0.49710589036431735,6.939652866144453,10.418304678852934,False,样本不足 / 仅事件观察,0.42560435818862785,0.02349336057201226,0.0030643513789581204,0.0
SPCX,gateio|futures|SPCX_USDT::gateio|spot|SPCXON_USDT,spot_perp,reference,30,pre_market,825,20,5,1320,0.625,-1.3052169318104327,-0.7120478496147609,9.252010533057353,22.63624730861325,26.68888828077519,13.775004893867887,-46.98301899456414,61.07068607068777,0.4533333333333333,6.7519135415335105,10.934940302921163,False,样本不足 / 仅事件观察,0.4593939393939394,0.02303030303030303,0.0012121212121212121,0.0
SPCX,gateio|futures|SPCX_USDT::gateio|spot|SPCXON_USDT,spot_perp,reference,30,after_market,565,20,5,960,0.5885416666666666,-0.888949862632867,-0.6552650547153593,7.843137254901489,17.714164245731247,21.951896153450168,10.9453659787879,-33.55055164849463,32.708688245315365,0.4743362831858407,6.058010211842102,9.649828856578278,False,样本不足 / 仅事件观察,0.3787610619469027,0.0035398230088495575,0.0,0.0
SPCX,gateio|futures|SPCX_USDT::gateio|spot|SPCXON_USDT,spot_perp,reference,30,overnight,1042,20,5,1920,0.5427083333333333,0.24757185531676085,1.3564558526646397,7.21287846011609,17.576755057264418,20.27241565429083,10.702232583214432,-47.06350258517844,56.0616678346193,0.5335892514395394,6.2269869174610974,8.063717724456632,False,样本不足 / 仅事件观察,0.3646833013435701,0.0047984644913627635,0.0009596928982725527,0.0
SPCX,gateio|futures|SPCX_USDT::gateio|spot|SPCXON_USDT,spot_perp,reference,30,weekend,442,9,5,2592,0.1705246913580247,0.26819469569611143,0.6919314379016939,11.331556732656622,26.72872787393878,31.90584231423599,16.40805303970918,-56.9468711577037,60.99160545645299,0.5180995475113123,9.777082518576119,12.079010942164237,False,样本不足 / 仅事件观察,0.5361990950226244,0.06787330316742081,0.00904977375565611,0.0
SPCX,gateio|futures|SPCX_USDT::gateio|spot|SPCXON_USDT,spot_perp,reference,30,holiday,63,1,1,288,0.21875,3.348081300735775,3.318290416776115,15.274272811796052,37.18953380263158,44.00238287500779,23.114671987738966,-43.76077443309923,58.62758161225834,0.5238095238095238,15.274272811796052,15.274272811796052,False,样本不足 / 仅事件观察,0.6349206349206349,0.20634920634920634,0.047619047619047616,0.0
SPCX,gateio|futures|SPCX_USDT::gateio|spot|SPCXX_USDT,spot_perp,reference,7,all,1481,7,2,2016,0.7346230158730159,4.781060954452504,4.731967822617644,5.231493591422165,11.038961038960515,12.936610608020871,5.232054223605584,-19.92544028795451,32.40860772621312,0.8183659689399054,4.615329593386508,5.893095132113446,True,K线收盘代理；达到描述性样本门槛,0.13639432815665092,0.0006752194463200541,0.0,0.0
SPCX,gateio|futures|SPCX_USDT::gateio|spot|SPCXX_USDT,spot_perp,reference,7,regular,367,5,1,390,0.941025641025641,5.767662112766604,6.435420554735671,6.585446163978048,14.285875766118398,16.928700293853403,6.754092989618069,-19.92544028795451,32.40860772621312,0.7956403269754768,6.503642039543678,6.8289222182915665,True,K线收盘代理；达到描述性样本门槛,0.24795640326975477,0.0027247956403269754,0.0,0.0
SPCX,gateio|futures|SPCX_USDT::gateio|spot|SPCXX_USDT,spot_perp,reference,7,non_regular,1114,7,2,1626,0.6851168511685117,4.456031668006117,4.692948520782503,4.730848646523622,9.868356568664138,11.503017310004358,4.575796199928297,-14.88900920411429,19.58224543080922,0.8258527827648114,4.310922375346804,5.7267920389153515,False,样本不足 / 仅事件观察,0.09964093357271095,0.0,0.0,0.0
SPCX,gateio|futures|SPCX_USDT::gateio|spot|SPCXX_USDT,spot_perp,reference,7,pre_market,298,5,1,330,0.9030303030303031,4.586047206616795,4.726217345596417,5.183529340975213,10.031061057211854,12.376319553878078,4.8254635497353044,-14.88900920411429,19.46962067808089,0.8489932885906041,4.054605102408737,6.480461408850946,True,K线收盘代理；达到描述性样本门槛,0.1040268456375839,0.0,0.0,0.0
SPCX,gateio|futures|SPCX_USDT::gateio|spot|SPCXX_USDT,spot_perp,reference,7,after_market,194,5,1,240,0.8083333333333333,5.602944230808047,5.37652475488648,5.37652475488648,10.667405601577201,11.48641121453775,3.419049822780049,-4.723984343365517,14.481305950500012,0.9381443298969072,4.701457451812274,6.76178240584413,True,K线收盘代理；达到描述性样本门槛,0.10824742268041238,0.0,0.0,0.0
SPCX,gateio|futures|SPCX_USDT::gateio|spot|SPCXX_USDT,spot_perp,reference,7,overnight,346,5,1,480,0.7208333333333333,5.945429898285278,6.066535403288498,6.073079450863439,10.754856684256353,11.815538017339033,3.8457536158586945,-7.781596524220058,15.557359307358798,0.9132947976878613,5.276136057397185,7.409903164620202,True,K线收盘代理；达到描述性样本门槛,0.14450867052023122,0.0,0.0,0.0
SPCX,gateio|futures|SPCX_USDT::gateio|spot|SPCXX_USDT,spot_perp,reference,7,weekend,276,2,2,576,0.4791666666666667,1.6423452355200792,1.3453065632551553,3.253196268773184,8.27714808711466,9.42824432621725,4.579391479903868,-9.76308253058944,19.58224543080922,0.6123188405797102,2.973105586008412,3.6818293920541647,False,样本不足 / 仅事件观察,0.03260869565217391,0.0,0.0,0.0
SPCX,gateio|futures|SPCX_USDT::gateio|spot|SPCXX_USDT,spot_perp,reference,7,holiday,0,0,0,0,0,,,,,,,,,,,,False,样本不足 / 仅事件观察,,,,
SPCX,gateio|futures|SPCX_USDT::gateio|spot|SPCXX_USDT,spot_perp,reference,30,all,7013,30,5,8640,0.8116898148148148,1.7826032353119536,1.9447685725393349,3.9976014391363,9.948551807255068,12.131178595617962,5.95873925894236,-25.99592496311476,33.81294964028836,0.5973192642235847,3.2966348369031784,5.105547258947851,True,K线收盘代理；达到描述性样本门槛,0.09710537573078569,0.00028518465706544986,0.0,0.0
SPCX,gateio|futures|SPCX_USDT::gateio|spot|SPCXX_USDT,spot_perp,reference,30,regular,1526,20,5,1560,0.9782051282051282,1.8876496659190116,1.9773920800625344,5.29345605776721,13.157917517170326,16.584036088445053,7.876381292135125,-25.99592496311476,33.81294964028836,0.5727391874180865,4.3572669140098945,6.350154630827554,True,K线收盘代理；达到描述性样本门槛,0.1965923984272608,0.001310615989515072,0.0,0.0
SPCX,gateio|futures|SPCX_USDT::gateio|spot|SPCXX_USDT,spot_perp,reference,30,non_regular,5487,30,5,7080,0.775,1.753388572817627,1.9435086810037916,3.847633705271747,9.022836701387593,10.798416523521311,5.303217657599649,-22.153598281419164,26.65067626091089,0.6041552761071624,2.696946560077629,4.658823896787206,True,K线收盘代理；达到描述性样本门槛,0.06943685073810825,0.0,0.0,0.0
SPCX,gateio|futures|SPCX_USDT::gateio|spot|SPCXX_USDT,spot_perp,reference,30,pre_market,1230,20,5,1320,0.9318181818181818,1.5154368063875958,1.358743123609507,4.283114483990547,10.420454477658494,13.146383569926368,6.3339046269038946,-20.89727682361375,26.29757785467035,0.5691056910569106,3.2391167638662344,5.126319797596896,True,K线收盘代理；达到描述性样本门槛,0.11544715447154472,0.0,0.0,0.0
SPCX,gateio|futures|SPCX_USDT::gateio|spot|SPCXX_USDT,spot_perp,reference,30,after_market,831,20,5,960,0.865625,1.9605267240652615,2.0293580464048055,3.9835347231442775,8.71430486660385,10.641377471334312,5.065371395011289,-20.268900749947917,18.77304726785045,0.618531889290012,2.6500485907486606,5.067308659947312,True,K线收盘代理；达到描述性样本门槛,0.06016847172081829,0.0,0.0,0.0
SPCX,gateio|futures|SPCX_USDT::gateio|spot|SPCXX_USDT,spot_perp,reference,30,overnight,1501,20,5,1920,0.7817708333333333,2.234869188793045,2.019929975760615,3.8483740619588147,9.18394122277677,10.756302521008898,5.1874638712110706,-21.116351094530028,26.65067626091089,0.6382411725516323,2.7110991118037275,4.793787923378923,True,K线收盘代理；达到描述性样本门槛,0.07661558960692871,0.0,0.0,0.0
SPCX,gateio|futures|SPCX_USDT::gateio|spot|SPCXX_USDT,spot_perp,reference,30,weekend,1707,9,5,2592,0.6585648148148148,1.8626757582080133,1.997868939798142,3.3491861477652485,7.999147064806866,9.42824432621725,4.624424940046363,-22.153598281419164,19.58224543080922,0.6338605741066198,2.6869984355687437,4.036191295077041,False,样本不足 / 仅事件观察,0.040421792618629174,0.0,0.0,0.0
SPCX,gateio|futures|SPCX_USDT::gateio|spot|SPCXX_USDT,spot_perp,reference,30,holiday,218,1,1,288,0.7569444444444444,-1.864532349284842,-1.3328452762528809,2.658160975494983,6.858027224033177,8.606934714171176,3.964432188773708,-20.07763351626224,7.988283850353106,0.2798165137614679,2.658160975494983,2.658160975494983,False,样本不足 / 仅事件观察,0.022935779816513763,0.0,0.0,0.0
SPCX,gateio|futures|SPCX_USDT::gateio|spot|SPCXG_USDT,spot_perp,reference,7,all,1671,7,2,2016,0.8288690476190477,4.900530415237296,5.219887772414111,5.368406925243541,9.775171065493637,12.080549156000542,4.662323906193882,-25.25416046105122,31.735313977041546,0.8779174147217235,4.237646689752572,6.064378349232569,True,K线收盘代理；达到描述性样本门槛,0.09634949132256133,0.0005984440454817474,0.0,0.0
SPCX,gateio|futures|SPCX_USDT::gateio|spot|SPCXG_USDT,spot_perp,reference,7,regular,389,5,1,390,0.9974358974358974,4.696897193609995,5.202236961894258,5.861282969714665,13.425343573123083,15.622675612774193,7.101853283311285,-25.25416046105122,31.735313977041546,0.8071979434447301,4.647410290451459,6.823145661305485,True,K线收盘代理；达到描述性样本门槛,0.19794344473007713,0.002570694087403599,0.0,0.0
SPCX,gateio|futures|SPCX_USDT::gateio|spot|SPCXG_USDT,spot_perp,reference,7,non_regular,1282,7,2,1626,0.7884378843788438,4.962319278897998,5.235604807589667,5.2469338230487494,9.074351349351417,10.14047947708019,3.6073048418669664,-12.375431511756352,21.537219006595443,0.8993759750390016,4.233226417253988,6.29180149881281,True,K线收盘代理；达到描述性样本门槛,0.0655226209048362,0.0,0.0,0.0
SPCX,gateio|futures|SPCX_USDT::gateio|spot|SPCXG_USDT,spot_perp,reference,7,pre_market,326,5,1,330,0.9878787878787879,5.010412420632123,4.960502270369149,5.187059358080504,10.042861015839843,11.492890880461237,4.209940508221303,-9.112210361884587,21.537219006595443,0.8834355828220859,3.9014686242611063,5.3863098896833606,True,K线收盘代理；达到描述性样本门槛,0.10736196319018405,0.0,0.0,0.0
SPCX,gateio|futures|SPCX_USDT::gateio|spot|SPCXG_USDT,spot_perp,reference,7,after_market,240,5,1,240,1.0,6.3524606949028435,6.289073057430539,6.289073057430539,9.1799623032196,10.83017430358257,2.7875552246685174,-4.026305193933766,20.97810410384371,0.9833333333333333,5.90648535817917,6.717270131740838,True,K线收盘代理；达到描述性样本门槛,0.07083333333333333,0.0,0.0,0.0
SPCX,gateio|futures|SPCX_USDT::gateio|spot|SPCXG_USDT,spot_perp,reference,7,overnight,473,5,1,480,0.9854166666666667,5.426541242773438,5.835818959927241,5.838090295797738,9.35316060025704,10.106863410133116,3.1934808323541186,-9.067357512954066,14.390371533228308,0.9281183932346723,4.5420627501324695,6.750143448237544,True,K线收盘代理；达到描述性样本门槛,0.06342494714587738,0.0,0.0,0.0
SPCX,gateio|futures|SPCX_USDT::gateio|spot|SPCXG_USDT,spot_perp,reference,7,weekend,243,2,2,576,0.421875,2.6212110774182817,2.6190008511761675,2.6908846283202337,6.057261314640794,6.731649534380102,3.08806864985536,-12.375431511756352,11.740917096081382,0.7818930041152263,2.6434075739167895,4.022191701458233,False,样本不足 / 仅事件观察,0.00823045267489712,0.0,0.0,0.0
SPCX,gateio|futures|SPCX_USDT::gateio|spot|SPCXG_USDT,spot_perp,reference,7,holiday,0,0,0,0,0,,,,,,,,,,,,False,样本不足 / 仅事件观察,,,,
SPCX,gateio|futures|SPCX_USDT::gateio|spot|SPCXG_USDT,spot_perp,reference,30,all,7162,30,5,8640,0.8289351851851852,3.7253837642477374,3.3615705865286394,4.248843749753428,11.908714706448059,15.603129220836829,6.34763742655353,-35.71901045111958,51.0375394533602,0.7313599553197431,2.8267139479906667,5.612682665971647,True,K线收盘代理；达到描述性样本门槛,0.13808991901703435,0.0016755096341803965,0.00013962580284836637,0.0
SPCX,gateio|futures|SPCX_USDT::gateio|spot|SPCXG_USDT,spot_perp,reference,30,regular,1552,20,5,1560,0.9948717948717949,2.6943098652214017,2.6534985404391698,4.695623140609229,13.625840392686113,17.314961235342757,8.016457460261975,-35.71901045111958,51.0375394533602,0.6481958762886598,3.6386012670924783,6.072867660359416,True,K线收盘代理；达到描述性样本门槛,0.18170103092783504,0.005798969072164949,0.0006443298969072165,0.0
SPCX,gateio|futures|SPCX_USDT::gateio|spot|SPCXG_USDT,spot_perp,reference,30,non_regular,5610,30,5,7080,0.7923728813559322,4.010629163764471,3.448751617568524,4.081355009863952,11.383606438363893,15.273258516501631,5.769354625109239,-16.329196603527272,37.59903316771896,0.754367201426025,2.658684686859536,5.9403603301902415,True,K线收盘代理；达到描述性样本门槛,0.12602495543672015,0.0005347593582887701,0.0,0.0
SPCX,gateio|futures|SPCX_USDT::gateio|spot|SPCXG_USDT,spot_perp,reference,30,pre_market,1301,20,5,1320,0.9856060606060606,2.882968737855439,2.7001485081701304,3.9575225908583533,9.944594402613305,12.094335819390345,5.4499562509720665,-14.854827819040795,26.27094575404776,0.7079169869331283,2.757295329936793,5.301736114691479,True,K线收盘代理；达到描述性样本门槛,0.09607993850883935,0.0,0.0,0.0
SPCX,gateio|futures|SPCX_USDT::gateio|spot|SPCXG_USDT,spot_perp,reference,30,after_market,952,20,5,960,0.9916666666666667,3.1798270178795307,3.3693857954031348,4.018081586891764,8.789663359508593,11.165839998795944,4.820890046193778,-16.329196603527272,20.97810410384371,0.7436974789915967,2.565160141080325,6.027422046152586,True,K线收盘代理；达到描述性样本门槛,0.06722689075630252,0.0,0.0,0.0
SPCX,gateio|futures|SPCX_USDT::gateio|spot|SPCXG_USDT,spot_perp,reference,30,overnight,1888,20,5,1920,0.9833333333333333,3.573332256482302,3.4006665306418604,4.049402786878709,9.311548898409905,12.000480213342323,5.112480686279057,-9.796238244514921,26.878107781211913,0.753177966101695,2.4652226628632534,5.726096363888877,True,K线收盘代理；达到描述性样本门槛,0.07838983050847458,0.0,0.0,0.0
SPCX,gateio|futures|SPCX_USDT::gateio|spot|SPCXG_USDT,spot_perp,reference,30,weekend,1189,9,5,2592,0.45871913580246915,5.211648204404475,3.556946716938292,4.025494800403706,15.390793394336466,18.211505796966062,6.625141517890172,-12.375431511756352,32.96999058000294,0.7653490328006728,1.9540155101460677,7.118451025058814,False,样本不足 / 仅事件观察,0.19596299411269974,0.001682085786375105,0.0,0.0
SPCX,gateio|futures|SPCX_USDT::gateio|spot|SPCXG_USDT,spot_perp,reference,30,holiday,280,1,1,288,0.9722222222222222,9.923539087399767,9.983032045745022,9.983032045745022,17.447625435851098,19.33207077261101,6.050635612192239,-4.656112810961233,37.59903316771896,0.9678571428571429,9.983032045745022,9.983032045745022,False,样本不足 / 仅事件观察,0.48928571428571427,0.0035714285714285713,0.0,0.0
SPCX,bitget|futures|SPCXUSDT::bitget|spot|RSPCXUSDT,spot_perp,reference,7,all,0,0,0,2016,0.0,,,,,,,,,,,,False,样本不足 / 仅事件观察,,,,
SPCX,bitget|futures|SPCXUSDT::bitget|spot|RSPCXUSDT,spot_perp,reference,7,regular,0,0,0,390,0.0,,,,,,,,,,,,False,样本不足 / 仅事件观察,,,,
SPCX,bitget|futures|SPCXUSDT::bitget|spot|RSPCXUSDT,spot_perp,reference,7,non_regular,0,0,0,1626,0.0,,,,,,,,,,,,False,样本不足 / 仅事件观察,,,,
SPCX,bitget|futures|SPCXUSDT::bitget|spot|RSPCXUSDT,spot_perp,reference,7,pre_market,0,0,0,330,0.0,,,,,,,,,,,,False,样本不足 / 仅事件观察,,,,
SPCX,bitget|futures|SPCXUSDT::bitget|spot|RSPCXUSDT,spot_perp,reference,7,after_market,0,0,0,240,0.0,,,,,,,,,,,,False,样本不足 / 仅事件观察,,,,
SPCX,bitget|futures|SPCXUSDT::bitget|spot|RSPCXUSDT,spot_perp,reference,7,overnight,0,0,0,480,0.0,,,,,,,,,,,,False,样本不足 / 仅事件观察,,,,
SPCX,bitget|futures|SPCXUSDT::bitget|spot|RSPCXUSDT,spot_perp,reference,7,weekend,0,0,0,576,0.0,,,,,,,,,,,,False,样本不足 / 仅事件观察,,,,
SPCX,bitget|futures|SPCXUSDT::bitget|spot|RSPCXUSDT,spot_perp,reference,7,holiday,0,0,0,0,0,,,,,,,,,,,,False,样本不足 / 仅事件观察,,,,
SPCX,bitget|futures|SPCXUSDT::bitget|spot|RSPCXUSDT,spot_perp,reference,30,all,0,0,0,8640,0.0,,,,,,,,,,,,False,样本不足 / 仅事件观察,,,,
SPCX,bitget|futures|SPCXUSDT::bitget|spot|RSPCXUSDT,spot_perp,reference,30,regular,0,0,0,1560,0.0,,,,,,,,,,,,False,样本不足 / 仅事件观察,,,,
SPCX,bitget|futures|SPCXUSDT::bitget|spot|RSPCXUSDT,spot_perp,reference,30,non_regular,0,0,0,7080,0.0,,,,,,,,,,,,False,样本不足 / 仅事件观察,,,,
SPCX,bitget|futures|SPCXUSDT::bitget|spot|RSPCXUSDT,spot_perp,reference,30,pre_market,0,0,0,1320,0.0,,,,,,,,,,,,False,样本不足 / 仅事件观察,,,,
SPCX,bitget|futures|SPCXUSDT::bitget|spot|RSPCXUSDT,spot_perp,reference,30,after_market,0,0,0,960,0.0,,,,,,,,,,,,False,样本不足 / 仅事件观察,,,,
SPCX,bitget|futures|SPCXUSDT::bitget|spot|RSPCXUSDT,spot_perp,reference,30,overnight,0,0,0,1920,0.0,,,,,,,,,,,,False,样本不足 / 仅事件观察,,,,
SPCX,bitget|futures|SPCXUSDT::bitget|spot|RSPCXUSDT,spot_perp,reference,30,weekend,0,0,0,2592,0.0,,,,,,,,,,,,False,样本不足 / 仅事件观察,,,,
SPCX,bitget|futures|SPCXUSDT::bitget|spot|RSPCXUSDT,spot_perp,reference,30,holiday,0,0,0,288,0.0,,,,,,,,,,,,False,样本不足 / 仅事件观察,,,,
SPCX,binance|futures|SPCXUSD1::binance|spot|SPCXBUSDT,spot_perp,reference,7,all,1305,7,2,2016,0.6473214285714286,11.477538992628947,11.713411856575373,11.713411856575373,18.197503750646327,21.463545509423643,5.838566464692955,-6.7704807041291115,33.22259136212536,0.9800766283524904,9.962321424960008,13.440884617836879,False,样本不足 / 仅事件观察,0.6206896551724138,0.0053639846743295016,0.0,0.0
SPCX,binance|futures|SPCXUSD1::binance|spot|SPCXBUSDT,spot_perp,reference,7,regular,388,5,1,390,0.9948717948717949,12.63213869275683,12.215010939113924,12.215010939113924,21.587937873235763,24.542085396982213,6.440798177792831,-2.712416084627023,33.22259136212536,0.9896907216494846,10.436046626561835,13.582123352817721,True,K线收盘代理；达到描述性样本门槛,0.6185567010309279,0.010309278350515464,0.0,0.0
SPCX,binance|futures|SPCXUSD1::binance|spot|SPCXBUSDT,spot_perp,reference,7,non_regular,917,7,2,1626,0.5639606396063961,10.989006076980507,11.6625631722167,11.6625631722167,16.877754692630198,19.485318820129383,5.49155354457985,-6.7704807041291115,32.14788024914483,0.9760087241003271,9.947825575333248,13.446747142181191,False,样本不足 / 仅事件观察,0.6215921483097055,0.003271537622682661,0.0,0.0
SPCX,binance|futures|SPCXUSD1::binance|spot|SPCXBUSDT,spot_perp,reference,7,pre_market,305,5,1,330,0.9242424242424242,12.520616551488752,12.839572915259723,12.839572915259723,19.5408495856273,21.461243325820334,5.763947886239731,-1.3152702880447897,32.14788024914483,0.9934426229508196,13.136288998356616,14.224752111132721,True,K线收盘代理；达到描述性样本门槛,0.6622950819672131,0.009836065573770493,0.0,0.0
SPCX,binance|futures|SPCXUSD1::binance|spot|SPCXBUSDT,spot_perp,reference,7,after_market,174,5,1,240,0.725,12.357845411738015,11.786673570179929,11.786673570179929,18.159814212418414,21.073303011737817,4.850132435014343,-6.7704807041291115,25.653142509958204,0.9827586206896551,10.780218299422106,12.960506799784,True,K线收盘代理；达到描述性样本门槛,0.7011494252873564,0.0,0.0,0.0
SPCX,binance|futures|SPCXUSD1::binance|spot|SPCXBUSDT,spot_perp,reference,7,overnight,308,5,1,480,0.6416666666666667,11.497148518177744,12.080536912753015,12.080536912753015,15.532691702819346,16.186792584943042,3.4436586443837753,0.6485084306118161,19.051373012743955,1.0,12.08215867901874,12.402898176534505,False,样本不足 / 仅事件观察,0.7435064935064936,0.0,0.0,0.0
SPCX,binance|futures|SPCXUSD1::binance|spot|SPCXBUSDT,spot_perp,reference,7,weekend,130,2,2,576,0.22569444444444445,4.359566762660736,3.2594526336171548,3.2670159026149115,12.786088740666557,15.177582077329442,4.756342380763604,-6.511688480822508,20.19114281868184,0.8692307692307693,5.804396648772525,10.907432350847902,False,样本不足 / 仅事件观察,0.13076923076923078,0.0,0.0,0.0
SPCX,binance|futures|SPCXUSD1::binance|spot|SPCXBUSDT,spot_perp,reference,7,holiday,0,0,0,0,0,,,,,,,,,,,,False,样本不足 / 仅事件观察,,,,
SPCX,binance|futures|SPCXUSD1::binance|spot|SPCXBUSDT,spot_perp,reference,30,all,6477,30,5,8640,0.7496527777777777,3.1221415260726784,2.025521571802358,3.892817751249833,12.835930483226402,15.55129335967731,7.178617306031651,-88.85941644562357,33.22259136212536,0.6371777057279605,1.996540415353798,6.286609561644008,True,K线收盘代理；达到描述性样本门槛,0.17230199166280685,0.003551026709896557,0.0010807472595337347,0.0
SPCX,binance|futures|SPCXUSD1::binance|spot|SPCXBUSDT,spot_perp,reference,30,regular,1556,20,5,1560,0.9974358974358974,3.661710987067616,3.2028034117848048,5.181682751473904,14.30709071865044,18.321423892977418,8.534377261723964,-73.08484486080569,33.22259136212536,0.6484575835475579,2.675016982304906,7.305653728461037,True,K线收盘代理；达到描述性样本门槛,0.2191516709511568,0.008354755784061696,0.0019280205655526992,0.0
SPCX,binance|futures|SPCXUSD1::binance|spot|SPCXBUSDT,spot_perp,reference,30,non_regular,4921,30,5,7080,0.6950564971751413,2.9515318773614156,1.9908421262204712,3.3395671920921632,12.316867626085415,14.900233221040171,6.683969361646712,-88.85941644562357,32.14788024914483,0.6336110546636863,2.001058671063649,6.059093879623168,False,样本不足 / 仅事件观察,0.15748831538305222,0.00203210729526519,0.000812842918106076,0.0
SPCX,binance|futures|SPCXUSD1::binance|spot|SPCXBUSDT,spot_perp,reference,30,pre_market,1253,20,5,1320,0.9492424242424242,3.4710268280063388,2.079578538749516,4.018485031143104,14.3281409442233,16.877754692630194,7.297753015059593,-32.1416857986212,32.14788024914483,0.6233040702314445,1.9902792264475666,6.699884241205822,True,K线收盘代理；达到描述性样本门槛,0.19952114924181963,0.0031923383878691143,0.0,0.0
SPCX,binance|futures|SPCXUSD1::binance|spot|SPCXBUSDT,spot_perp,reference,30,after_market,758,20,5,960,0.7895833333333333,4.099685213730553,3.3797504152321967,5.508368976989697,13.950217983657144,16.780869808417087,7.4402949061922605,-13.944084222269337,25.79655581119722,0.6464379947229552,2.4993878768499176,10.069686128496292,True,K线收盘代理；达到描述性样本门槛,0.24802110817941952,0.0,0.0,0.0
SPCX,binance|futures|SPCXUSD1::binance|spot|SPCXBUSDT,spot_perp,reference,30,overnight,1381,20,5,1920,0.7192708333333333,3.7382701270426857,2.6684456304204573,4.268639726807688,12.95672454003638,14.827795376424202,7.9315002705715845,-88.85941644562357,22.823387259180983,0.6618392469225199,1.9884574280849832,8.23803488098851,True,K线收盘代理；达到描述性样本门槛,0.2273714699493121,0.004344677769732078,0.002896451846488052,0.0
SPCX,binance|futures|SPCXUSD1::binance|spot|SPCXBUSDT,spot_perp,reference,30,weekend,1289,9,5,2592,0.4972993827160494,1.6301846232125816,1.4208581983532476,2.604336219804715,5.389020752889051,6.695681285571187,3.345407720289383,-10.022048506713732,20.19114281868184,0.6625290923196276,1.995809174716312,3.9265730875459592,False,样本不足 / 仅事件观察,0.017067494181536073,0.0,0.0,0.0
SPCX,binance|futures|SPCXUSD1::binance|spot|SPCXBUSDT,spot_perp,reference,30,holiday,240,1,1,288,0.8333333333333334,-0.8172027657130885,-0.6676013204004461,1.9897858014128467,4.012599758177027,5.321342592629785,2.887219403859677,-22.49867654843807,8.002667555853105,0.32916666666666666,1.9897858014128467,1.9897858014128467,False,样本不足 / 仅事件观察,0.004166666666666667,0.0,0.0,0.0
SPCX,binance|futures|SPCXUSDT::binance|spot|SPCXBUSDT,spot_perp,reference,7,all,2016,7,2,2016,1.0,6.111664683172863,6.559312647538285,6.559312647538285,8.42678424491039,8.751262201278642,1.9818269785377987,-0.6512960791971167,10.771509357747622,0.998015873015873,5.521974329795731,6.745934343831972,True,K线收盘代理；达到描述性样本门槛,0.005456349206349206,0.0,0.0,0.0
SPCX,binance|futures|SPCXUSDT::binance|spot|SPCXBUSDT,spot_perp,reference,7,regular,390,5,1,390,1.0,6.0403538972859945,6.074309220281959,6.074309220281959,8.077653647154293,8.743759664149087,1.6503381866636524,0.6409434687859594,10.34794981244369,1.0,5.8584215367307735,6.7292486870029755,True,K线收盘代理；达到描述性样本门槛,0.007692307692307693,0.0,0.0,0.0
SPCX,binance|futures|SPCXUSDT::binance|spot|SPCXBUSDT,spot_perp,reference,7,non_regular,1626,7,2,1626,1.0,6.1287687462084595,6.710058377508155,6.710058377508155,8.435259393104744,8.751262201278642,2.05302544905814,-0.6512960791971167,10.771509357747622,0.997539975399754,5.558376336600723,7.246262147194149,True,K线收盘代理；达到描述性样本门槛,0.004920049200492005,0.0,0.0,0.0
SPCX,binance|futures|SPCXUSDT::binance|spot|SPCXBUSDT,spot_perp,reference,7,pre_market,330,5,1,330,1.0,5.922394294325698,6.1019017663943576,6.1019017663943576,8.410483347176534,8.616299995785061,1.9629827255632157,0.0,9.765625,0.996969696969697,5.9169680738868635,6.71704784170446,True,K线收盘代理；达到描述性样本门槛,0.0,0.0,0.0,0.0
SPCX,binance|futures|SPCXUSDT::binance|spot|SPCXBUSDT,spot_perp,reference,7,after_market,240,5,1,240,1.0,6.944792926012041,7.137064078881483,7.137064078881483,8.420617179307976,8.723749081510078,1.059078078977477,4.53955901426939,9.73141300116831,1.0,6.729701545356015,7.434944543616151,True,K线收盘代理；达到描述性样本门槛,0.0,0.0,0.0,0.0
SPCX,binance|futures|SPCXUSDT::binance|spot|SPCXBUSDT,spot_perp,reference,7,overnight,480,5,1,480,1.0,6.530603626116728,6.71591672263272,6.71591672263272,8.094380744968488,8.763680612922098,1.505948628728543,1.2962602890675967,10.109860483926703,1.0,6.552007121578551,6.7240451855843375,True,K线收盘代理；达到描述性样本门槛,0.004166666666666667,0.0,0.0,0.0
SPCX,binance|futures|SPCXUSDT::binance|spot|SPCXBUSDT,spot_perp,reference,7,weekend,576,2,2,576,1.0,5.572131634424576,5.6206404360648055,5.6206404360648055,8.750084135424885,8.75258791203648,2.5665568178304703,-0.6512960791971167,10.771509357747622,0.9947916666666666,4.470976085829415,6.874630113591628,True,K线收盘代理；达到描述性样本门槛,0.010416666666666666,0.0,0.0,0.0
SPCX,binance|futures|SPCXUSDT::binance|spot|SPCXBUSDT,spot_perp,reference,7,holiday,0,0,0,0,0,,,,,,,,,,,,False,样本不足 / 仅事件观察,,,,
SPCX,binance|futures|SPCXUSDT::binance|spot|SPCXBUSDT,spot_perp,reference,30,all,8639,30,5,8640,0.9998842592592593,2.235332578265649,2.621403761713381,3.4865072170686684,7.39754402074011,8.07700074039186,3.9678971865125234,-11.261261261262812,11.422428273868412,0.6136126866535478,1.9831071830671287,5.39257782319863,True,K线收盘代理；达到描述性样本门槛,0.0028938534552610255,0.0,0.0,0.0
SPCX,binance|futures|SPCXUSDT::binance|spot|SPCXBUSDT,spot_perp,reference,30,regular,1560,20,5,1560,1.0,1.9582476390763444,3.292397942579184,4.244537421312922,7.396051865086628,8.117514568216965,4.505916045211064,-11.261261261262812,10.34794981244369,0.6282051282051282,2.751598486647744,5.618004248919561,True,K线收盘代理；达到描述性样本门槛,0.00641025641025641,0.0,0.0,0.0
SPCX,binance|futures|SPCXUSDT::binance|spot|SPCXBUSDT,spot_perp,reference,30,non_regular,7079,30,5,7080,0.9998587570621469,2.296393816453997,2.617115938234882,3.330890680166565,7.397942027036475,8.07700074039186,3.836518918881698,-8.002667555850884,11.422428273868412,0.6103969487215708,1.942864705248848,5.357642880146618,True,K线收盘代理；达到描述性样本门槛,0.002118943353581014,0.0,0.0,0.0
SPCX,binance|futures|SPCXUSDT::binance|spot|SPCXBUSDT,spot_perp,reference,30,pre_market,1320,20,5,1320,1.0,2.26012272778249,2.6119038209504453,3.523235744075648,7.332606025832303,8.039770090010778,3.9678829576920176,-7.915045181716707,10.164667615368828,0.5909090909090909,1.8447995388229388,5.6356620800954165,True,K线收盘代理；达到描述性样本门槛,0.0007575757575757576,0.0,0.0,0.0
SPCX,binance|futures|SPCXUSDT::binance|spot|SPCXBUSDT,spot_perp,reference,30,after_market,960,20,5,960,1.0,2.794081130390113,3.969960635569203,4.559456335605505,7.437457741716891,8.112630395422759,4.050904623536069,-6.2739630533270585,11.288180610891096,0.628125,1.3935586032090552,6.117671109636125,True,K线收盘代理；达到描述性样本门槛,0.0010416666666666667,0.0,0.0,0.0
SPCX,binance|futures|SPCXUSDT::binance|spot|SPCXBUSDT,spot_perp,reference,30,overnight,1920,20,5,1920,1.0,2.5486665290700468,3.4768117136141363,3.995737879596284,7.412199241177975,8.088460801356389,4.10059042555529,-5.673758865248901,10.86882684600221,0.6145833333333334,2.5000800526646385,5.802354997782311,True,K线收盘代理；达到描述性样本门槛,0.003125,0.0,0.0,0.0
SPCX,binance|futures|SPCXUSDT::binance|spot|SPCXBUSDT,spot_perp,reference,30,weekend,2591,9,5,2592,0.9996141975308642,2.250781806754685,2.602641681306306,3.270538984825322,7.375125712369979,8.07700074039186,3.5308005643021585,-8.002667555850884,11.422428273868412,0.6460825935932073,1.3242402229818317,4.663246952234523,True,K线收盘代理；达到描述性样本门槛,0.002701659590891548,0.0,0.0,0.0
SPCX,binance|futures|SPCXUSDT::binance|spot|SPCXBUSDT,spot_perp,reference,30,holiday,288,1,1,288,1.0,-0.4677897787688597,-0.6627564395444985,0.6692992556844857,2.2028493715194957,2.680389557902729,1.3259297198366198,-3.997867803837707,3.31696961655803,0.2916666666666667,0.6692992556844857,0.6692992556844857,False,样本不足 / 仅事件观察,0.0,0.0,0.0,0.0
SPCX,bybit|futures|SPCXUSDT::bybit|spot|SPCXXUSDT,spot_perp,reference,7,all,1386,7,2,2016,0.6875,5.774340125785815,6.005411288381168,6.044731254877256,11.612454471115473,13.51952075698215,4.801942051349687,-16.707364092017897,25.237023395401348,0.8802308802308803,4.719139138978923,7.088426732843045,False,样本不足 / 仅事件观察,0.17532467532467533,0.0,0.0,0.0
SPCX,bybit|futures|SPCXUSDT::bybit|spot|SPCXXUSDT,spot_perp,reference,7,regular,384,5,1,390,0.9846153846153847,7.518383127082616,7.741962584767448,7.799052531571871,13.455880414849686,15.781051165358322,5.147002340504387,-16.707364092017897,25.237023395401348,0.9375,7.278747742325287,8.464092714368654,True,K线收盘代理；达到描述性样本门槛,0.2916666666666667,0.0,0.0,0.0
SPCX,bybit|futures|SPCXUSDT::bybit|spot|SPCXXUSDT,spot_perp,reference,7,non_regular,1002,7,2,1626,0.6162361623616236,5.105964364809796,5.236635972469816,5.35941584772881,10.510826216240554,12.313156373894518,4.486714836884419,-10.748354158270912,20.225173599406343,0.8582834331337326,4.05083391812,6.927977657861795,False,样本不足 / 仅事件观察,0.13073852295409183,0.0,0.0,0.0
SPCX,bybit|futures|SPCXUSDT::bybit|spot|SPCXXUSDT,spot_perp,reference,7,pre_market,297,5,1,330,0.9,6.496159072563224,6.5646950699127515,6.574621959236637,12.327276148814017,14.445149521701499,4.474583469145946,-7.852889208821434,20.225173599406343,0.9191919191919192,4.065867344874574,8.039393107014403,True,K线收盘代理；达到描述性样本门槛,0.19865319865319866,0.0,0.0,0.0
SPCX,bybit|futures|SPCXUSDT::bybit|spot|SPCXXUSDT,spot_perp,reference,7,after_market,163,5,1,240,0.6791666666666667,6.857892323244481,6.716818914562772,6.716818914562772,11.126092436173796,12.465559157212038,3.489284305203099,-1.3510774842939721,17.114270668774356,0.9938650306748467,4.7313281514038685,8.508967142295543,False,样本不足 / 仅事件观察,0.17791411042944785,0.0,0.0,0.0
SPCX,bybit|futures|SPCXUSDT::bybit|spot|SPCXXUSDT,spot_perp,reference,7,overnight,263,5,1,480,0.5479166666666667,6.419304523617839,6.715014773033268,6.715014773033268,10.688790538126105,11.759023432384994,3.5787345583724877,-6.475006475006317,17.665532583093224,0.9581749049429658,6.037432078889182,7.500460626844729,False,样本不足 / 仅事件观察,0.1596958174904943,0.0,0.0,0.0
SPCX,bybit|futures|SPCXUSDT::bybit|spot|SPCXXUSDT,spot_perp,reference,7,weekend,279,2,2,576,0.484375,1.3645287117842129,1.3113034356138087,2.6181437360905946,6.5039829740025645,7.162366048543143,3.5103720449383577,-10.748354158270912,9.769441187963412,0.6200716845878136,2.4825863649707847,3.5173277258532254,False,样本不足 / 仅事件观察,0.0035842293906810036,0.0,0.0,0.0
SPCX,bybit|futures|SPCXUSDT::bybit|spot|SPCXXUSDT,spot_perp,reference,7,holiday,0,0,0,0,0,,,,,,,,,,,,False,样本不足 / 仅事件观察,,,,
SPCX,bybit|futures|SPCXUSDT::bybit|spot|SPCXXUSDT,spot_perp,reference,30,all,6411,30,5,8640,0.7420138888888889,3.825578208105103,3.588602598147972,4.552549427681019,10.823242914157483,13.149062100241693,5.637179710274613,-25.292864749733024,53.00470416749414,0.7515208235844641,3.262533149938074,5.655471228753484,True,K线收盘代理；达到描述性样本门槛,0.12681328965839964,0.0009358914365933552,0.00031196381219778506,0.0
SPCX,bybit|futures|SPCXUSDT::bybit|spot|SPCXXUSDT,spot_perp,reference,30,regular,1519,20,5,1560,0.9737179487179487,4.609529626673966,4.6951505801851035,5.910941810061132,13.437170119351196,16.37319317915664,7.396248495561457,-25.292864749733024,53.00470416749414,0.7445687952600395,4.654897108195416,7.2375876796387795,True,K线收盘代理；达到描述性样本门槛,0.21922317314022383,0.003949967083607637,0.0013166556945358788,0.0
SPCX,bybit|futures|SPCXUSDT::bybit|spot|SPCXXUSDT,spot_perp,reference,30,non_regular,4892,30,5,7080,0.6909604519774011,3.582155844080961,3.404139496666625,4.04462570819053,9.9799687815193,12.094393242212398,4.94052736612709,-14.351882053623699,27.677830058121522,0.7536794766966476,3.2598243802205165,4.913610324727147,False,样本不足 / 仅事件观察,0.09811937857726902,0.0,0.0,0.0
SPCX,bybit|futures|SPCXUSDT::bybit|spot|SPCXXUSDT,spot_perp,reference,30,pre_market,1180,20,5,1320,0.8939393939393939,3.2986423574885326,2.838503659592373,4.074564761100685,10.689318564288675,13.167378359445369,5.622424410760442,-13.307605296426495,27.677830058121522,0.6974576271186441,2.715413037568948,5.499779576563224,True,K线收盘代理；达到描述性样本门槛,0.12457627118644068,0.0,0.0,0.0
SPCX,bybit|futures|SPCXUSDT::bybit|spot|SPCXXUSDT,spot_perp,reference,30,after_market,662,20,5,960,0.6895833333333333,4.9614445796623405,4.820792157521625,5.243325934685128,11.110732527553678,12.78651671347386,4.660437252098804,-11.627155868484396,20.915032679738044,0.8655589123867069,3.342008014879938,6.570625461968794,False,样本不足 / 仅事件观察,0.1404833836858006,0.0,0.0,0.0
SPCX,bybit|futures|SPCXUSDT::bybit|spot|SPCXXUSDT,spot_perp,reference,30,overnight,1223,20,5,1920,0.6369791666666667,4.371846176934306,4.231610127654051,4.691060179600193,10.176481048458804,12.096372631354768,4.588570612074699,-14.351882053623699,19.228030195128643,0.8274734260016353,3.395434741259029,6.067305843630299,False,样本不足 / 仅事件观察,0.10793131643499591,0.0,0.0,0.0
SPCX,bybit|futures|SPCXUSDT::bybit|spot|SPCXXUSDT,spot_perp,reference,30,weekend,1612,9,5,2592,0.6219135802469136,3.303209048966942,3.3109296718691894,3.5590988406819513,9.24727207158682,11.369010064393501,4.3573126720067705,-13.897161008536996,17.802463860998596,0.7593052109181141,2.6798874447298004,4.034698406294446,False,样本不足 / 仅事件观察,0.06389578163771713,0.0,0.0,0.0
SPCX,bybit|futures|SPCXUSDT::bybit|spot|SPCXXUSDT,spot_perp,reference,30,holiday,215,1,1,288,0.7465277777777778,-1.5093430960662482,-1.9878081102575607,2.664535038634508,6.642239479135892,8.661380132002238,4.066812310174299,-11.29643165659,20.776087393605813,0.2558139534883721,2.664535038634508,2.664535038634508,False,样本不足 / 仅事件观察,0.023255813953488372,0.0,0.0,0.0
MU,binance|futures|MUUSDT::bitget|futures|MUUSDT,perp_perp,comparable,7,all,1993,7,2,2016,0.9885912698412699,0.07388495528079142,0.0,1.0951375891044002,2.738916589241302,3.335186727197346,1.70871490551827,-7.039111683933008,9.644900722440841,0.4826894129453086,1.0224702714761724,1.1954347976494972,True,K线收盘代理；达到描述性样本门槛,0.0,0.0,0.0,0.0
MU,binance|futures|MUUSDT::bitget|futures|MUUSDT,perp_perp,comparable,7,regular,390,5,1,390,1.0,0.15451775761045944,0.09248726336896773,1.1074257557464051,2.709471902856198,3.292390382995669,1.7859217745417437,-4.559963520291976,9.644900722440841,0.5102564102564102,0.9574050641869558,1.24298420782043,True,K线收盘代理；达到描述性样本门槛,0.0,0.0,0.0,0.0
MU,binance|futures|MUUSDT::bitget|futures|MUUSDT,perp_perp,comparable,7,non_regular,1603,7,2,1626,0.9858548585485855,0.05426749245573183,-0.09202849202138985,1.0950830769851372,2.745849973300185,3.341781480091675,1.688815228618228,-7.039111683933008,5.873984672573052,0.4759825327510917,0.9921031217122178,1.2740949905898358,True,K线收盘代理；达到描述性样本门槛,0.0,0.0,0.0,0.0
MU,binance|futures|MUUSDT::bitget|futures|MUUSDT,perp_perp,comparable,7,pre_market,330,5,1,330,1.0,0.42835207667751674,0.5164249202260773,1.0647583492628954,2.5594610531309847,2.967845304276852,1.488512854963118,-4.399303762359086,4.033145119894943,0.6272727272727273,0.8685306886091482,1.1005910117933837,True,K线收盘代理；达到描述性样本门槛,0.0,0.0,0.0,0.0
MU,binance|futures|MUUSDT::bitget|futures|MUUSDT,perp_perp,comparable,7,after_market,240,5,1,240,1.0,0.38260555918738043,0.28728800708366364,1.1873236930159958,2.6521536072050544,2.9724699828725933,1.5720479260032894,-3.5898049539317967,5.17911091929113,0.5583333333333333,0.6492512765149394,1.6306252058140291,True,K线收盘代理；达到描述性样本门槛,0.0,0.0,0.0,0.0
MU,binance|futures|MUUSDT::bitget|futures|MUUSDT,perp_perp,comparable,7,overnight,480,5,1,480,1.0,0.31232380652356184,0.09294072629839611,1.2250816325382052,3.1446834111644737,3.9672974469382987,1.9015571507359754,-4.8039788248144255,5.873984672573052,0.5041666666666667,0.9523720494070131,1.8247404108756582,True,K线收盘代理；达到描述性样本门槛,0.0,0.0,0.0,0.0
MU,binance|futures|MUUSDT::bitget|futures|MUUSDT,perp_perp,comparable,7,weekend,553,2,2,576,0.9600694444444444,-0.5354541704038397,-0.49590875278893165,0.9244023738641527,2.495378662342951,3.210282258047535,1.4826559249056486,-7.039111683933008,5.077253902516787,0.325497287522604,0.9285471350299612,1.0351285246791575,True,K线收盘代理；达到描述性样本门槛,0.0,0.0,0.0,0.0
MU,binance|futures|MUUSDT::bitget|futures|MUUSDT,perp_perp,comparable,7,holiday,0,0,0,0,0,,,,,,,,,,,,False,样本不足 / 仅事件观察,,,,
MU,binance|futures|MUUSDT::bitget|futures|MUUSDT,perp_perp,comparable,30,all,8586,30,5,8640,0.99375,-0.40838487224527603,-0.3245366218002088,1.1011699954349696,3.0544424230638523,3.790795778598477,1.8318438177390761,-10.152984780379404,9.644900722440841,0.40263219194036803,0.8895685001143738,1.422120289714529,True,K线收盘代理；达到描述性样本门槛,0.00023293733985557886,0.0,0.0,0.0
MU,binance|futures|MUUSDT::bitget|futures|MUUSDT,perp_perp,comparable,30,regular,1560,20,5,1560,1.0,-0.20619190809596824,-0.2095224634812709,1.0949471194526827,2.7623800162768224,3.4525856140398816,1.7464308243726754,-10.152984780379404,9.644900722440841,0.4371794871794872,0.9487749072033258,1.3836382975931927,True,K线收盘代理；达到描述性样本门槛,0.000641025641025641,0.0,0.0,0.0
MU,binance|futures|MUUSDT::bitget|futures|MUUSDT,perp_perp,comparable,30,non_regular,7026,30,5,7080,0.9923728813559322,-0.4532782716294093,-0.38662329443994725,1.1035779044260563,3.123446870916813,3.8442564111879074,1.847273466141143,-10.12570960757575,9.001340416996406,0.39496157130657555,0.8800914914429414,1.4687289965659156,True,K线收盘代理；达到描述性样本门槛,0.00014232849416453175,0.0,0.0,0.0
MU,binance|futures|MUUSDT::bitget|futures|MUUSDT,perp_perp,comparable,30,pre_market,1320,20,5,1320,1.0,-0.5317862289129462,-0.5119069560066691,1.1631457276489732,2.8842214025757156,3.4006055206944854,1.7001124027712944,-6.6118522784230915,4.4035773823880575,0.3856060606060606,0.8683001145758096,1.470284449838627,True,K线收盘代理；达到描述性样本门槛,0.0,0.0,0.0,0.0
MU,binance|futures|MUUSDT::bitget|futures|MUUSDT,perp_perp,comparable,30,after_market,959,20,5,960,0.9989583333333333,0.008302249225376465,0.0,1.0931568381922219,2.5653346655643006,3.01492046885876,1.5800378349020807,-4.818684191640887,5.615763546797936,0.49530761209593327,0.7382582599173293,1.5792488670299254,True,K线收盘代理；达到描述性样本门槛,0.0,0.0,0.0,0.0
MU,binance|futures|MUUSDT::bitget|futures|MUUSDT,perp_perp,comparable,30,overnight,1915,20,5,1920,0.9973958333333334,-0.49631859763517816,-0.4938174060753475,1.340585261221383,3.364166963937266,4.002594955073713,2.05917891657437,-10.12570960757575,9.001340416996406,0.3801566579634465,0.95282778051195,1.8650467742929722,True,K线收盘代理；达到描述性样本门槛,0.0005221932114882506,0.0,0.0,0.0
MU,binance|futures|MUUSDT::bitget|futures|MUUSDT,perp_perp,comparable,30,weekend,2544,9,5,2592,0.9814814814814815,-0.4713476542851647,-0.29835164668146064,0.9625719937117472,3.277848803300066,3.8977897846781406,1.7688713634235853,-7.799431462496287,8.74284312993856,0.38757861635220126,0.6423432756047509,1.3810316061235728,True,K线收盘代理；达到描述性样本门槛,0.0,0.0,0.0,0.0
MU,binance|futures|MUUSDT::bitget|futures|MUUSDT,perp_perp,comparable,30,holiday,288,1,1,288,1.0,-1.1846480011717067,-0.7198394489554838,0.8673069997378047,5.1708369375425,6.032997288936858,2.1370982348028136,-8.134594035907883,6.114630208182703,0.2673611111111111,0.8673069997378047,0.8673069997378047,False,样本不足 / 仅事件观察,0.0,0.0,0.0,0.0
MU,binance|futures|MUUSDT::bybit|futures|MUUSDT,perp_perp,comparable,7,all,2016,7,2,2016,1.0,-0.2946906040598032,-0.28707173591713264,1.1020049818127875,2.740139300003719,3.3053702621424486,1.6843475905469711,-8.27535771677268,7.397089197367368,0.41369047619047616,1.024166684471528,1.1764309884751412,True,K线收盘代理；达到描述性样本门槛,0.0,0.0,0.0,0.0
MU,binance|futures|MUUSDT::bybit|futures|MUUSDT,perp_perp,comparable,7,regular,390,5,1,390,1.0,-0.38433864602741935,-0.2782557362124294,1.1896782094156233,2.8606557261630083,3.416533358918061,1.727981151755833,-7.585504964184864,7.397089197367368,0.40512820512820513,1.0148145294663902,1.300776756733013,True,K线收盘代理；达到描述性样本门槛,0.0,0.0,0.0,0.0
MU,binance|futures|MUUSDT::bybit|futures|MUUSDT,perp_perp,comparable,7,non_regular,1626,7,2,1626,1.0,-0.27318830617089157,-0.291189094771549,1.091546675556776,2.6887986706658484,3.2809120300553163,1.6729987153433032,-8.27535771677268,6.764044533007496,0.4157441574415744,1.0298172548084406,1.1484557938992723,True,K线收盘代理；达到描述性样本门槛,0.0,0.0,0.0,0.0
MU,binance|futures|MUUSDT::bybit|futures|MUUSDT,perp_perp,comparable,7,pre_market,330,5,1,330,1.0,-0.016995025665171457,0.09551399446583453,1.095141208812822,2.509739734914529,2.9656655075881457,1.604029757816435,-6.416737963753638,4.062131264868096,0.5121212121212121,1.0492485828139664,1.2315369935012033,True,K线收盘代理；达到描述性样本门槛,0.0,0.0,0.0,0.0
MU,binance|futures|MUUSDT::bybit|futures|MUUSDT,perp_perp,comparable,7,after_market,240,5,1,240,1.0,-0.2503471758231642,-0.36800729126262866,1.0200818431599368,2.2333630593456273,2.604920135982236,1.4591467555894513,-4.325856657677596,6.645254180972504,0.3958333333333333,0.9775867560202212,1.0968433067182204,True,K线收盘代理；达到描述性样本门槛,0.0,0.0,0.0,0.0
MU,binance|futures|MUUSDT::bybit|futures|MUUSDT,perp_perp,comparable,7,overnight,480,5,1,480,1.0,-0.23764912412828354,-0.18991417833791324,1.324544593332977,3.279235832887695,3.8390978615037143,2.0264851452773023,-8.27535771677268,6.764044533007496,0.45416666666666666,1.1528781457287307,1.5940813289805345,True,K线收盘代理；达到描述性样本门槛,0.0,0.0,0.0,0.0
MU,binance|futures|MUUSDT::bybit|futures|MUUSDT,perp_perp,comparable,7,weekend,576,2,2,576,1.0,-0.4590988291410201,-0.47670114727171864,0.9488204857949212,2.4322389179298742,2.9975391898648396,1.4297904579084653,-5.6717546617846,6.133714986711336,0.3368055555555556,0.9374045243999707,0.9739947862595633,True,K线收盘代理；达到描述性样本门槛,0.0,0.0,0.0,0.0
MU,binance|futures|MUUSDT::bybit|futures|MUUSDT,perp_perp,comparable,7,holiday,0,0,0,0,0,,,,,,,,,,,,False,样本不足 / 仅事件观察,,,,
MU,binance|futures|MUUSDT::bybit|futures|MUUSDT,perp_perp,comparable,30,all,8633,30,5,8640,0.9991898148148148,0.07463363760384174,0.0,1.160519138894145,3.084795240011484,3.9289090273331153,1.999483267524016,-9.670348562341724,14.883325360122157,0.48268272906289816,1.0593763443673965,1.265205837945177,True,K线收盘代理；达到描述性样本门槛,0.0008108421174562725,0.0,0.0,0.0
MU,binance|futures|MUUSDT::bybit|futures|MUUSDT,perp_perp,comparable,30,regular,1560,20,5,1560,1.0,-0.1442155259337754,-0.19238911206254095,1.1817029578675697,3.168704874499052,3.908676026783908,1.9110187571456714,-9.51375312333358,8.307862725389636,0.441025641025641,1.0677116625777694,1.33397698583948,True,K线收盘代理；达到描述性样本门槛,0.0,0.0,0.0,0.0
MU,binance|futures|MUUSDT::bybit|futures|MUUSDT,perp_perp,comparable,30,non_regular,7073,30,5,7080,0.9990112994350282,0.1229023630553733,0.0,1.1536908493103848,3.0720078643886595,3.9334223937226285,2.015276543035883,-9.670348562341724,14.883325360122157,0.4918704934257034,1.0493538562970917,1.2762024041695907,True,K线收盘代理；达到描述性样本门槛,0.0009896790612187191,0.0,0.0,0.0
MU,binance|futures|MUUSDT::bybit|futures|MUUSDT,perp_perp,comparable,30,pre_market,1320,20,5,1320,1.0,-0.10912499668929591,-0.1074027345177031,1.1737094847641405,3.0369578533533397,3.625301796950197,1.917617351300141,-8.864774802678221,14.883325360122157,0.4621212121212121,0.9727091833640344,1.3514487882175519,True,K线收盘代理；达到描述性样本门槛,0.0007575757575757576,0.0,0.0,0.0
MU,binance|futures|MUUSDT::bybit|futures|MUUSDT,perp_perp,comparable,30,after_market,960,20,5,960,1.0,0.0064071433561289914,-0.09437405475987148,1.0620911103637054,2.457995353970732,3.026821808238544,1.549185344000305,-5.936063202883757,7.069787370790337,0.465625,0.904114186951327,1.1450407791709083,True,K线收盘代理；达到描述性样本门槛,0.0,0.0,0.0,0.0
MU,binance|futures|MUUSDT::bybit|futures|MUUSDT,perp_perp,comparable,30,overnight,1919,20,5,1920,0.9994791666666667,-0.3144275435627904,-0.3264915221035114,1.288695380028404,3.2053476778270973,3.9695936086445722,2.0114284596804266,-9.670348562341724,7.319204719249406,0.42782699322563833,1.1235051410679597,1.502875367968004,True,K线收盘代理；达到描述性样本门槛,0.0,0.0,0.0,0.0
MU,binance|futures|MUUSDT::bybit|futures|MUUSDT,perp_perp,comparable,30,weekend,2586,9,5,2592,0.9976851851851852,0.6168112234964154,0.3096662684409779,1.0807624522413128,3.230645982678637,4.611449834320824,2.136711359966591,-7.58266643440475,13.60879535372117,0.565738592420727,0.8688946577939394,1.2322036430006955,True,K线收盘代理；达到描述性样本门槛,0.002320185614849188,0.0,0.0,0.0
MU,binance|futures|MUUSDT::bybit|futures|MUUSDT,perp_perp,comparable,30,holiday,288,1,1,288,1.0,0.05380272233995423,0.0,1.1534413942487776,2.772090159875562,3.499463353300202,1.7815750315334322,-5.399203617465487,6.302701567080238,0.4791666666666667,1.1534413942487776,1.1534413942487776,False,样本不足 / 仅事件观察,0.0,0.0,0.0,0.0
MU,binance|futures|MUUSDT::gateio|futures|MU_USDT,perp_perp,comparable,7,all,2016,7,2,2016,1.0,2.9659167333176617,2.949621390009316,2.9497165509273504,4.881986858080722,5.546933087557382,1.5598174157273286,-3.0777265859616154,11.667217873809754,0.9766865079365079,2.543622196372608,3.4167923085315355,True,K线收盘代理；达到描述性样本门槛,0.000992063492063492,0.0,0.0,0.0
MU,binance|futures|MUUSDT::gateio|futures|MU_USDT,perp_perp,comparable,7,regular,390,5,1,390,1.0,2.9286061853953633,2.784926947951849,2.7969664127458493,5.128368312984356,6.097680526403135,1.8999409125668363,-3.0777265859616154,11.667217873809754,0.9692307692307692,1.771084897758124,3.376371824300728,True,K线收盘代理；达到描述性样本门槛,0.005128205128205128,0.0,0.0,0.0
MU,binance|futures|MUUSDT::gateio|futures|MU_USDT,perp_perp,comparable,7,non_regular,1626,7,2,1626,1.0,2.974865757727069,2.9590723672601182,2.9590723672601182,4.849881986297433,5.413686116777505,1.466414422145639,-2.5451528977038507,9.555246699095576,0.9784747847478474,2.749113385522861,3.2933813701579995,True,K线收盘代理；达到描述性样本门槛,0.0,0.0,0.0,0.0
MU,binance|futures|MUUSDT::gateio|futures|MU_USDT,perp_perp,comparable,7,pre_market,330,5,1,330,1.0,2.724832129794053,2.6181060295316083,2.6181060295316083,4.918725308416194,5.352734699350049,1.6172078192879569,-1.235882420048684,9.555246699095576,0.9636363636363636,1.917151764287972,3.2132855286248763,True,K线收盘代理；达到描述性样本门槛,0.0,0.0,0.0,0.0
MU,binance|futures|MUUSDT::gateio|futures|MU_USDT,perp_perp,comparable,7,after_market,240,5,1,240,1.0,3.017763427272395,2.876715255601958,2.876715255601958,5.486989156814781,5.687159807996165,1.5831007238618398,-0.7435911735720335,8.115086683879724,0.9916666666666667,2.2012856039532736,3.7356053529458144,True,K线收盘代理；达到描述性样本门槛,0.0,0.0,0.0,0.0
MU,binance|futures|MUUSDT::gateio|futures|MU_USDT,perp_perp,comparable,7,overnight,480,5,1,480,1.0,2.7198403838599035,2.733688612046592,2.733688612046592,4.577793881838987,5.159004658797706,1.504150234149092,-2.5451528977038507,7.14168524470038,0.9604166666666667,2.573742088298747,2.9040834479776567,True,K线收盘代理；达到描述性样本门槛,0.0,0.0,0.0,0.0
MU,binance|futures|MUUSDT::gateio|futures|MU_USDT,perp_perp,comparable,7,weekend,576,2,2,576,1.0,3.3127613063091115,3.271392062416112,3.271392062416112,4.877006105592496,5.276660288297541,1.1988896045370534,-0.45996467471276503,8.566675631791476,0.9965277777777778,3.1582366105192827,3.573400014266759,True,K线收盘代理；达到描述性样本门槛,0.0,0.0,0.0,0.0
MU,binance|futures|MUUSDT::gateio|futures|MU_USDT,perp_perp,comparable,7,holiday,0,0,0,0,0,,,,,,,,,,,,False,样本不足 / 仅事件观察,,,,
MU,binance|futures|MUUSDT::gateio|futures|MU_USDT,perp_perp,comparable,30,all,8637,30,5,8640,0.9996527777777777,2.9409109176938832,2.911930286231268,2.9220115127248647,5.254680322573704,6.168245267484273,1.9812488250242255,-3.6402959346459873,14.236170577153207,0.9408359384045386,2.4542011351136317,3.580802138274941,True,K线收盘代理；达到描述性样本门槛,0.005094361468102351,0.0,0.0,0.0
MU,binance|futures|MUUSDT::gateio|futures|MU_USDT,perp_perp,comparable,30,regular,1560,20,5,1560,1.0,2.9418273232061893,2.975557992719313,2.9794227831592135,4.93057041227285,5.721463161157292,1.7136503079277456,-3.258496529701116,11.667217873809754,0.9621794871794872,2.4110121825193787,3.4213518103187734,True,K线收盘代理；达到描述性样本门槛,0.001282051282051282,0.0,0.0,0.0
MU,binance|futures|MUUSDT::gateio|futures|MU_USDT,perp_perp,comparable,30,non_regular,7077,30,5,7080,0.9995762711864407,2.940708912239708,2.895908188984553,2.904568779111827,5.3303345201145556,6.268797018513794,2.0355095428717584,-3.6402959346459873,14.236170577153207,0.9361311290094673,2.104780932479511,3.426205054970488,True,K线收盘代理；达到描述性样本门槛,0.005934718100890208,0.0,0.0,0.0
MU,binance|futures|MUUSDT::gateio|futures|MU_USDT,perp_perp,comparable,30,pre_market,1320,20,5,1320,1.0,2.496917972606575,2.5209147403348897,2.5283077569482337,4.628223509547391,5.221583706429778,1.6689347617488424,-2.987080875214154,9.555246699095576,0.9371212121212121,1.68509480384188,3.114608167810451,True,K线收盘代理；达到描述性样本门槛,0.0,0.0,0.0,0.0
MU,binance|futures|MUUSDT::gateio|futures|MU_USDT,perp_perp,comparable,30,after_market,960,20,5,960,1.0,2.9407413019531803,2.790316965111117,2.790316965111117,5.040172969215996,5.662969366153736,1.5609864210953421,-2.480025015905163,8.115086683879724,0.9833333333333333,1.9947796968797227,3.7228658269308768,True,K线收盘代理；达到描述性样本门槛,0.0,0.0,0.0,0.0
MU,binance|futures|MUUSDT::gateio|futures|MU_USDT,perp_perp,comparable,30,overnight,1920,20,5,1920,1.0,2.758184537313869,2.842843061739986,2.8438863813129434,4.8282529687777584,5.4673133049506495,1.6616151275657514,-2.948467342993588,9.684494364954332,0.9526041666666667,2.0510015074769186,2.996739651233704,True,K线收盘代理；达到描述性样本门槛,0.0,0.0,0.0,0.0
MU,binance|futures|MUUSDT::gateio|futures|MU_USDT,perp_perp,comparable,30,weekend,2589,9,5,2592,0.9988425925925926,3.1968116140372245,3.171142602318433,3.178955315810139,6.225704567542242,7.450913913257471,2.4847567252808616,-3.6402959346459873,14.236170577153207,0.9018926226342217,1.8464757957792344,3.780981716140497,True,K线收盘代理；达到描述性样本门槛,0.015836230204712243,0.0,0.0,0.0
MU,binance|futures|MUUSDT::gateio|futures|MU_USDT,perp_perp,comparable,30,holiday,288,1,1,288,1.0,3.8892153396516647,3.851264477717775,3.851264477717775,6.495547227901133,7.093429259631967,2.09814028760979,-1.2449722275431618,12.063188128290658,0.9722222222222222,3.851264477717775,3.851264477717775,False,样本不足 / 仅事件观察,0.003472222222222222,0.0,0.0,0.0
MU,binance|futures|MUUSDT::okx|futures|MU-USDT-SWAP,perp_perp,comparable,7,all,2016,7,2,2016,1.0,0.9586060641986508,0.9613535859376299,1.1026026395649646,2.503386788791362,2.9181778207237885,1.2158910642540186,-4.279714154906689,6.059882658635551,0.7757936507936508,0.9731200350734936,1.2639442068523854,True,K线收盘代理；达到描述性样本门槛,0.0,0.0,0.0,0.0
MU,binance|futures|MUUSDT::okx|futures|MU-USDT-SWAP,perp_perp,comparable,7,regular,390,5,1,390,1.0,0.8420444985437366,0.8004438218278676,1.0517783914676393,2.5663679319616333,2.986397721128184,1.3588337165637414,-2.498054399938665,6.059882658635551,0.717948717948718,0.8577069913900948,1.289329146111351,True,K线收盘代理；达到描述性样本门槛,0.0,0.0,0.0,0.0
MU,binance|futures|MUUSDT::okx|futures|MU-USDT-SWAP,perp_perp,comparable,7,non_regular,1626,7,2,1626,1.0,0.9865636352966929,0.9926987040131952,1.1047187917756496,2.492085852381365,2.889952198860124,1.1773172391710567,-4.279714154906689,5.801532341238591,0.7896678966789668,1.0414195341018617,1.2309762230314214,True,K线收盘代理；达到描述性样本门槛,0.0,0.0,0.0,0.0
MU,binance|futures|MUUSDT::okx|futures|MU-USDT-SWAP,perp_perp,comparable,7,pre_market,330,5,1,330,1.0,1.173625115153395,1.161944302798812,1.2558273561258382,2.746085516546205,3.2027856637326657,1.1865945446439254,-2.6636732053497703,4.390498230080198,0.8242424242424242,1.011820196106794,1.5977713595083376,True,K线收盘代理；达到描述性样本门槛,0.0,0.0,0.0,0.0
MU,binance|futures|MUUSDT::okx|futures|MU-USDT-SWAP,perp_perp,comparable,7,after_market,240,5,1,240,1.0,1.3094870292872745,1.3913947243193725,1.3989156109328604,2.5898749985533427,2.9745814651910267,1.0695604439305166,-1.7688075444299844,4.564792667116624,0.8833333333333333,1.3902282629896234,1.6123237227683163,True,K线收盘代理；达到描述性样本门槛,0.0,0.0,0.0,0.0
MU,binance|futures|MUUSDT::okx|futures|MU-USDT-SWAP,perp_perp,comparable,7,overnight,480,5,1,480,1.0,0.9254610049954324,0.9220201931914307,1.081826939077768,2.563924926377137,2.896574582297194,1.2574044818800754,-3.224350293414835,5.801532341238591,0.7854166666666667,0.8567756956001649,1.2456551507478153,True,K线收盘代理；达到描述性样本门槛,0.0,0.0,0.0,0.0
MU,binance|futures|MUUSDT::okx|futures|MU-USDT-SWAP,perp_perp,comparable,7,weekend,576,2,2,576,1.0,0.7957604402170988,0.8288209552798076,0.9249880912742814,2.1879367410443384,2.586167935027528,1.0994939668979662,-4.279714154906689,4.284698756462646,0.734375,0.9097027665028179,0.9809480302624962,True,K线收盘代理；达到描述性样本门槛,0.0,0.0,0.0,0.0
MU,binance|futures|MUUSDT::okx|futures|MU-USDT-SWAP,perp_perp,comparable,7,holiday,0,0,0,0,0,,,,,,,,,,,,False,样本不足 / 仅事件观察,,,,
MU,binance|futures|MUUSDT::okx|futures|MU-USDT-SWAP,perp_perp,comparable,30,all,8639,30,5,8640,0.9998842592592593,0.7433793684546313,0.7559864678419181,1.0894756650747794,2.5616353968662686,3.065448286019956,1.4058767389959446,-5.402760504801263,7.980138322398744,0.6902419261488598,0.8794719184131161,1.2693388220794133,True,K线收盘代理；达到描述性样本门槛,0.0,0.0,0.0,0.0
MU,binance|futures|MUUSDT::okx|futures|MU-USDT-SWAP,perp_perp,comparable,30,regular,1560,20,5,1560,1.0,0.5617347307015025,0.5447810524294994,0.9848762200653782,2.3868964660271885,2.7958567003018566,1.3844992047018438,-5.120271919120123,7.980138322398744,0.6480769230769231,0.8446957802660249,1.1984215855508074,True,K线收盘代理；达到描述性样本门槛,0.0,0.0,0.0,0.0
MU,binance|futures|MUUSDT::okx|futures|MU-USDT-SWAP,perp_perp,comparable,30,non_regular,7079,30,5,7080,0.9998587570621469,0.783408417034216,0.8256577740284321,1.1142992450630107,2.6015185779040273,3.1182638194673333,1.4073952517385009,-5.402760504801263,6.383375725496077,0.6995338324622121,0.8623932411409851,1.235184089948549,True,K线收盘代理；达到描述性样本门槛,0.0,0.0,0.0,0.0
MU,binance|futures|MUUSDT::okx|futures|MU-USDT-SWAP,perp_perp,comparable,30,pre_market,1320,20,5,1320,1.0,0.4841087335243035,0.43243948318671954,0.9422517176560508,2.3771488491315393,2.844950910865228,1.3148720302409704,-4.65601182222164,4.4658363519078925,0.6295454545454545,0.7504779581386789,1.0531090560179923,True,K线收盘代理；达到描述性样本门槛,0.0,0.0,0.0,0.0
MU,binance|futures|MUUSDT::okx|futures|MU-USDT-SWAP,perp_perp,comparable,30,after_market,960,20,5,960,1.0,0.6740434055646018,0.6904000064478222,0.9691646723120062,2.203687824122502,2.585350279048492,1.1980550788387585,-3.1776946337958023,5.132878706932686,0.6927083333333334,0.6975611871529175,1.4425419224936564,True,K线收盘代理；达到描述性样本门槛,0.0,0.0,0.0,0.0
MU,binance|futures|MUUSDT::okx|futures|MU-USDT-SWAP,perp_perp,comparable,30,overnight,1920,20,5,1920,1.0,0.6001544732506033,0.6536929537459546,1.0157305813290884,2.436567653987033,2.8198564827648376,1.34388320845062,-5.402760504801263,5.801532341238591,0.6703125,0.8578153673871602,1.2519500531035788,True,K线收盘代理；达到描述性样本门槛,0.0,0.0,0.0,0.0
MU,binance|futures|MUUSDT::okx|futures|MU-USDT-SWAP,perp_perp,comparable,30,weekend,2591,9,5,2592,0.9996141975308642,0.9969562399558544,1.0709734077307687,1.3004042089748147,2.8477718640140814,3.484544825022029,1.5006796597991114,-4.279714154906689,6.383375725496077,0.7340795059822462,0.9629685179857184,1.3928546847563616,True,K线收盘代理；达到描述性样本门槛,0.0,0.0,0.0,0.0
MU,binance|futures|MUUSDT::okx|futures|MU-USDT-SWAP,perp_perp,comparable,30,holiday,288,1,1,288,1.0,1.8202527091122904,1.830108236942074,1.8716099268634157,3.3904525723669208,3.761967951110723,1.2320693246385608,-1.9188885797349897,5.601070848801903,0.9270833333333334,1.8716099268634157,1.8716099268634157,False,样本不足 / 仅事件观察,0.0,0.0,0.0,0.0
MU,bitget|futures|MUUSDT::bybit|futures|MUUSDT,perp_perp,comparable,7,all,1993,7,2,2016,0.9885912698412699,-0.36885431186728174,-0.2982285225772152,1.277034361344409,3.2906095144826786,4.071646204458544,2.0231415813951314,-8.192797702333277,8.538963874362704,0.422980431510286,1.1527761820720461,1.4856643443833528,True,K线收盘代理；达到描述性样本门槛,0.0,0.0,0.0,0.0
MU,bitget|futures|MUUSDT::bybit|futures|MUUSDT,perp_perp,comparable,7,regular,390,5,1,390,1.0,-0.5386347346590082,-0.5556667002165616,1.4157311183854437,3.254111704548923,3.9744750553329364,2.0158344088304494,-8.06182586456261,6.820692636533288,0.38974358974358975,1.318886858522883,1.4923160941349156,True,K线收盘代理；达到描述性样本门槛,0.0,0.0,0.0,0.0
MU,bitget|futures|MUUSDT::bybit|futures|MUUSDT,perp_perp,comparable,7,non_regular,1603,7,2,1626,0.9858548585485855,-0.32754778355238884,-0.2772668878636697,1.2364819235843871,3.293093171548689,4.091303707391969,2.0227612415203784,-8.192797702333277,8.538963874362704,0.4310667498440424,1.1449476272465398,1.5511681948199296,True,K线收盘代理；达到描述性样本门槛,0.0,0.0,0.0,0.0
MU,bitget|futures|MUUSDT::bybit|futures|MUUSDT,perp_perp,comparable,7,pre_market,330,5,1,330,1.0,-0.4451307052361849,-0.36613897113291216,1.360233945529865,3.2858434105891305,4.277961707077173,2.074483470948791,-7.678876690039305,4.895467373149387,0.41818181818181815,1.1497282290484634,1.4040062895553929,True,K线收盘代理；达到描述性样本门槛,0.0,0.0,0.0,0.0
MU,bitget|futures|MUUSDT::bybit|futures|MUUSDT,perp_perp,comparable,7,after_market,240,5,1,240,1.0,-0.6327279512489034,-0.8495977296202328,1.460267195337317,3.068993546358478,3.576095676932177,1.9155400414172166,-6.99649216967968,7.3836157566353755,0.3416666666666667,1.1899041911933583,1.6770710804386857,True,K线收盘代理；达到描述性样本门槛,0.0,0.0,0.0,0.0
MU,bitget|futures|MUUSDT::bybit|futures|MUUSDT,perp_perp,comparable,7,overnight,480,5,1,480,1.0,-0.5497069748453912,-0.36824280067182524,1.4771054738121903,3.9405759402910694,4.681962860615504,2.3380138985704173,-8.192797702333277,7.382625598086889,0.4270833333333333,1.110770769301439,2.023932931997652,True,K线收盘代理；达到描述性样本门槛,0.0,0.0,0.0,0.0
MU,bitget|futures|MUUSDT::bybit|futures|MUUSDT,perp_perp,comparable,7,weekend,553,2,2,576,0.9600694444444444,0.067898900395997,0.0,0.9909918837758269,2.685874961565249,3.3052619878601854,1.6453592988019472,-3.9766570232735443,8.538963874362704,0.4810126582278481,0.9204842412421921,1.1048251078751847,True,K线收盘代理；达到描述性样本门槛,0.0,0.0,0.0,0.0
MU,bitget|futures|MUUSDT::bybit|futures|MUUSDT,perp_perp,comparable,7,holiday,0,0,0,0,0,,,,,,,,,,,,False,样本不足 / 仅事件观察,,,,
MU,bitget|futures|MUUSDT::bybit|futures|MUUSDT,perp_perp,comparable,30,all,8579,30,5,8640,0.9929398148148149,0.48102733360330674,0.3852970640361164,1.3387392900865436,3.717986871281553,4.7515507658029135,2.2626245110817114,-10.663767237143462,13.713921224685066,0.5635854994754633,1.104142377121864,1.6617835845650353,True,K线收盘代理；达到描述性样本门槛,0.0006993822123790652,0.0,0.0,0.0
MU,bitget|futures|MUUSDT::bybit|futures|MUUSDT,perp_perp,comparable,30,regular,1560,20,5,1560,1.0,0.062174906287994394,0.10593501786226867,1.2754424226912864,3.3646320016353934,4.293210092007448,2.1323495144965987,-10.663767237143462,9.53865720322522,0.5160256410256411,1.036427384733668,1.449592913045361,True,K线收盘代理；达到描述性样本门槛,0.000641025641025641,0.0,0.0,0.0
MU,bitget|futures|MUUSDT::bybit|futures|MUUSDT,perp_perp,comparable,30,non_regular,7019,30,5,7080,0.9913841807909605,0.5741189116930471,0.42724087840673164,1.3652542786091182,3.784444506929052,4.853516776240906,2.2801457463614976,-10.663655752101153,13.713921224685066,0.5741558626584984,1.1121829617970203,1.7701675463310806,True,K线收盘代理；达到描述性样本门槛,0.0007123521869212138,0.0,0.0,0.0
MU,bitget|futures|MUUSDT::bybit|futures|MUUSDT,perp_perp,comparable,30,pre_market,1320,20,5,1320,1.0,0.42288313478655415,0.38631106935693715,1.3835307578902167,3.685688664934351,4.394563509358629,2.185243928868346,-8.947274239218261,13.713921224685066,0.5636363636363636,1.0621788820053268,1.5337179959566682,True,K线收盘代理；达到描述性样本门槛,0.0007575757575757576,0.0,0.0,0.0
MU,bitget|futures|MUUSDT::bybit|futures|MUUSDT,perp_perp,comparable,30,after_market,959,20,5,960,0.9989583333333333,-0.003345685525765783,-0.09872837848479143,1.2067205049670626,2.8868058676216894,3.536133840067012,1.8294978152379526,-6.99649216967968,7.3836157566353755,0.46506777893639206,0.9973914131691797,1.4952107910715107,True,K线收盘代理；达到描述性样本门槛,0.0,0.0,0.0,0.0
MU,bitget|futures|MUUSDT::bybit|futures|MUUSDT,perp_perp,comparable,30,overnight,1914,20,5,1920,0.996875,0.18173096940011224,0.10475537085330444,1.4616937062750246,3.896074210878676,4.821177083685068,2.3759575724282853,-10.663655752101153,9.794736393833325,0.5130616509926855,1.1062436846651091,1.9369014911371774,True,K线收盘代理；达到描述性样本门槛,0.0005224660397074191,0.0,0.0,0.0
MU,bitget|futures|MUUSDT::bybit|futures|MUUSDT,perp_perp,comparable,30,weekend,2538,9,5,2592,0.9791666666666666,1.0914377108299564,0.8203867593736813,1.338599465072754,4.036122631124074,5.341099387604854,2.2296145305545645,-7.361818663682573,11.086583272013062,0.6591804570527975,0.8283138079256958,1.835294172873314,True,K线收盘代理；达到描述性样本门槛,0.0007880220646178094,0.0,0.0,0.0
MU,bitget|futures|MUUSDT::bybit|futures|MUUSDT,perp_perp,comparable,30,holiday,288,1,1,288,1.0,1.2390327435979536,0.862494448754525,1.4366371198637484,5.398473462178367,7.086897333736242,2.7042100387997428,-6.503567397997401,11.407536643115446,0.6423611111111112,1.4366371198637484,1.4366371198637484,False,样本不足 / 仅事件观察,0.003472222222222222,0.0,0.0,0.0
MU,bitget|futures|MUUSDT::gateio|futures|MU_USDT,perp_perp,comparable,7,all,1993,7,2,2016,0.9885912698412699,2.8847831738402725,2.9690660431613836,2.9732868757248454,5.170055817407704,5.874473179448446,1.9567957021286126,-5.561271306622206,11.356843992829102,0.9212242849974912,2.4473244031519847,3.245501111432403,True,K线收盘代理；达到描述性样本门槛,0.0005017561465127947,0.0,0.0,0.0
MU,bitget|futures|MUUSDT::gateio|futures|MU_USDT,perp_perp,comparable,7,regular,390,5,1,390,1.0,2.7741785433012263,2.8612839390129707,2.864223617653483,4.806951964623218,5.298177031892392,1.7546181657849726,-5.561271306622206,9.081402388684268,0.9461538461538461,2.1447446275657533,2.967946614331751,True,K线收盘代理；达到描述性样本门槛,0.0,0.0,0.0,0.0
MU,bitget|futures|MUUSDT::gateio|futures|MU_USDT,perp_perp,comparable,7,non_regular,1603,7,2,1626,0.9858548585485855,2.911692597365056,3.000358107256851,3.008780167579328,5.1923824387265505,5.931320656704205,2.001976035712308,-3.2677539957892687,11.356843992829102,0.9151590767311292,2.410121029344514,3.2803674111031578,True,K线收盘代理；达到描述性样本门槛,0.0006238303181534623,0.0,0.0,0.0
MU,bitget|futures|MUUSDT::gateio|futures|MU_USDT,perp_perp,comparable,7,pre_market,330,5,1,330,1.0,2.2965676726843665,2.198947415712471,2.273685539896375,4.921003146356685,5.598618387991805,2.0295559715076106,-2.46042811449132,8.021493737435659,0.8666666666666667,1.7366124908635427,2.330708145000804,True,K线收盘代理；达到描述性样本门槛,0.0,0.0,0.0,0.0
MU,bitget|futures|MUUSDT::gateio|futures|MU_USDT,perp_perp,comparable,7,after_market,240,5,1,240,1.0,2.6352149676494063,2.769354516720668,2.769354516720668,4.799814878479802,5.181684288906195,1.786790358181458,-2.1095630327827575,8.391737366284513,0.9125,2.3638649110047094,3.2476097654809966,True,K线收盘代理；达到描述性样本门槛,0.0,0.0,0.0,0.0
MU,bitget|futures|MUUSDT::gateio|futures|MU_USDT,perp_perp,comparable,7,overnight,480,5,1,480,1.0,2.407724478039189,2.433686971577975,2.4572384964738347,4.995763124686858,5.8302943662821285,2.075620306238921,-3.2677539957892687,7.9527275081137105,0.8625,2.49543658848439,2.598400811784085,True,K线收盘代理；达到描述性样本门槛,0.0,0.0,0.0,0.0
MU,bitget|futures|MUUSDT::gateio|futures|MU_USDT,perp_perp,comparable,7,weekend,553,2,2,576,0.9600694444444444,3.83619631084209,3.694162251492994,3.694162251492994,5.764449051676391,6.5111104532156165,1.6433514677924814,-2.7867351407295793,11.356843992829102,0.9909584086799277,3.6557710932336174,3.9393537708068416,True,K线收盘代理；达到描述性样本门槛,0.0018083182640144665,0.0,0.0,0.0
MU,bitget|futures|MUUSDT::gateio|futures|MU_USDT,perp_perp,comparable,7,holiday,0,0,0,0,0,,,,,,,,,,,,False,样本不足 / 仅事件观察,,,,
MU,bitget|futures|MUUSDT::gateio|futures|MU_USDT,perp_perp,comparable,30,all,8583,30,5,8640,0.9934027777777777,3.34524250202621,3.379427506713384,3.385581084667244,6.0688391514101,6.936907495567411,2.2312229426701435,-7.645012974987209,13.807238013052725,0.9264825818478387,2.610990109386535,4.0740516889317675,True,K线收盘代理；达到描述性样本门槛,0.0040778282651753464,0.0,0.0,0.0
MU,bitget|futures|MUUSDT::gateio|futures|MU_USDT,perp_perp,comparable,30,regular,1560,20,5,1560,1.0,3.1483001999763425,3.1488798346357427,3.169806663891883,5.714948662239428,6.397095706737408,2.0511360570193315,-5.561271306622206,13.423878711307236,0.9461538461538461,2.4298938895447875,3.738120710011228,True,K线收盘代理；达到描述性样本门槛,0.001282051282051282,0.0,0.0,0.0
MU,bitget|futures|MUUSDT::gateio|futures|MU_USDT,perp_perp,comparable,30,non_regular,7023,30,5,7080,0.9919491525423729,3.388988763053947,3.429428785766131,3.434139640703382,6.15511695325921,6.98558426837703,2.2669650266084536,-7.645012974987209,13.807238013052725,0.9221130570981062,2.5515138841381013,4.064135298529337,True,K线收盘代理；达到描述性样本门槛,0.004698846646732166,0.0,0.0,0.0
MU,bitget|futures|MUUSDT::gateio|futures|MU_USDT,perp_perp,comparable,30,pre_market,1320,20,5,1320,1.0,3.029056360495983,3.0216868206467407,3.0216868206467407,5.4467522574503935,6.1903804490708305,1.927707475331797,-2.46042811449132,10.82161850187724,0.9401515151515152,2.1673265833338506,3.8190850597583093,True,K线收盘代理；达到描述性样本门槛,0.0015151515151515152,0.0,0.0,0.0
MU,bitget|futures|MUUSDT::gateio|futures|MU_USDT,perp_perp,comparable,30,after_market,959,20,5,960,0.9989583333333333,2.930065917366928,2.9308016789308944,2.9339648343351676,5.195179246691329,5.8175989902573555,1.8054343551934458,-3.3325449893584214,10.01758187839874,0.9457768508863399,2.065389536350104,3.805042605173614,True,K线收盘代理；达到描述性样本门槛,0.0010427528675703858,0.0,0.0,0.0
MU,bitget|futures|MUUSDT::gateio|futures|MU_USDT,perp_perp,comparable,30,overnight,1915,20,5,1920,0.9973958333333334,3.2563209551489116,3.3030025358549153,3.312071968117891,5.84155378733886,6.624587776830281,2.1579045445532286,-7.645012974987209,13.807238013052725,0.9284595300261097,2.5914735010426626,3.946909460213477,True,K线收盘代理；达到描述性样本门槛,0.0036553524804177544,0.0,0.0,0.0
MU,bitget|futures|MUUSDT::gateio|futures|MU_USDT,perp_perp,comparable,30,weekend,2541,9,5,2592,0.9803240740740741,3.6580944396505237,3.8445614242621495,3.8521562197502135,6.652236938780032,7.450254032967951,2.551405426778815,-4.599816007360147,12.749089350760912,0.8917748917748918,3.442749247333232,4.774224389874071,True,K线收盘代理；达到描述性样本门槛,0.008264462809917356,0.0,0.0,0.0
MU,bitget|futures|MUUSDT::gateio|futures|MU_USDT,perp_perp,comparable,30,holiday,288,1,1,288,1.0,5.074680111306047,5.1689554234901625,5.1689554234901625,7.42062982576397,8.034412596654937,2.035732256733071,-0.6718752999435029,11.393011010052412,0.9861111111111112,5.1689554234901625,5.1689554234901625,False,样本不足 / 仅事件观察,0.006944444444444444,0.0,0.0,0.0
MU,bitget|futures|MUUSDT::okx|futures|MU-USDT-SWAP,perp_perp,comparable,7,all,1993,7,2,2016,0.9885912698412699,0.8866733165027422,0.9282206937544224,1.2520104398394682,2.943124189977775,3.406113305363111,1.5757159752064214,-7.043232473008532,7.540505412297893,0.7210235825388861,1.1660047875888813,1.3548877997549003,True,K线收盘代理；达到描述性样本门槛,0.0,0.0,0.0,0.0
MU,bitget|futures|MUUSDT::okx|futures|MU-USDT-SWAP,perp_perp,comparable,7,regular,390,5,1,390,1.0,0.6876942275860918,0.7501030285927968,1.1072819568658243,2.5850889717353724,3.142835409715938,1.4896794994205713,-7.043232473008532,5.6182879879140835,0.6820512820512821,0.9695981016205613,1.298775777447414,True,K线收盘代理；达到描述性样本门槛,0.0,0.0,0.0,0.0
MU,bitget|futures|MUUSDT::okx|futures|MU-USDT-SWAP,perp_perp,comparable,7,non_regular,1603,7,2,1626,0.9858548585485855,0.9350836999571985,0.9746968692736502,1.2900847769992119,3.027822097415811,3.445005817542367,1.5921902877336385,-4.838680227143843,7.540505412297893,0.7305053025577043,1.1392060394485592,1.4066289182051994,True,K线收盘代理；达到描述性样本门槛,0.0,0.0,0.0,0.0
MU,bitget|futures|MUUSDT::okx|futures|MU-USDT-SWAP,perp_perp,comparable,7,pre_market,330,5,1,330,1.0,0.7453847287549811,0.6541817957894658,1.0942466020291697,2.6769719196166886,3.2900299766362995,1.4368461174673537,-3.6585812022082997,5.2379381923284285,0.6878787878787879,0.9142064107303671,1.157905874487053,True,K线收盘代理；达到描述性样本门槛,0.0,0.0,0.0,0.0
MU,bitget|futures|MUUSDT::okx|futures|MU-USDT-SWAP,perp_perp,comparable,7,after_market,240,5,1,240,1.0,0.9270258514607471,1.0210541160227127,1.3019020108506751,2.951919046201734,3.320390141068107,1.5064723887504239,-3.1879041807103548,4.575761537455314,0.725,0.9618521980997441,1.535250112847386,True,K线收盘代理；达到描述性样本门槛,0.0,0.0,0.0,0.0
MU,bitget|futures|MUUSDT::okx|futures|MU-USDT-SWAP,perp_perp,comparable,7,overnight,480,5,1,480,1.0,0.6133687767583805,0.6389351474256344,1.2796374768286878,3.063789288912489,3.5025236748077444,1.7261797865996467,-4.838680227143843,5.552933337034105,0.6395833333333333,1.1211357073970252,1.4257403172368566,True,K线收盘代理；达到描述性样本门槛,0.0,0.0,0.0,0.0
MU,bitget|futures|MUUSDT::okx|futures|MU-USDT-SWAP,perp_perp,comparable,7,weekend,553,2,2,576,0.9600694444444444,1.3310289210626467,1.3761467889916723,1.4721171805265332,3.139694888936173,3.5232870616166405,1.5090039051855482,-4.776309504855858,7.540505412297893,0.8372513562386981,1.4542091007221924,1.5883723877715972,True,K线收盘代理；达到描述性样本门槛,0.0,0.0,0.0,0.0
MU,bitget|futures|MUUSDT::okx|futures|MU-USDT-SWAP,perp_perp,comparable,7,holiday,0,0,0,0,0,,,,,,,,,,,,False,样本不足 / 仅事件观察,,,,
MU,bitget|futures|MUUSDT::okx|futures|MU-USDT-SWAP,perp_perp,comparable,30,all,8585,30,5,8640,0.9936342592592593,1.1538316280756777,1.12916733318702,1.3989325068874958,3.3116075851924442,3.9504327458801387,1.7483202840918979,-8.828405934412364,11.15113238269183,0.7483983692486895,1.0881612012718367,1.6982957295161305,True,K线收盘代理；达到描述性样本门槛,0.00023296447291788001,0.0,0.0,0.0
MU,bitget|futures|MUUSDT::okx|futures|MU-USDT-SWAP,perp_perp,comparable,30,regular,1560,20,5,1560,1.0,0.7681516225538927,0.7509001805305893,1.233931332664806,3.0592672560436642,3.646751397260783,1.7463295342666727,-7.322877891011714,11.15113238269183,0.6724358974358975,0.9646898333075249,1.6440004263323926,True,K线收盘代理；达到描述性样本门槛,0.000641025641025641,0.0,0.0,0.0
MU,bitget|futures|MUUSDT::okx|futures|MU-USDT-SWAP,perp_perp,comparable,30,non_regular,7025,30,5,7080,0.992231638418079,1.2394772947822947,1.230289733231693,1.4611738705594401,3.347489841619922,4.0352271962573685,1.7371821171356838,-8.828405934412364,10.135972999494314,0.7652669039145907,1.0282436916089766,1.837678398697029,True,K线收盘代理；达到描述性样本门槛,0.00014234875444839857,0.0,0.0,0.0
MU,bitget|futures|MUUSDT::okx|futures|MU-USDT-SWAP,perp_perp,comparable,30,pre_market,1320,20,5,1320,1.0,1.016133759191081,0.9433209425091515,1.243310683839427,3.166568231019573,3.6398734399684107,1.591720395524167,-3.6585812022082997,7.8439062653212765,0.7219696969696969,0.8444036657949405,1.772174116467795,True,K线收盘代理；达到描述性样本门槛,0.0,0.0,0.0,0.0
MU,bitget|futures|MUUSDT::okx|futures|MU-USDT-SWAP,perp_perp,comparable,30,after_market,959,20,5,960,0.9989583333333333,0.6639626117356084,0.7177793956292255,1.095988681426574,2.6394535078311248,3.2500761448317452,1.5104983783093413,-5.266552020636306,4.887386470084909,0.6558915537017727,0.9420285678304885,1.3841832955287237,True,K线收盘代理；达到描述性样本门槛,0.0,0.0,0.0,0.0
MU,bitget|futures|MUUSDT::okx|futures|MU-USDT-SWAP,perp_perp,comparable,30,overnight,1915,20,5,1920,0.9973958333333334,1.098397365380866,1.0439285117747055,1.4171800007556357,3.5235539574283163,4.178024178504325,1.9085826685601912,-8.828405934412364,10.135972999494314,0.7268929503916449,0.9796295250899534,1.8071859721061068,True,K线收盘代理；达到描述性样本门槛,0.0005221932114882506,0.0,0.0,0.0
MU,bitget|futures|MUUSDT::okx|futures|MU-USDT-SWAP,perp_perp,comparable,30,weekend,2543,9,5,2592,0.9810956790123457,1.4786658739676792,1.5586642247611415,1.6451506764481039,3.288634654969425,3.799484722901703,1.551777756934033,-6.925502898056379,7.540505412297893,0.8344475029492725,1.38712745719749,1.9617097538271455,True,K线收盘代理；达到描述性样本门槛,0.0,0.0,0.0,0.0
MU,bitget|futures|MUUSDT::okx|futures|MU-USDT-SWAP,perp_perp,comparable,30,holiday,288,1,1,288,1.0,3.00560075296798,2.6916655197228856,2.6916655197228856,5.840003243488212,6.903278438091021,1.9569500432658649,-2.196962460597751,9.765905500502825,0.9722222222222222,2.6916655197228856,2.6916655197228856,False,样本不足 / 仅事件观察,0.0,0.0,0.0,0.0
MU,bybit|futures|MUUSDT::gateio|futures|MU_USDT,perp_perp,comparable,7,all,2016,7,2,2016,1.0,3.260910124462389,3.228097448387812,3.2341940189217766,5.627750440283519,6.267217855912555,1.9311593017178097,-4.29689689315671,11.755329746963028,0.9538690476190477,2.8408642741578616,3.7240943827943074,True,K线收盘代理；达到描述性样本门槛,0.001984126984126984,0.0,0.0,0.0
MU,bybit|futures|MUUSDT::gateio|futures|MU_USDT,perp_perp,comparable,7,regular,390,5,1,390,1.0,3.313237913316995,3.2515382096798273,3.2515382096798273,5.832349624608436,6.564119578573611,1.984384371700247,-3.16917639827885,10.09217520016037,0.9717948717948718,2.500998011111255,4.342383989683896,True,K线收盘代理；达到描述性样本门槛,0.002564102564102564,0.0,0.0,0.0
MU,bybit|futures|MUUSDT::gateio|futures|MU_USDT,perp_perp,comparable,7,non_regular,1626,7,2,1626,1.0,3.248359178796155,3.226149012057755,3.2300642199500906,5.525169177207356,6.215054162153066,1.9179612872497684,-4.29689689315671,11.755329746963028,0.949569495694957,2.6868246500899584,3.7240943827943074,True,K线收盘代理；达到描述性样本门槛,0.0018450184501845018,0.0,0.0,0.0
MU,bybit|futures|MUUSDT::gateio|futures|MU_USDT,perp_perp,comparable,7,pre_market,330,5,1,330,1.0,2.7420086922528117,2.6977816049988945,2.699588933362529,5.0416913265456405,5.907979385974428,1.8919594918784277,-2.7338090161022066,9.761094788929281,0.9333333333333333,2.2867019399497313,2.8116032275105063,True,K线收盘代理；达到描述性样本门槛,0.0,0.0,0.0,0.0
MU,bybit|futures|MUUSDT::gateio|futures|MU_USDT,perp_perp,comparable,7,after_market,240,5,1,240,1.0,3.2683379619003983,3.179848098522342,3.179848098522342,5.495515710956633,6.027069583050104,1.8131345756091395,-2.5113008538446557,9.12947251936469,0.9666666666666667,2.8745269031560383,4.0187421978388205,True,K线收盘代理；达到描述性样本门槛,0.0,0.0,0.0,0.0
MU,bybit|futures|MUUSDT::gateio|futures|MU_USDT,perp_perp,comparable,7,overnight,480,5,1,480,1.0,2.9578808653898205,3.0223207111057526,3.0404395584815447,5.464708779050032,6.053261702237965,2.1392890546873664,-4.29689689315671,11.174583602262533,0.9020833333333333,2.311406386331649,3.896591124289417,True,K线收盘代理；达到描述性样本门槛,0.004166666666666667,0.0,0.0,0.0
MU,bybit|futures|MUUSDT::gateio|futures|MU_USDT,perp_perp,comparable,7,weekend,576,2,2,576,1.0,3.772196579923456,3.7244512006429087,3.7244512006429087,5.778044446491659,6.357845770371684,1.6303992536323544,-1.5575262589195837,11.755329746963028,0.9913194444444444,3.7239159738700067,3.724272791718608,True,K线收盘代理；达到描述性样本门槛,0.001736111111111111,0.0,0.0,0.0
MU,bybit|futures|MUUSDT::gateio|futures|MU_USDT,perp_perp,comparable,7,holiday,0,0,0,0,0,,,,,,,,,,,,False,样本不足 / 仅事件观察,,,,
MU,bybit|futures|MUUSDT::gateio|futures|MU_USDT,perp_perp,comparable,30,all,8630,30,5,8640,0.9988425925925926,2.8679637467889076,2.915913270199466,2.9475614809293393,5.486558480191972,6.295226507281869,2.1601411784016284,-10.937898224450127,14.93537577788473,0.9081112398609502,2.5526022966324002,3.5049102253850717,True,K线收盘代理；达到描述性样本门槛,0.00220162224797219,0.0,0.0,0.0
MU,bybit|futures|MUUSDT::gateio|futures|MU_USDT,perp_perp,comparable,30,regular,1560,20,5,1560,1.0,3.0863510012112534,3.079909402107228,3.1104700715756106,5.731708007798542,6.493463515952257,2.1346591409912676,-7.333744022998134,10.09217520016037,0.9333333333333333,2.534656306244776,3.5702087130004556,True,K线收盘代理；达到描述性样本门槛,0.000641025641025641,0.0,0.0,0.0
MU,bybit|futures|MUUSDT::gateio|futures|MU_USDT,perp_perp,comparable,30,non_regular,7070,30,5,7080,0.998587570621469,2.819776460098829,2.8736516940996992,2.8889302782053594,5.438768905191793,6.237340934343691,2.1627557583666013,-10.937898224450127,14.93537577788473,0.9025459688826025,2.2968382504991167,3.585596303674332,True,K线收盘代理；达到描述性样本门槛,0.002545968882602546,0.0,0.0,0.0
MU,bybit|futures|MUUSDT::gateio|futures|MU_USDT,perp_perp,comparable,30,pre_market,1320,20,5,1320,1.0,2.6063334573512025,2.6716696790585193,2.7254660870090763,5.00624404938166,5.8290900676728485,2.085308687350161,-10.937898224450127,12.436369001822545,0.9030303030303031,2.2585310933539993,3.281279117544056,True,K线收盘代理；达到描述性样本门槛,0.0015151515151515152,0.0,0.0,0.0
MU,bybit|futures|MUUSDT::gateio|futures|MU_USDT,perp_perp,comparable,30,after_market,960,20,5,960,1.0,2.934490822309167,2.923200880943222,2.930831334096995,5.160339143499559,5.719940970907222,1.7908193288752767,-4.496932449651325,9.577535942071336,0.9552083333333333,2.21842605566569,3.7214233893498316,True,K线收盘代理；达到描述性样本门槛,0.0,0.0,0.0,0.0
MU,bybit|futures|MUUSDT::gateio|futures|MU_USDT,perp_perp,comparable,30,overnight,1919,20,5,1920,0.9994791666666667,3.071987239372994,3.122885546245069,3.141062250144877,5.728425968161588,6.475532460507694,2.1756000996010654,-6.782069500064214,11.948133349002354,0.9161021365294424,2.4289320851070273,3.734558853630554,True,K线收盘代理；达到描述性样本门槛,0.003126628452318916,0.0,0.0,0.0
MU,bybit|futures|MUUSDT::gateio|futures|MU_USDT,perp_perp,comparable,30,weekend,2583,9,5,2592,0.9965277777777778,2.5855724845352905,2.655598394838421,2.6745859003196593,5.22350104172098,6.106490724990367,2.2102921647982963,-4.920259704142005,11.755329746963028,0.8695315524583818,1.9140312198873133,3.723737564945706,True,K线收盘代理；达到描述性样本门槛,0.003097173828881146,0.0,0.0,0.0
MU,bybit|futures|MUUSDT::gateio|futures|MU_USDT,perp_perp,comparable,30,holiday,288,1,1,288,1.0,3.83566312453785,3.8896502909402386,3.9375774790884055,6.849179872692401,7.502276971956377,2.578918511636945,-4.1203526255251255,14.93537577788473,0.9305555555555556,3.9375774790884055,3.9375774790884055,False,样本不足 / 仅事件观察,0.006944444444444444,0.0,0.0,0.0
MU,bybit|futures|MUUSDT::okx|futures|MU-USDT-SWAP,perp_perp,comparable,7,all,2016,7,2,2016,1.0,1.2535397965027244,1.2901460516956398,1.4802137256497705,3.335898774676771,3.856872765816699,1.6628130100027128,-6.537290573227494,10.306696462971665,0.7782738095238095,1.2010198361891988,1.7329568024521125,True,K线收盘代理；达到描述性样本门槛,0.000496031746031746,0.0,0.0,0.0
MU,bybit|futures|MUUSDT::okx|futures|MU-USDT-SWAP,perp_perp,comparable,7,regular,390,5,1,390,1.0,1.226622463920992,1.2109546747085531,1.3845123266253978,3.1996653371446646,3.9685586332811584,1.6443329202919017,-6.336344697149832,7.207174331511634,0.7743589743589744,1.22924821485626,1.6303683213414466,True,K线收盘代理；达到描述性样本门槛,0.0,0.0,0.0,0.0
MU,bybit|futures|MUUSDT::okx|futures|MU-USDT-SWAP,perp_perp,comparable,7,non_regular,1626,7,2,1626,1.0,1.2599959832843208,1.2946300604554928,1.5158142548660214,3.346456767586714,3.8045573548028955,1.6671504264854424,-6.537290573227494,10.306696462971665,0.7792127921279213,1.2033089123378304,1.738564580107127,True,K线收盘代理；达到描述性样本门槛,0.0006150061500615006,0.0,0.0,0.0
MU,bybit|futures|MUUSDT::okx|futures|MU-USDT-SWAP,perp_perp,comparable,7,pre_market,330,5,1,330,1.0,1.1908106310418518,1.1591594527438076,1.3597694204653399,3.282157509816752,3.747151873483623,1.6137791098521064,-2.804018448506751,6.769303950895367,0.7454545454545455,1.1431240865145131,1.5505304035423606,True,K线收盘代理；达到描述性样本门槛,0.0,0.0,0.0,0.0
MU,bybit|futures|MUUSDT::okx|futures|MU-USDT-SWAP,perp_perp,comparable,7,after_market,240,5,1,240,1.0,1.5600544864958072,1.6627961866766405,1.771903121287055,3.543613269103796,4.1269455083833835,1.6246017055009006,-4.151559602557642,5.341978742607889,0.8291666666666667,1.0242428958384675,2.396623918816676,True,K线收盘代理；达到描述性样本门槛,0.0,0.0,0.0,0.0
MU,bybit|futures|MUUSDT::okx|futures|MU-USDT-SWAP,perp_perp,comparable,7,overnight,480,5,1,480,1.0,1.1634621893609753,1.2342201194037727,1.6609779962695193,3.578782852511342,4.074258572629662,1.9905649948356294,-6.537290573227494,10.306696462971665,0.7354166666666667,1.105664983119814,1.9266432316078497,True,K线收盘代理；达到描述性样本门槛,0.0020833333333333333,0.0,0.0,0.0
MU,bybit|futures|MUUSDT::okx|futures|MU-USDT-SWAP,perp_perp,comparable,7,weekend,576,2,2,576,1.0,1.2550538766045707,1.2946982116301964,1.3920169571790542,2.9055327968385836,3.498315605969804,1.3799366275698435,-3.503751934363919,5.257414938992788,0.8142361111111112,1.3111706987271876,1.6005140049858702,True,K线收盘代理；达到描述性样本门槛,0.0,0.0,0.0,0.0
MU,bybit|futures|MUUSDT::okx|futures|MU-USDT-SWAP,perp_perp,comparable,7,holiday,0,0,0,0,0,,,,,,,,,,,,False,样本不足 / 仅事件观察,,,,
MU,bybit|futures|MUUSDT::okx|futures|MU-USDT-SWAP,perp_perp,comparable,30,all,8632,30,5,8640,0.9990740740740741,0.6685138413016188,0.7475118537425551,1.3136869366392467,3.301412669678095,3.966424806810087,1.9510872441899747,-13.589120210630856,13.085442706697314,0.6545412418906394,1.0764931746119755,1.54970957882139,True,K线收盘代理；达到描述性样本门槛,0.00034754402224281743,0.0,0.0,0.0
MU,bybit|futures|MUUSDT::okx|futures|MU-USDT-SWAP,perp_perp,comparable,30,regular,1560,20,5,1560,1.0,0.7062226824526563,0.6423604782612724,1.1916994421162785,3.13468568941655,4.061176612933259,1.8734124975157325,-7.478712379406227,13.085442706697314,0.6544871794871795,1.0088545469090493,1.3193398368646636,True,K线收盘代理；达到描述性样本门槛,0.000641025641025641,0.0,0.0,0.0
MU,bybit|futures|MUUSDT::okx|futures|MU-USDT-SWAP,perp_perp,comparable,30,non_regular,7072,30,5,7080,0.9988700564971752,0.6601957145771252,0.7639429897376981,1.3732555005319114,3.3189369985586747,3.95505348692915,1.9677113793192313,-13.589120210630856,10.306696462971665,0.6545531674208145,1.0705407656333432,1.6159944266111448,True,K线收盘代理；达到描述性样本门槛,0.0002828054298642534,0.0,0.0,0.0
MU,bybit|futures|MUUSDT::okx|futures|MU-USDT-SWAP,perp_perp,comparable,30,pre_market,1320,20,5,1320,1.0,0.5935155658125355,0.6471026225041143,1.280496663527142,3.090057049983441,3.7484257788051867,1.8864518972724555,-13.589120210630856,9.166192553258234,0.6333333333333333,1.0280061582459976,1.4540601664234099,True,K线收盘代理；达到描述性样本门槛,0.0007575757575757576,0.0,0.0,0.0
MU,bybit|futures|MUUSDT::okx|futures|MU-USDT-SWAP,perp_perp,comparable,30,after_market,960,20,5,960,1.0,0.6678220618525667,0.644450034773536,1.115703352708719,2.93403030413586,3.485272965653761,1.661289240839122,-6.422951346143346,7.128353566336898,0.6416666666666667,0.8619010946582517,1.3258478365893445,True,K线收盘代理；达到描述性样本门槛,0.0,0.0,0.0,0.0
MU,bybit|futures|MUUSDT::okx|futures|MU-USDT-SWAP,perp_perp,comparable,30,overnight,1919,20,5,1920,0.9994791666666667,0.9151135925120657,0.9366609079375365,1.3736389527374548,3.485394371129047,4.145240252886317,1.948609856265275,-7.834803700603743,10.306696462971665,0.6961959353830119,1.0439044105083062,1.6989099742351077,True,K线收盘代理；达到描述性样本门槛,0.0005211047420531526,0.0,0.0,0.0
MU,bybit|futures|MUUSDT::okx|futures|MU-USDT-SWAP,perp_perp,comparable,30,weekend,2585,9,5,2592,0.9972993827160493,0.3788945524433346,0.6452207576734814,1.4623303696781331,3.3050749547578473,3.9608422045374048,2.068039399164994,-8.597448362238636,8.350361521534122,0.6205029013539651,1.0876927681857662,1.7451856581152114,True,K线收盘代理；达到描述性样本门槛,0.0,0.0,0.0,0.0
MU,bybit|futures|MUUSDT::okx|futures|MU-USDT-SWAP,perp_perp,comparable,30,holiday,288,1,1,288,1.0,1.7666977956310586,1.9692908708812684,2.1083096922991373,3.832335721822622,4.597278255076828,1.868170840504457,-4.21613437969981,9.094129021756103,0.8229166666666666,2.1083096922991373,2.1083096922991373,False,样本不足 / 仅事件观察,0.0,0.0,0.0,0.0
MU,gateio|futures|MU_USDT::okx|futures|MU-USDT-SWAP,perp_perp,comparable,7,all,2016,7,2,2016,1.0,-2.0065428534488943,-1.944902765353973,1.9875583212297654,4.005316180076268,4.594576982255571,1.5808433430604318,-9.156597726774907,4.649636234341781,0.08630952380952381,1.7339375545455393,2.239699680677276,True,K线收盘代理；达到描述性样本门槛,0.0,0.0,0.0,0.0
MU,gateio|futures|MU_USDT::okx|futures|MU-USDT-SWAP,perp_perp,comparable,7,regular,390,5,1,390,1.0,-2.0857275914596833,-1.9948877065090187,2.03688002836655,4.14201114286339,4.7615716749146415,1.6439625886954448,-7.333125561441722,2.499014811467859,0.1,1.4359670456220996,2.8628799860724863,True,K线收盘代理；达到描述性样本门槛,0.0,0.0,0.0,0.0
MU,gateio|futures|MU_USDT::okx|futures|MU-USDT-SWAP,perp_perp,comparable,7,non_regular,1626,7,2,1626,1.0,-1.987550204110513,-1.94264912517228,1.9841466806197472,3.9455100830027012,4.565381930219658,1.564729917345648,-9.156597726774907,4.649636234341781,0.08302583025830258,1.7166745977240105,2.093107786834414,True,K线收盘代理；达到描述性样本门槛,0.0,0.0,0.0,0.0
MU,gateio|futures|MU_USDT::okx|futures|MU-USDT-SWAP,perp_perp,comparable,7,pre_market,330,5,1,330,1.0,-1.550585285973553,-1.3591045770544596,1.5305590624259402,3.840049773157217,4.367844735516657,1.666378744001478,-8.389989874151293,4.649636234341781,0.14242424242424243,1.0472358048485564,1.37982306614437,True,K线收盘代理；达到描述性样本门槛,0.0,0.0,0.0,0.0
MU,gateio|futures|MU_USDT::okx|futures|MU-USDT-SWAP,perp_perp,comparable,7,after_market,240,5,1,240,1.0,-1.707569381154637,-1.4906089134031353,1.5674423924810776,3.7358133384126635,4.519368041297877,1.5722309960186711,-7.095662430770533,2.2067430391659038,0.1125,1.0663342578948187,2.1191419307636794,True,K线收盘代理；达到描述性样本门槛,0.0,0.0,0.0,0.0
MU,gateio|futures|MU_USDT::okx|futures|MU-USDT-SWAP,perp_perp,comparable,7,overnight,480,5,1,480,1.0,-1.7937416409962577,-1.8325759726484092,1.8577617791004641,3.653794817106815,4.278111549777973,1.5217726027225162,-6.575239526580567,3.394689197344647,0.10416666666666667,1.83327302510361,2.146544978316456,True,K线收盘代理；达到描述性样本门槛,0.0,0.0,0.0,0.0
MU,gateio|futures|MU_USDT::okx|futures|MU-USDT-SWAP,perp_perp,comparable,7,weekend,576,2,2,576,1.0,-2.5160605006199748,-2.3937413246405415,2.3937413246405415,4.279778443110338,4.897265830025588,1.3813829303207237,-9.156597726774907,1.5703662648380856,0.019097222222222224,2.219191228851891,2.777612277485575,True,K线收盘代理；达到描述性样本门槛,0.0,0.0,0.0,0.0
MU,gateio|futures|MU_USDT::okx|futures|MU-USDT-SWAP,perp_perp,comparable,7,holiday,0,0,0,0,0,,,,,,,,,,,,False,样本不足 / 仅事件观察,,,,
MU,gateio|futures|MU_USDT::okx|futures|MU-USDT-SWAP,perp_perp,comparable,30,all,8636,30,5,8640,0.999537037037037,-2.1959120725625763,-2.2408735613782538,2.300887954512776,4.417019282120238,5.103684879733949,1.903396156784851,-13.951224787757122,6.305294476955936,0.10456229735988884,1.8701454454245203,2.667286315783807,True,K线收盘代理；达到描述性样本门槛,0.001157943492357573,0.0,0.0,0.0
MU,gateio|futures|MU_USDT::okx|futures|MU-USDT-SWAP,perp_perp,comparable,30,regular,1560,20,5,1560,1.0,-2.379190128855247,-2.423437474150525,2.43907312181435,4.47634907066763,5.083583888237374,1.7410081847182233,-8.692895347766072,6.305294476955936,0.07628205128205129,1.58035379530172,3.00655302428926,True,K线收盘代理；达到描述性样本门槛,0.0,0.0,0.0,0.0
MU,gateio|futures|MU_USDT::okx|futures|MU-USDT-SWAP,perp_perp,comparable,30,non_regular,7076,30,5,7080,0.9994350282485875,-2.1555059437021233,-2.185770646986329,2.264212008178945,4.404524119160369,5.104366417602035,1.9350324746638934,-13.951224787757122,5.14188385769776,0.11079706048615037,1.9330817104587505,2.591620034788633,True,K线收盘代理；达到描述性样本门槛,0.0014132278123233466,0.0,0.0,0.0
MU,gateio|futures|MU_USDT::okx|futures|MU-USDT-SWAP,perp_perp,comparable,30,pre_market,1320,20,5,1320,1.0,-2.012128621752144,-1.9244858826372724,1.990881956723256,4.049457818819604,4.650806726755051,1.583567143383002,-8.389989874151293,4.649636234341781,0.08787878787878788,1.3777741258724774,2.537240016294157,True,K线收盘代理；达到描述性样本门槛,0.0,0.0,0.0,0.0
MU,gateio|futures|MU_USDT::okx|futures|MU-USDT-SWAP,perp_perp,comparable,30,after_market,960,20,5,960,1.0,-2.265877187536287,-2.245122757398299,2.245122757398299,4.083519881039277,4.590071348955782,1.4443990882864763,-7.526881720431033,2.2067430391659038,0.052083333333333336,1.7926209874719046,2.822366056264708,True,K线收盘代理；达到描述性样本门槛,0.0,0.0,0.0,0.0
MU,gateio|futures|MU_USDT::okx|futures|MU-USDT-SWAP,perp_perp,comparable,30,overnight,1920,20,5,1920,1.0,-2.157268161347251,-2.1546306649877778,2.1620014439671653,4.070902290352785,4.667072448053311,1.5436725628898968,-9.643821525009422,3.394689197344647,0.07708333333333334,1.895476946826291,2.403065082105388,True,K线收盘代理；达到描述性样本门槛,0.0,0.0,0.0,0.0
MU,gateio|futures|MU_USDT::okx|futures|MU-USDT-SWAP,perp_perp,comparable,30,weekend,2588,9,5,2592,0.9984567901234568,-2.1961477035888235,-2.352927569931884,2.5598978793267557,4.959225253682642,6.045114954215947,2.428319112900189,-13.951224787757122,5.14188385769776,0.16383307573415765,1.7120265414161118,3.0589037012890286,True,K线收盘代理；达到描述性样本门槛,0.0034775888717156105,0.0,0.0,0.0
MU,gateio|futures|MU_USDT::okx|futures|MU-USDT-SWAP,perp_perp,comparable,30,holiday,288,1,1,288,1.0,-2.067788368798479,-2.100422828248405,2.113253130495152,4.79780573093891,5.3462587310117975,2.1252081662789175,-11.09347206549094,3.2721253416490015,0.1597222222222222,2.113253130495152,2.113253130495152,False,样本不足 / 仅事件观察,0.003472222222222222,0.0,0.0,0.0
MU,okx|futures|MU-USDT-SWAP::okx|spot|XMU-USDT,spot_perp,comparable,7,all,1791,7,2,2016,0.8883928571428571,7.1575064750722115,6.828300969057288,6.843407829608683,11.815134362807012,13.944386902701167,4.109387654394326,-12.437215977038063,26.005770891914803,0.9731993299832495,6.1391813497313485,8.158295690148808,True,K线收盘代理；达到描述性样本门槛,0.20491345616973758,0.0,0.0,0.0
MU,okx|futures|MU-USDT-SWAP::okx|spot|XMU-USDT,spot_perp,comparable,7,regular,385,5,1,390,0.9871794871794872,7.54626086724672,7.073978926988023,7.12113630239708,11.772779546506575,14.588607509921744,4.142593602789361,-8.075744917849237,25.92854819265522,0.9662337662337662,6.838430690552233,7.4679629397267355,True,K线收盘代理；达到描述性样本门槛,0.22857142857142856,0.0,0.0,0.0
MU,okx|futures|MU-USDT-SWAP::okx|spot|XMU-USDT,spot_perp,comparable,7,non_regular,1406,7,2,1626,0.8646986469864698,7.051055236816746,6.769771618020393,6.775292093054164,11.818070718172535,13.714863222291651,4.093814739572251,-12.437215977038063,26.005770891914803,0.9751066856330014,6.004546580462566,8.363216940082685,True,K线收盘代理；达到描述性样本门槛,0.1984352773826458,0.0,0.0,0.0
MU,okx|futures|MU-USDT-SWAP::okx|spot|XMU-USDT,spot_perp,comparable,7,pre_market,318,5,1,330,0.9636363636363636,7.7237336686633205,7.572220647056316,7.598170081127842,12.460161523715097,14.930106183405723,4.582391555090789,-12.437215977038063,23.578197965117287,0.9654088050314465,7.577356174106598,8.27543088538274,True,K线收盘代理；达到描述性样本门槛,0.25471698113207547,0.0,0.0,0.0
MU,okx|futures|MU-USDT-SWAP::okx|spot|XMU-USDT,spot_perp,comparable,7,after_market,177,5,1,240,0.7375,7.2762337255988525,7.114544160990999,7.114544160990999,11.332371676850528,12.554745178636747,3.1457338139919515,-2.038981621361735,18.998637471454582,0.9887005649717514,6.394810009269225,8.477932349691963,True,K线收盘代理；达到描述性样本门槛,0.15819209039548024,0.0,0.0,0.0
MU,okx|futures|MU-USDT-SWAP::okx|spot|XMU-USDT,spot_perp,comparable,7,overnight,433,5,1,480,0.9020833333333333,7.879068922295653,7.852709657885093,7.870556796132355,13.37559643994135,15.934843397633179,4.760003420048785,-12.277358352269507,26.005770891914803,0.9561200923787528,6.308019658423092,9.005470300413876,True,K线收盘代理；达到描述性样本门槛,0.29330254041570436,0.0,0.0,0.0
MU,okx|futures|MU-USDT-SWAP::okx|spot|XMU-USDT,spot_perp,comparable,7,weekend,478,2,2,576,0.8298611111111112,5.770096534611701,5.454607543778911,5.454607543778911,9.719191129176519,10.652689058930907,2.92507226494051,-1.2029685562531256,19.81382848286861,0.9937238493723849,4.705233687609112,6.217967528688306,True,K线收盘代理；达到描述性样本门槛,0.0899581589958159,0.0,0.0,0.0
MU,okx|futures|MU-USDT-SWAP::okx|spot|XMU-USDT,spot_perp,comparable,7,holiday,0,0,0,0,0,,,,,,,,,,,,False,样本不足 / 仅事件观察,,,,
MU,okx|futures|MU-USDT-SWAP::okx|spot|XMU-USDT,spot_perp,comparable,30,all,7650,30,5,8640,0.8854166666666666,6.878717189849317,6.8058219485800375,6.830148440818418,11.35926868483095,13.24952320430083,4.014933447337275,-18.795994435537587,29.334056638841144,0.961437908496732,6.133532838142469,7.786659075182667,True,K线收盘代理；达到描述性样本门槛,0.17254901960784313,0.0,0.0,0.0
MU,okx|futures|MU-USDT-SWAP::okx|spot|XMU-USDT,spot_perp,comparable,30,regular,1549,20,5,1560,0.992948717948718,7.316569768240374,7.12349157407921,7.196315486470706,12.143775267646985,14.590868318295144,4.436253710773794,-18.795994435537587,26.998002749982764,0.9586830213040671,6.31127547957494,7.660793239879227,True,K线收盘代理；达到描述性样本门槛,0.2156229825693996,0.0,0.0,0.0
MU,okx|futures|MU-USDT-SWAP::okx|spot|XMU-USDT,spot_perp,comparable,30,non_regular,6101,30,5,7080,0.8617231638418079,6.76754957078232,6.729475100941684,6.752932063516237,11.139356202336526,12.842840602835803,3.8928951025319463,-13.313493617355121,29.334056638841144,0.962137354532044,5.980055716907351,7.905636568272811,True,K线收盘代理；达到描述性样本门槛,0.16161285035240125,0.0,0.0,0.0
MU,okx|futures|MU-USDT-SWAP::okx|spot|XMU-USDT,spot_perp,comparable,30,pre_market,1281,20,5,1320,0.9704545454545455,7.221490369773107,7.227849876478842,7.265987805777918,12.096732856980985,14.164004259851204,4.481642095907941,-13.313493617355121,29.334056638841144,0.9562841530054644,6.170310489171104,8.091186433610009,True,K线收盘代理；达到描述性样本门槛,0.21701795472287275,0.0,0.0,0.0
MU,okx|futures|MU-USDT-SWAP::okx|spot|XMU-USDT,spot_perp,comparable,30,after_market,779,20,5,960,0.8114583333333333,7.217693537924279,7.126422739396343,7.126422739396343,10.649803531893376,12.269048023823668,2.9291240070046634,-2.523791997476321,18.998637471454582,0.9858793324775353,6.306440745268704,8.308371543159222,True,K线收盘代理；达到描述性样本门槛,0.14120667522464697,0.0,0.0,0.0
MU,okx|futures|MU-USDT-SWAP::okx|spot|XMU-USDT,spot_perp,comparable,30,overnight,1745,20,5,1920,0.9088541666666666,7.193932217865079,7.104515314175774,7.119171178597838,11.94195489331529,14.024773639631501,4.246417920477764,-12.277358352269507,27.108373696904664,0.9558739255014327,6.272660445115763,7.861113828291078,True,K线收盘代理；达到描述性样本门槛,0.19656160458452723,0.0,0.0,0.0
MU,okx|futures|MU-USDT-SWAP::okx|spot|XMU-USDT,spot_perp,comparable,30,weekend,2028,9,5,2592,0.7824074074074074,5.758483402244446,5.778605609880749,5.7899124170657235,9.835551612504156,10.864871968160548,3.3507756783724467,-12.554384294032328,21.386718750000533,0.9571005917159763,3.9488667670695143,6.974334449227904,True,K线收盘代理；达到描述性样本门槛,0.09270216962524655,0.0,0.0,0.0
MU,okx|futures|MU-USDT-SWAP::okx|spot|XMU-USDT,spot_perp,comparable,30,holiday,268,1,1,288,0.9305555555555556,8.14884866303833,8.056435363303915,8.056435363303915,12.180323755200064,13.42134304495357,3.0509823055515266,0.1907723418281826,16.893026827278224,1.0,8.056435363303915,8.056435363303915,False,样本不足 / 仅事件观察,0.25,0.0,0.0,0.0
MU,gateio|futures|MU_USDT::gateio|spot|MUG_USDT,spot_perp,reference,7,all,1653,7,2,2016,0.8199404761904762,4.926404316564286,4.805293215295325,5.122388496578978,10.693725272573396,13.905805395649999,5.303359542726912,-16.37235411062865,44.94030754801814,0.8796128251663642,3.8979800386179653,5.977538571765306,True,K线收盘代理；达到描述性样本门槛,0.11857229280096794,0.0030248033877797943,0.0,0.0
MU,gateio|futures|MU_USDT::gateio|spot|MUG_USDT,spot_perp,reference,7,regular,390,5,1,390,1.0,5.058438265480016,4.700553847640787,5.600206010332176,12.764749497937045,16.628100173070806,6.728921998636244,-12.183978068841528,34.94282083862821,0.8333333333333334,4.634327724646892,6.332709903010825,True,K线收盘代理；达到描述性样本门槛,0.18461538461538463,0.005128205128205128,0.0,0.0
MU,gateio|futures|MU_USDT::gateio|spot|MUG_USDT,spot_perp,reference,7,non_regular,1263,7,2,1626,0.7767527675276753,4.885633738514298,4.818517935079036,5.045408678103769,9.965376909758293,12.888131086766112,4.77723744982868,-16.37235411062865,44.94030754801814,0.8939034045922407,3.7209186449121967,6.1048694044957275,True,K线收盘代理；达到描述性样本门槛,0.09817893903404593,0.0023752969121140144,0.0,0.0
MU,gateio|futures|MU_USDT::gateio|spot|MUG_USDT,spot_perp,reference,7,pre_market,329,5,1,330,0.996969696969697,5.546676295126889,5.491752736241917,5.7610534497754,11.123449565149766,14.056254243004048,5.395820268085678,-14.352281534354416,32.253110121331915,0.878419452887538,6.05239801031443,6.201145106224937,True,K线收盘代理；达到描述性样本门槛,0.15501519756838905,0.0060790273556231,0.0,0.0
MU,gateio|futures|MU_USDT::gateio|spot|MUG_USDT,spot_perp,reference,7,after_market,240,5,1,240,1.0,4.80485331136799,4.940650699514215,4.970543840057129,8.690278014757968,9.445717739676173,3.383065583812162,-11.905088967645305,15.359213608261424,0.9416666666666667,3.1081481024763935,6.456069084114224,True,K线收盘代理；达到描述性样本门槛,0.0375,0.0,0.0,0.0
MU,gateio|futures|MU_USDT::gateio|spot|MUG_USDT,spot_perp,reference,7,overnight,475,5,1,480,0.9895833333333334,4.922436692745125,5.084410632067993,5.284738041002601,9.871736862492767,11.620618667474986,4.430271421310603,-15.827471306923968,21.23963977570975,0.8968421052631579,4.207494911282472,5.909483727436493,True,K线收盘代理；达到描述性样本门槛,0.09263157894736843,0.0,0.0,0.0
MU,gateio|futures|MU_USDT::gateio|spot|MUG_USDT,spot_perp,reference,7,weekend,219,2,2,576,0.3802083333333333,3.901263410340455,3.4067785686020535,3.6026211503059624,9.167943348160632,14.206018699343126,5.579399624253761,-16.37235411062865,44.94030754801814,0.8584474885844748,3.0512545350736,4.167590402712751,False,样本不足 / 仅事件观察,0.091324200913242,0.0045662100456621,0.0,0.0
MU,gateio|futures|MU_USDT::gateio|spot|MUG_USDT,spot_perp,reference,7,holiday,0,0,0,0,0,,,,,,,,,,,,False,样本不足 / 仅事件观察,,,,
MU,gateio|futures|MU_USDT::gateio|spot|MUG_USDT,spot_perp,reference,30,all,7143,30,5,8640,0.8267361111111111,6.813535738830487,5.964720147064728,6.215281824184515,15.277230251841804,19.475105229577405,6.831223980748158,-39.398891216955164,50.08850981654378,0.8968220635587288,4.775770017715342,8.092578670353678,True,K线收盘代理；达到描述性样本门槛,0.253814923701526,0.006579868402631948,0.0001399972000559989,0.0
MU,gateio|futures|MU_USDT::gateio|spot|MUG_USDT,spot_perp,reference,30,regular,1550,20,5,1560,0.9935897435897436,6.292788775668854,5.6593681703009935,6.379608171297457,16.167353228596866,21.249081361041746,8.20667243543375,-39.398891216955164,50.08850981654378,0.8361290322580646,5.299797883982077,7.996042691043176,True,K线收盘代理；达到描述性样本门槛,0.2793548387096774,0.012258064516129033,0.0006451612903225806,0.0
MU,gateio|futures|MU_USDT::gateio|spot|MUG_USDT,spot_perp,reference,30,non_regular,5593,30,5,7080,0.7899717514124294,6.9578514536348015,6.0220149069545315,6.171426296248672,14.959267155512991,18.956675116162717,6.390421136297149,-27.579462102690357,45.36324231852351,0.9136420525657072,4.749047715154053,7.885362513473105,True,K线收盘代理；达到描述性样本门槛,0.24673699266940818,0.0050062578222778474,0.0,0.0
MU,gateio|futures|MU_USDT::gateio|spot|MUG_USDT,spot_perp,reference,30,pre_market,1310,20,5,1320,0.9924242424242424,6.334659664641655,5.773701300758605,6.03100177578475,14.0360666348045,18.321496999382678,6.368121612590525,-27.579462102690357,32.253110121331915,0.8801526717557252,4.825746308327606,6.66999283187697,True,K线收盘代理；达到描述性样本门槛,0.2152671755725191,0.0030534351145038168,0.0,0.0
MU,gateio|futures|MU_USDT::gateio|spot|MUG_USDT,spot_perp,reference,30,after_market,947,20,5,960,0.9864583333333333,5.780057791159962,5.2420242600881295,5.271537998106091,10.690922699685412,13.042273661867162,4.227499081634292,-11.905088967645305,28.55279797660426,0.9472016895459345,4.406379261489568,6.584085406740603,True,K线收盘代理；达到描述性样本门槛,0.11615628299894404,0.0,0.0,0.0
MU,gateio|futures|MU_USDT::gateio|spot|MUG_USDT,spot_perp,reference,30,overnight,1883,20,5,1920,0.9807291666666667,6.408457180450291,5.8286946638297366,5.953419623700995,13.375075825593273,16.62195023210988,5.7312936403745915,-23.987718288236426,40.14675052411043,0.9166224110462029,4.774706722531496,7.457669197159234,True,K线收盘代理；达到描述性样本门槛,0.20870950610727562,0.003186404673393521,0.0,0.0
MU,gateio|futures|MU_USDT::gateio|spot|MUG_USDT,spot_perp,reference,30,weekend,1182,9,5,2592,0.45601851851851855,8.256556321894198,7.128634963038394,7.3516682460522675,18.42933793827118,21.795331900999145,7.527316789570546,-19.899332787076673,44.94030754801814,0.9052453468697124,4.62986364361373,12.21945191347995,False,样本不足 / 仅事件观察,0.37055837563451777,0.007614213197969543,0.0,0.0
MU,gateio|futures|MU_USDT::gateio|spot|MUG_USDT,spot_perp,reference,30,holiday,271,1,1,288,0.9409722222222222,12.239003129164413,11.279065283615886,11.279065283615886,22.009148150274882,27.140440729616078,8.055935345880489,-5.923265056558824,45.36324231852351,0.974169741697417,11.279065283615886,11.279065283615886,False,样本不足 / 仅事件观察,0.5793357933579336,0.033210332103321034,0.0,0.0
MU,bitget|futures|MUUSDT::bitget|spot|RMUUSDT,spot_perp,reference,7,all,0,0,0,2016,0.0,,,,,,,,,,,,False,样本不足 / 仅事件观察,,,,
MU,bitget|futures|MUUSDT::bitget|spot|RMUUSDT,spot_perp,reference,7,regular,0,0,0,390,0.0,,,,,,,,,,,,False,样本不足 / 仅事件观察,,,,
MU,bitget|futures|MUUSDT::bitget|spot|RMUUSDT,spot_perp,reference,7,non_regular,0,0,0,1626,0.0,,,,,,,,,,,,False,样本不足 / 仅事件观察,,,,
MU,bitget|futures|MUUSDT::bitget|spot|RMUUSDT,spot_perp,reference,7,pre_market,0,0,0,330,0.0,,,,,,,,,,,,False,样本不足 / 仅事件观察,,,,
MU,bitget|futures|MUUSDT::bitget|spot|RMUUSDT,spot_perp,reference,7,after_market,0,0,0,240,0.0,,,,,,,,,,,,False,样本不足 / 仅事件观察,,,,
MU,bitget|futures|MUUSDT::bitget|spot|RMUUSDT,spot_perp,reference,7,overnight,0,0,0,480,0.0,,,,,,,,,,,,False,样本不足 / 仅事件观察,,,,
MU,bitget|futures|MUUSDT::bitget|spot|RMUUSDT,spot_perp,reference,7,weekend,0,0,0,576,0.0,,,,,,,,,,,,False,样本不足 / 仅事件观察,,,,
MU,bitget|futures|MUUSDT::bitget|spot|RMUUSDT,spot_perp,reference,7,holiday,0,0,0,0,0,,,,,,,,,,,,False,样本不足 / 仅事件观察,,,,
MU,bitget|futures|MUUSDT::bitget|spot|RMUUSDT,spot_perp,reference,30,all,0,0,0,8640,0.0,,,,,,,,,,,,False,样本不足 / 仅事件观察,,,,
MU,bitget|futures|MUUSDT::bitget|spot|RMUUSDT,spot_perp,reference,30,regular,0,0,0,1560,0.0,,,,,,,,,,,,False,样本不足 / 仅事件观察,,,,
MU,bitget|futures|MUUSDT::bitget|spot|RMUUSDT,spot_perp,reference,30,non_regular,0,0,0,7080,0.0,,,,,,,,,,,,False,样本不足 / 仅事件观察,,,,
MU,bitget|futures|MUUSDT::bitget|spot|RMUUSDT,spot_perp,reference,30,pre_market,0,0,0,1320,0.0,,,,,,,,,,,,False,样本不足 / 仅事件观察,,,,
MU,bitget|futures|MUUSDT::bitget|spot|RMUUSDT,spot_perp,reference,30,after_market,0,0,0,960,0.0,,,,,,,,,,,,False,样本不足 / 仅事件观察,,,,
MU,bitget|futures|MUUSDT::bitget|spot|RMUUSDT,spot_perp,reference,30,overnight,0,0,0,1920,0.0,,,,,,,,,,,,False,样本不足 / 仅事件观察,,,,
MU,bitget|futures|MUUSDT::bitget|spot|RMUUSDT,spot_perp,reference,30,weekend,0,0,0,2592,0.0,,,,,,,,,,,,False,样本不足 / 仅事件观察,,,,
MU,bitget|futures|MUUSDT::bitget|spot|RMUUSDT,spot_perp,reference,30,holiday,0,0,0,288,0.0,,,,,,,,,,,,False,样本不足 / 仅事件观察,,,,
MU,binance|futures|MUUSDT::binance|spot|MUBUSDT,spot_perp,reference,7,all,1985,7,2,2016,0.9846230158730159,6.960185161964044,6.776012914284646,6.776012914284646,10.439326778895811,11.340131922412233,2.5800739708158993,-0.5532554472609252,15.06880756833251,0.9979848866498741,5.318707466879236,8.210067272661492,True,K线收盘代理；达到描述性样本门槛,0.1355163727959698,0.0,0.0,0.0
MU,binance|futures|MUUSDT::binance|spot|MUBUSDT,spot_perp,reference,7,regular,390,5,1,390,1.0,6.61128045023701,6.624865139542857,6.624865139542857,9.92740838985995,10.72800792088424,2.6747953420118176,-0.18747832281840182,14.55855027488795,0.9948717948717949,5.430512670896448,7.893525671588408,True,K线收盘代理；达到描述性样本门槛,0.09743589743589744,0.0,0.0,0.0
MU,binance|futures|MUUSDT::binance|spot|MUBUSDT,spot_perp,reference,7,non_regular,1595,7,2,1626,0.9809348093480935,7.045497285834604,6.835599029537676,6.835599029537676,10.526663019296834,11.404876372470563,2.549123618529047,-0.5532554472609252,15.06880756833251,0.9987460815047022,5.308366998299507,8.23144442259116,True,K线收盘代理；达到描述性样本门槛,0.14482758620689656,0.0,0.0,0.0
MU,binance|futures|MUUSDT::binance|spot|MUBUSDT,spot_perp,reference,7,pre_market,330,5,1,330,1.0,7.229921873866743,7.124809033921542,7.124809033921542,10.333363398250084,11.136401489799441,2.4413135436756286,0.28674931419114813,14.364792533967385,1.0,6.276988938611616,8.15142431908833,True,K线收盘代理；达到描述性样本门槛,0.12727272727272726,0.0,0.0,0.0
MU,binance|futures|MUUSDT::binance|spot|MUBUSDT,spot_perp,reference,7,after_market,236,5,1,240,0.9833333333333333,6.754539409780808,6.240620674806685,6.240620674806685,10.627577428635737,11.309231828810496,2.6696666105183406,1.671169540149453,14.01783914049659,1.0,4.700634124761294,8.432915201288527,True,K线收盘代理；达到描述性样本门槛,0.18220338983050846,0.0,0.0,0.0
MU,binance|futures|MUUSDT::binance|spot|MUBUSDT,spot_perp,reference,7,overnight,476,5,1,480,0.9916666666666667,6.875116042224891,6.55826810801341,6.55826810801341,10.563694824401448,11.603769469644698,2.655377368758249,-0.5532554472609252,14.266248433913997,0.9957983193277311,5.077915370673702,7.993137598938382,True,K线收盘代理；达到描述性样本门槛,0.14285714285714285,0.0,0.0,0.0
MU,binance|futures|MUUSDT::binance|spot|MUBUSDT,spot_perp,reference,7,weekend,553,2,2,576,0.9600694444444444,7.206270191180559,7.065970469748439,7.065970469748439,10.461984996439355,11.401234564792695,2.4428182850135176,0.6420369079496169,15.06880756833251,1.0,6.182802095794915,8.03694049114123,True,K线收盘代理；达到描述性样本门槛,0.1410488245931284,0.0,0.0,0.0
MU,binance|futures|MUUSDT::binance|spot|MUBUSDT,spot_perp,reference,7,holiday,0,0,0,0,0,,,,,,,,,,,,False,样本不足 / 仅事件观察,,,,
MU,binance|futures|MUUSDT::binance|spot|MUBUSDT,spot_perp,reference,30,all,8505,30,5,8640,0.984375,7.864824880045422,7.829089895112773,7.829362224385239,11.028715119563604,12.057412789185483,2.643048672215586,-8.2503145432411,25.200458190148822,0.9968253968253968,7.184762216549123,8.644339165606862,True,K线收盘代理；达到描述性样本门槛,0.19106407995296884,0.0,0.0,0.0
MU,binance|futures|MUUSDT::binance|spot|MUBUSDT,spot_perp,reference,30,regular,1560,20,5,1560,1.0,7.444285149214581,7.4148190710321416,7.4148190710321416,10.681204088576202,11.918479655877222,2.698069262626265,-5.910283893976187,19.512402040318122,0.9961538461538462,7.1480805141230235,8.34967561765626,True,K线收盘代理；达到描述性样本门槛,0.15256410256410258,0.0,0.0,0.0
MU,binance|futures|MUUSDT::binance|spot|MUBUSDT,spot_perp,reference,30,non_regular,6945,30,5,7080,0.9809322033898306,7.959287368180211,7.9185968246431315,7.921639993577756,11.083828097318005,12.081875436908971,2.621268373941819,-8.2503145432411,25.200458190148822,0.9969762419006479,7.102402914376804,8.695656731806666,True,K线收盘代理；达到描述性样本门槛,0.19971202303815694,0.0,0.0,0.0
MU,binance|futures|MUUSDT::binance|spot|MUBUSDT,spot_perp,reference,30,pre_market,1319,20,5,1320,0.9992424242424243,7.8331297363591705,7.89194111397773,7.897759908097601,11.126854174477787,12.040880089108084,2.7851139026034577,-8.2503145432411,22.571727358384752,0.9954510993176648,6.297620091903211,8.796801070738713,True,K线收盘代理；达到描述性样本门槛,0.18877937831690675,0.0,0.0,0.0
MU,binance|futures|MUUSDT::binance|spot|MUBUSDT,spot_perp,reference,30,after_market,947,20,5,960,0.9864583333333333,7.356456699073343,7.330350886649573,7.330350886649573,10.194659970251152,10.931024766741125,2.171529657834027,-0.21479969928073217,16.349459210196482,0.9989440337909187,6.51350007245477,8.31105456736897,True,K线收盘代理；达到描述性样本门槛,0.11510031678986272,0.0,0.0,0.0
MU,binance|futures|MUUSDT::binance|spot|MUBUSDT,spot_perp,reference,30,overnight,1904,20,5,1920,0.9916666666666667,7.667732265099081,7.631114339153866,7.631114339153866,10.874018024731315,11.91716255553532,2.687388325940773,-4.082114965248129,19.883920894239182,0.9947478991596639,7.016233550183881,8.387642519143146,True,K线收盘代理；达到描述性样本门槛,0.17436974789915966,0.0,0.0,0.0
MU,binance|futures|MUUSDT::binance|spot|MUBUSDT,spot_perp,reference,30,weekend,2487,9,5,2592,0.9594907407407407,8.367001266689332,8.241023171189354,8.241023171189354,11.4585641509688,12.418971781677612,2.6058051028145,-2.0458265139122744,25.200458190148822,0.9983916365098512,7.474320370726151,9.828444605903819,True,K线收盘代理；达到描述性样本门槛,0.24607961399276237,0.0,0.0,0.0
MU,binance|futures|MUUSDT::binance|spot|MUBUSDT,spot_perp,reference,30,holiday,288,1,1,288,1.0,8.926020044188713,9.146465505310841,9.146465505310841,11.209976389685572,11.909547956468478,2.019765468539953,0.19291425925827,13.576953599325758,1.0,9.146465505310841,9.146465505310841,False,样本不足 / 仅事件观察,0.2951388888888889,0.0,0.0,0.0
CRCL,binance|futures|CRCLUSDT::bitget|futures|CRCLUSDT,perp_perp,comparable,7,all,2012,7,2,2016,0.998015873015873,-3.388359648971679,-3.2824553649640764,3.3461603747431123,6.894979737938181,8.586454867446358,3.158858804556218,-19.144144144144228,10.80847384349326,0.09244532803180915,3.1782225974863465,3.9097204272353636,True,K线收盘代理；达到描述性样本门槛,0.019383697813121274,0.0,0.0,0.0
CRCL,binance|futures|CRCLUSDT::bitget|futures|CRCLUSDT,perp_perp,comparable,7,regular,390,5,1,390,1.0,-2.95485879832747,-3.183361665725082,3.2013659525798044,6.315922465671475,7.418221870673312,2.621604590223757,-9.492669549625576,7.534172855452326,0.06923076923076923,2.7031283832074093,3.2629982247645017,True,K线收盘代理；达到描述性样本门槛,0.0,0.0,0.0,0.0
CRCL,binance|futures|CRCLUSDT::bitget|futures|CRCLUSDT,perp_perp,comparable,7,non_regular,1622,7,2,1626,0.997539975399754,-3.492592282603764,-3.3472804284878643,3.387533875338633,7.525668098656846,8.746706497089306,3.2663522347855785,-19.144144144144228,10.80847384349326,0.09802712700369914,2.705083842524103,3.919464501084269,True,K线收盘代理；达到描述性样本门槛,0.02404438964241677,0.0,0.0,0.0
CRCL,binance|futures|CRCLUSDT::bitget|futures|CRCLUSDT,perp_perp,comparable,7,pre_market,330,5,1,330,1.0,-3.7628464594200373,-3.2932664730206396,3.3218932591938533,8.2752248261121,9.625515364323324,3.2101812231712774,-13.975489142119546,9.938162544169682,0.07272727272727272,3.1991669850195414,3.2897038887735874,True,K线收盘代理；达到描述性样本门槛,0.03636363636363636,0.0,0.0,0.0
CRCL,binance|futures|CRCLUSDT::bitget|futures|CRCLUSDT,perp_perp,comparable,7,after_market,239,5,1,240,0.9958333333333333,-1.9335380104406303,-2.162162162161474,3.1739314430812016,6.357765345471392,7.444432627883524,3.31527314613209,-13.750793315000509,10.80847384349326,0.200836820083682,2.1130480954295594,3.436426838276385,True,K线收盘代理；达到描述性样本门槛,0.008368200836820083,0.0,0.0,0.0
CRCL,binance|futures|CRCLUSDT::bitget|futures|CRCLUSDT,perp_perp,comparable,7,overnight,480,5,1,480,1.0,-3.7372028477772323,-3.2701121551514944,4.212309071523479,7.627601476958179,9.620750986751744,3.34926734864494,-16.283108988276453,8.497079129048402,0.09166666666666666,3.266017334087601,4.279448392058849,True,K线收盘代理；达到描述性样本门槛,0.027083333333333334,0.0,0.0,0.0
CRCL,binance|futures|CRCLUSDT::bitget|futures|CRCLUSDT,perp_perp,comparable,7,weekend,573,2,2,576,0.9947916666666666,-3.782325304269303,-3.4258307639589702,4.354452427608457,6.800563311349484,7.958370660321456,3.0157593354941556,-19.144144144144228,5.629362756136569,0.07504363001745201,2.8179948690770784,3.985210168618303,True,K线收盘代理；达到描述性样本门槛,0.020942408376963352,0.0,0.0,0.0
CRCL,binance|futures|CRCLUSDT::bitget|futures|CRCLUSDT,perp_perp,comparable,7,holiday,0,0,0,0,0,,,,,,,,,,,,False,样本不足 / 仅事件观察,,,,
CRCL,binance|futures|CRCLUSDT::bitget|futures|CRCLUSDT,perp_perp,comparable,30,all,8540,30,5,8640,0.9884259259259259,-1.4944664713948532,-1.1425961123129325,2.247822429127244,6.209637572783146,7.542412639739536,3.4985008074748234,-19.957866725800464,16.4712721635496,0.26651053864168617,1.943372338577276,3.2124830133736793,True,K线收盘代理；达到描述性样本门槛,0.012763466042154567,0.0,0.0,0.0
CRCL,binance|futures|CRCLUSDT::bitget|futures|CRCLUSDT,perp_perp,comparable,30,regular,1560,20,5,1560,1.0,-1.7658225010846385,-2.1082593920224157,2.2475701628466016,5.703010376112095,6.8705080993968215,3.0938604395769365,-13.02790142221344,8.959569940643064,0.21474358974358973,2.000440243168783,3.2805385086508156,True,K线收盘代理；达到描述性样本门槛,0.004487179487179487,0.0,0.0,0.0
CRCL,binance|futures|CRCLUSDT::bitget|futures|CRCLUSDT,perp_perp,comparable,30,non_regular,6980,30,5,7080,0.9858757062146892,-1.4338195650458467,-1.1354604292035386,2.247822429127244,6.430868167203174,7.603777995670191,3.5798820739980233,-19.957866725800464,16.4712721635496,0.27808022922636105,1.9640202968965181,3.2327051711003585,True,K线收盘代理；达到描述性样本门槛,0.014613180515759312,0.0,0.0,0.0
CRCL,binance|futures|CRCLUSDT::bitget|futures|CRCLUSDT,perp_perp,comparable,30,pre_market,1320,20,5,1320,1.0,-1.6349247138385141,-1.9922416881490435,2.379394452532435,6.511193834289886,8.215000795409098,3.714922934225885,-16.297262059974393,13.832730368164015,0.2681818181818182,2.115186450286216,3.2500033136528828,True,K线收盘代理；达到描述性样本门槛,0.01893939393939394,0.0,0.0,0.0
CRCL,binance|futures|CRCLUSDT::bitget|futures|CRCLUSDT,perp_perp,comparable,30,after_market,956,20,5,960,0.9958333333333333,-1.2114575492542317,-1.0861891087265985,2.1065947832804577,5.289049713945171,6.60096084564743,3.0412154190673033,-13.750793315000509,11.626677941021235,0.2688284518828452,1.1218736814173902,2.364583868133124,True,K线收盘代理；达到描述性样本门槛,0.005230125523012552,0.0,0.0,0.0
CRCL,binance|futures|CRCLUSDT::bitget|futures|CRCLUSDT,perp_perp,comparable,30,overnight,1915,20,5,1920,0.9973958333333334,-1.5980010033380079,-1.9688915140769758,2.429838415745067,6.5075926501536605,7.8314585651026976,3.756297571493113,-17.66968090634924,13.150684931506618,0.27780678851174934,2.109958920495231,3.336959045229099,True,K线收盘代理；达到描述性样本门槛,0.018276762402088774,0.0,0.0,0.0
CRCL,binance|futures|CRCLUSDT::bitget|futures|CRCLUSDT,perp_perp,comparable,30,weekend,2508,9,5,2592,0.9675925925925926,-1.7069983111662388,-1.9077598520955696,2.2170491348810772,5.787204502176069,6.850566340017628,3.352580642345314,-19.957866725800464,16.4712721635496,0.23285486443381181,1.9396760740952868,2.234387219306466,True,K线收盘代理；达到描述性样本门槛,0.013556618819776715,0.0,0.0,0.0
CRCL,binance|futures|CRCLUSDT::bitget|futures|CRCLUSDT,perp_perp,comparable,30,holiday,281,1,1,288,0.9756944444444444,2.311448971996746,1.9625159454439434,2.921698480715662,5.899124963131275,7.7798307886811635,3.214194240393931,-9.778994719343848,12.726382770436029,0.7615658362989324,2.921698480715662,2.921698480715662,False,样本不足 / 仅事件观察,0.010676156583629894,0.0,0.0,0.0
CRCL,binance|futures|CRCLUSDT::bybit|futures|CRCLUSDT,perp_perp,comparable,7,all,2016,7,2,2016,1.0,-1.7578357025737368,-2.1229169117226165,2.1653223687123635,5.298855685271775,5.6466871441959725,2.566076624623026,-15.844273426890432,8.475474096831803,0.1765873015873016,2.1626682190428737,2.25086550218051,True,K线收盘代理；达到描述性样本门槛,0.001984126984126984,0.0,0.0,0.0
CRCL,binance|futures|CRCLUSDT::bybit|futures|CRCLUSDT,perp_perp,comparable,7,regular,390,5,1,390,1.0,-2.102545586603368,-2.1444271760562295,2.1752139638575585,5.404061971330032,6.356241574140331,2.735575143722743,-15.844273426890432,8.475474096831803,0.15128205128205127,2.114725897982561,2.252886689506073,True,K线收盘代理；达到描述性样本门槛,0.002564102564102564,0.0,0.0,0.0
CRCL,binance|futures|CRCLUSDT::bybit|futures|CRCLUSDT,perp_perp,comparable,7,non_regular,1626,7,2,1626,1.0,-1.675156210094305,-2.113941467438707,2.1645021898536454,5.121876581289375,5.6444557468426915,2.5167193397364676,-12.475309283709324,7.661157929297335,0.18265682656826568,2.142028226893855,2.264893561145509,True,K线收盘代理；达到描述性样本门槛,0.0018450184501845018,0.0,0.0,0.0
CRCL,binance|futures|CRCLUSDT::bybit|futures|CRCLUSDT,perp_perp,comparable,7,pre_market,330,5,1,330,1.0,-2.012559856081115,-2.140525799367299,2.148573890283778,5.197021222262177,5.513104914047107,2.3953811637564484,-12.475309283709324,4.34263380740596,0.12424242424242424,1.0949909735330499,2.1909412565424002,True,K线收盘代理；达到描述性样本门槛,0.0030303030303030303,0.0,0.0,0.0
CRCL,binance|futures|CRCLUSDT::bybit|futures|CRCLUSDT,perp_perp,comparable,7,after_market,240,5,1,240,1.0,-1.4594615876951933,-2.1214536787933502,2.163214543128289,4.355875566644738,5.4174142874987,2.6472343112880723,-9.527842473002757,6.464820601228549,0.20833333333333334,2.1179738577925544,2.294236102541314,True,K线收盘代理；达到描述性样本门槛,0.0,0.0,0.0,0.0
CRCL,binance|futures|CRCLUSDT::bybit|futures|CRCLUSDT,perp_perp,comparable,7,overnight,480,5,1,480,1.0,-1.689789883491113,-2.1473067162280923,2.1606441807792143,4.566366476289607,5.444520229171078,2.5228181695814427,-10.427528675704956,7.661157929297335,0.17708333333333334,2.131434557668399,2.2837567873468245,True,K线收盘代理；达到描述性样本门槛,0.0020833333333333333,0.0,0.0,0.0
CRCL,binance|futures|CRCLUSDT::bybit|futures|CRCLUSDT,perp_perp,comparable,7,weekend,576,2,2,576,1.0,-1.5595300694166518,-1.1378506333636906,2.187227015220672,4.545760509426788,5.6503559724263575,2.5041484944767527,-10.27162748231003,7.537417895981946,0.21006944444444445,2.1940896681674205,2.2292381552554974,True,K线收盘代理；达到描述性样本门槛,0.001736111111111111,0.0,0.0,0.0
CRCL,binance|futures|CRCLUSDT::bybit|futures|CRCLUSDT,perp_perp,comparable,7,holiday,0,0,0,0,0,,,,,,,,,,,,False,样本不足 / 仅事件观察,,,,
CRCL,binance|futures|CRCLUSDT::bybit|futures|CRCLUSDT,perp_perp,comparable,30,all,8628,30,5,8640,0.9986111111111111,-1.1487745933846736,-1.0916434724950186,2.1031600037119125,5.200478739436299,6.123672259534357,2.831261049259402,-18.79478444731575,12.536162005785112,0.2498840982846546,1.1133122434216214,2.2283204295718564,True,K线收盘代理；达到描述性样本门槛,0.004056560037088549,0.0,0.0,0.0
CRCL,binance|futures|CRCLUSDT::bybit|futures|CRCLUSDT,perp_perp,comparable,30,regular,1560,20,5,1560,1.0,-1.6461036963838829,-1.1249226651260935,2.134016218522383,5.455596902703808,6.640877927925392,2.9696011267729343,-18.79478444731575,9.978933362901898,0.2128205128205128,1.1411391837549967,2.3426234793430534,True,K线收盘代理；达到描述性样本门槛,0.007051282051282051,0.0,0.0,0.0
CRCL,binance|futures|CRCLUSDT::bybit|futures|CRCLUSDT,perp_perp,comparable,30,non_regular,7068,30,5,7080,0.9983050847457627,-1.0390075587668515,-1.0893839566061825,2.076952295795298,4.859783113303595,5.901550355976781,2.7878808389236576,-13.633265167006803,12.536162005785112,0.25806451612903225,1.1255758866618448,2.2283204295718564,True,K线收盘代理；达到描述性样本门槛,0.003395585738539898,0.0,0.0,0.0
CRCL,binance|futures|CRCLUSDT::bybit|futures|CRCLUSDT,perp_perp,comparable,30,pre_market,1320,20,5,1320,1.0,-0.964015374320418,-1.076600100013425,2.0571899003912764,4.6757403863766385,5.853047833071168,2.755478488313231,-12.475309283709324,9.874592673053684,0.2734848484848485,1.0949914461778898,2.1609016428229824,True,K线收盘代理；达到描述性样本门槛,0.0030303030303030303,0.0,0.0,0.0
CRCL,binance|futures|CRCLUSDT::bybit|futures|CRCLUSDT,perp_perp,comparable,30,after_market,960,20,5,960,1.0,-1.590769740080927,-1.232893620022324,2.1238192246220144,5.293245818335235,6.145601610583473,2.605713757992079,-11.249859376757376,8.41839419130741,0.19166666666666668,1.125637940758012,2.222816939362465,True,K线收盘代理；达到描述性样本门槛,0.0010416666666666667,0.0,0.0,0.0
CRCL,binance|futures|CRCLUSDT::bybit|futures|CRCLUSDT,perp_perp,comparable,30,overnight,1920,20,5,1920,1.0,-1.1981371613498035,-1.0875475802074597,2.1113750388729313,5.392696154944643,6.467782448414449,2.8601880079925617,-12.199585214102138,9.582623509369892,0.24635416666666668,1.109815810670517,2.2837568320133173,True,K线收盘代理；达到描述性样本门槛,0.0026041666666666665,0.0,0.0,0.0
CRCL,binance|futures|CRCLUSDT::bybit|futures|CRCLUSDT,perp_perp,comparable,30,weekend,2580,9,5,2592,0.9953703703703703,-1.011737637373416,-1.098237332398111,1.9645400567985805,4.541841716815265,5.709913679321276,2.726366358216016,-13.633265167006803,12.536162005785112,0.24186046511627907,1.9338625731651904,2.229157821592165,True,K线收盘代理；达到描述性样本门槛,0.0050387596899224806,0.0,0.0,0.0
CRCL,binance|futures|CRCLUSDT::bybit|futures|CRCLUSDT,perp_perp,comparable,30,holiday,288,1,1,288,1.0,1.2730565049707327,0.9787608980904583,1.9408055073599773,3.9290803031877264,4.903163612203221,2.371714572378769,-5.8673968316058644,10.75584237801852,0.6319444444444444,1.9408055073599773,1.9408055073599773,False,样本不足 / 仅事件观察,0.003472222222222222,0.0,0.0,0.0
CRCL,binance|futures|CRCLUSDT::gateio|futures|CRCL_USDT,perp_perp,comparable,7,all,2016,7,2,2016,1.0,-2.624406814401666,-2.27985187628843,3.2578595958571155,7.550426059755866,8.670441940683837,3.719005490554611,-16.20745542949664,10.771219302023738,0.19791666666666666,3.157629424677122,3.7673133771509715,True,K线收盘代理；达到描述性样本门槛,0.019345238095238096,0.0,0.0,0.0
CRCL,binance|futures|CRCLUSDT::gateio|futures|CRCL_USDT,perp_perp,comparable,7,regular,390,5,1,390,1.0,-3.990544602335411,-4.311747175543834,4.335104315298377,8.643790018931009,9.732070828440628,3.8491511315525666,-16.20745542949664,7.331378299120228,0.1358974358974359,4.298071352186739,6.289316537752554,True,K线收盘代理；达到描述性样本门槛,0.04871794871794872,0.0,0.0,0.0
CRCL,binance|futures|CRCLUSDT::gateio|futures|CRCL_USDT,perp_perp,comparable,7,non_regular,1626,7,2,1626,1.0,-2.2967353892515057,-2.234886691132587,3.236595101953066,6.850488119602982,8.003430061061245,3.6110584762895734,-13.016596160104754,10.771219302023738,0.21279212792127922,2.677270960879663,3.3589313453410985,True,K线收盘代理；达到描述性样本门槛,0.012300123001230012,0.0,0.0,0.0
CRCL,binance|futures|CRCLUSDT::gateio|futures|CRCL_USDT,perp_perp,comparable,7,pre_market,330,5,1,330,1.0,-2.016484079837613,-2.1399538030092424,3.1246745469698523,7.2286548183040376,8.300062749142246,3.6303778981721004,-13.016596160104754,7.415254237288504,0.26666666666666666,2.1491566690523545,4.1845667539736064,True,K线收盘代理；达到描述性样本门槛,0.00909090909090909,0.0,0.0,0.0
CRCL,binance|futures|CRCLUSDT::gateio|futures|CRCL_USDT,perp_perp,comparable,7,after_market,240,5,1,240,1.0,-3.1389158463291977,-3.182517595087253,3.242367164570936,8.04810475754769,9.202384251210505,3.60592434339516,-11.522064754004857,8.45844787481509,0.13333333333333333,1.5807058340500113,3.2701113391991887,True,K线收盘代理；达到描述性样本门槛,0.04583333333333333,0.0,0.0,0.0
CRCL,binance|futures|CRCLUSDT::gateio|futures|CRCL_USDT,perp_perp,comparable,7,overnight,480,5,1,480,1.0,-1.746755068635741,-2.121228483428772,3.1695722492858236,6.471375059907802,7.609771099769125,3.4980789459201524,-11.439029970259362,6.515365403410023,0.26458333333333334,2.1551725138957423,3.272787021380563,True,K线收盘代理；达到描述性样本门槛,0.0020833333333333333,0.0,0.0,0.0
CRCL,binance|futures|CRCLUSDT::gateio|futures|CRCL_USDT,perp_perp,comparable,7,weekend,576,2,2,576,1.0,-2.564704445333981,-3.2559149504413076,3.3590890237822357,6.8247877263177825,7.904916089861713,3.6027704564790013,-12.008733624454537,10.771219302023738,0.171875,3.353666288825746,3.364196401856451,True,K线收盘代理；达到描述性样本门槛,0.008680555555555556,0.0,0.0,0.0
CRCL,binance|futures|CRCLUSDT::gateio|futures|CRCL_USDT,perp_perp,comparable,7,holiday,0,0,0,0,0,,,,,,,,,,,,False,样本不足 / 仅事件观察,,,,
CRCL,binance|futures|CRCLUSDT::gateio|futures|CRCL_USDT,perp_perp,comparable,30,all,6722,24,4,8640,0.7780092592592592,-4.402880391218655,-3.315283456735152,4.275331387019188,11.488648720598968,18.558221544737076,7.376208059818246,-111.29551889095035,50.505050505049724,0.18015471585837547,3.248535151245541,5.75279266106593,True,K线收盘代理；达到描述性样本门槛,0.12659922642070812,0.012049985123475156,0.0008925914906277894,0.0001487652484379649
CRCL,binance|futures|CRCLUSDT::gateio|futures|CRCL_USDT,perp_perp,comparable,30,regular,1230,16,4,1560,0.7884615384615384,-5.086320754498824,-4.6151231135127535,5.292685567931388,12.26348048695603,15.550754901492269,7.216824968258833,-90.21243573576587,50.505050505049724,0.13495934959349593,4.0717468602342874,6.68455668249468,True,K线收盘代理；达到描述性样本门槛,0.15609756097560976,0.01056910569105691,0.0016260162601626016,0.0
CRCL,binance|futures|CRCLUSDT::gateio|futures|CRCL_USDT,perp_perp,comparable,30,non_regular,5492,24,4,7080,0.7757062146892655,-4.249815633965449,-3.259275364063674,3.889726269710181,11.094346763314004,19.518574777437568,7.402791063432629,-111.29551889095035,37.91257805530579,0.19027676620538966,3.2382283887984196,5.5940659089982745,True,K线收盘代理；达到描述性样本门槛,0.11999271667880554,0.012381646030589949,0.0007283321194464676,0.0001820830298616169
CRCL,binance|futures|CRCLUSDT::gateio|futures|CRCL_USDT,perp_perp,comparable,30,pre_market,1001,16,4,1320,0.7583333333333333,-3.901253093935561,-3.2161234991423537,3.3090668431501324,10.46134532901033,17.959366932315255,7.259721009400413,-43.17958783120801,37.91257805530579,0.2007992007992008,2.1550281814068653,4.799241976790464,True,K线收盘代理；达到描述性样本门槛,0.1028971028971029,0.02097902097902098,0.0,0.0
CRCL,binance|futures|CRCLUSDT::gateio|futures|CRCL_USDT,perp_perp,comparable,30,after_market,752,16,4,960,0.7833333333333333,-5.395092151798171,-4.57824400840523,4.698974061470018,11.519283565960658,18.623816973198867,6.058964577484222,-28.50963429020803,14.62273347631271,0.11170212765957446,2.1710087022278057,7.771789756342989,True,K线收盘代理；达到描述性样本门槛,0.13696808510638298,0.0,0.0,0.0
CRCL,binance|futures|CRCLUSDT::gateio|futures|CRCL_USDT,perp_perp,comparable,30,overnight,1438,16,4,1920,0.7489583333333333,-3.8732236031764646,-3.2348504571139136,3.4188034188031846,8.76405066281649,14.692342638799648,7.216761870223024,-111.29551889095035,26.64298401420906,0.17941585535465926,2.9621596732279376,4.985316199927481,True,K线收盘代理；达到描述性样本门槛,0.07649513212795549,0.008344923504867872,0.0027816411682892906,0.0006954102920723226
CRCL,binance|futures|CRCLUSDT::gateio|futures|CRCL_USDT,perp_perp,comparable,30,weekend,2014,7,4,2592,0.7770061728395061,-5.371712884844892,-3.3253896030366326,3.8104364578644967,13.725896142293138,24.497795198432648,7.627157516757713,-40.152776417589074,11.444921316166035,0.14349553128103276,3.3025999428396013,5.639049763833393,True,K线收盘代理；达到描述性样本门槛,0.16137040714995035,0.01737835153922542,0.0,0.0
CRCL,binance|futures|CRCLUSDT::gateio|futures|CRCL_USDT,perp_perp,comparable,30,holiday,287,1,1,288,0.9965277777777778,3.5212594943862228,3.9169604386990464,4.881859011911516,8.862106378789925,10.7997103822286,5.068273713500591,-9.60153624580018,15.650983077373226,0.7421602787456446,4.881859011911516,4.881859011911516,False,样本不足 / 仅事件观察,0.0627177700348432,0.0,0.0,0.0
CRCL,binance|futures|CRCLUSDT::okx|futures|CRCL-USDT-SWAP,perp_perp,comparable,7,all,2016,7,2,2016,1.0,-0.7522611655887526,-1.0746910263292886,1.1293054771316369,3.337970652004252,4.3044308828768525,2.01823185625183,-11.322463768115298,7.813372028127041,0.2524801587301587,1.089095826046771,1.6121195253554488,True,K线收盘代理；达到描述性样本门槛,0.000496031746031746,0.0,0.0,0.0
CRCL,binance|futures|CRCLUSDT::okx|futures|CRCL-USDT-SWAP,perp_perp,comparable,7,regular,390,5,1,390,1.0,-1.0799328805129986,-1.0717539283761068,1.086897608515991,4.1456475070673635,4.450677353520227,2.0121856214830887,-11.322463768115298,4.511617414844071,0.19743589743589743,1.0667238043887695,1.0841872868150304,True,K线收盘代理；达到描述性样本门槛,0.002564102564102564,0.0,0.0,0.0
CRCL,binance|futures|CRCLUSDT::okx|futures|CRCL-USDT-SWAP,perp_perp,comparable,7,non_regular,1626,7,2,1626,1.0,-0.6736683188357047,-1.0758472421446008,1.131285709825569,3.2990597779403164,4.276939539861468,2.0117592461184515,-8.273009307134815,7.813372028127041,0.2656826568265683,1.0905830605120737,1.622214487980722,True,K线收盘代理；达到描述性样本门槛,0.0,0.0,0.0,0.0
CRCL,binance|futures|CRCLUSDT::okx|futures|CRCL-USDT-SWAP,perp_perp,comparable,7,pre_market,330,5,1,330,1.0,-1.436134444162883,-1.097032609530535,2.067290746510242,4.178940882786143,4.323179278530376,2.0158753116143404,-8.273009307134815,4.3912613898333674,0.15151515151515152,1.5810124768966816,2.1241065144950166,True,K线收盘代理；达到描述性样本门槛,0.0,0.0,0.0,0.0
CRCL,binance|futures|CRCLUSDT::okx|futures|CRCL-USDT-SWAP,perp_perp,comparable,7,after_market,240,5,1,240,1.0,-0.6826545569112672,-1.063151180098476,1.1476444635249994,3.18562661194588,3.435384867172986,1.8218209305697064,-5.397236614852474,3.4455036177782894,0.2791666666666667,1.0630381750831308,1.0939737972859298,True,K线收盘代理；达到描述性样本门槛,0.0,0.0,0.0,0.0
CRCL,binance|futures|CRCLUSDT::okx|futures|CRCL-USDT-SWAP,perp_perp,comparable,7,overnight,480,5,1,480,1.0,-1.012233364269093,-1.0800302534447193,1.0896213598127202,3.2511162715684883,3.4184333341127915,1.6573390555862653,-6.531678641411576,5.431830526887449,0.15833333333333333,1.0811980179042946,2.1425816598752423,True,K线收盘代理；达到描述性样本门槛,0.0,0.0,0.0,0.0
CRCL,binance|futures|CRCLUSDT::okx|futures|CRCL-USDT-SWAP,perp_perp,comparable,7,weekend,576,2,2,576,1.0,0.04904303585896603,0.0,1.133530336159816,3.3549541909172476,4.436189935542734,2.1151369825059394,-6.801949892301096,7.813372028127041,0.4149305555555556,1.121639227057436,1.133397451074103,True,K线收盘代理；达到描述性样本门槛,0.0,0.0,0.0,0.0
CRCL,binance|futures|CRCLUSDT::okx|futures|CRCL-USDT-SWAP,perp_perp,comparable,7,holiday,0,0,0,0,0,,,,,,,,,,,,False,样本不足 / 仅事件观察,,,,
CRCL,binance|futures|CRCLUSDT::okx|futures|CRCL-USDT-SWAP,perp_perp,comparable,30,all,8631,30,5,8640,0.9989583333333333,0.16201589872109762,0.0,1.1693171188031926,3.913511398101477,4.82719971851453,2.4388750868030975,-11.322463768115298,12.736149437486688,0.41339358127679293,1.093123048117317,1.954055291368273,True,K线收盘代理；达到描述性样本门槛,0.0005793071486502144,0.0,0.0,0.0
CRCL,binance|futures|CRCLUSDT::okx|futures|CRCL-USDT-SWAP,perp_perp,comparable,30,regular,1560,20,5,1560,1.0,-0.26844702236993995,0.0,1.2196613878440177,4.228642919940184,5.018534291597097,2.5378352740869548,-11.322463768115298,8.5938339241598,0.3455128205128205,1.0673643468128713,2.233905849729212,True,K线收盘代理；达到描述性样本门槛,0.000641025641025641,0.0,0.0,0.0
CRCL,binance|futures|CRCLUSDT::okx|futures|CRCL-USDT-SWAP,perp_perp,comparable,30,non_regular,7071,30,5,7080,0.9987288135593221,0.25698438364572196,0.0,1.1602274045707794,3.8632412594163945,4.7784016928476,2.406150044191387,-8.273009307134815,12.736149437486688,0.4283693961250177,1.0978231545988315,1.9538883261482898,True,K线收盘代理；达到描述性样本门槛,0.000565690849950502,0.0,0.0,0.0
CRCL,binance|futures|CRCLUSDT::okx|futures|CRCL-USDT-SWAP,perp_perp,comparable,30,pre_market,1320,20,5,1320,1.0,-0.13741373504669138,0.0,1.9975031659291709,4.315925766077422,5.392027351340922,2.6670039973190307,-8.273009307134815,10.857763300760048,0.3621212121212121,1.1152052671101198,2.147622798646248,True,K线收盘代理；达到描述性样本门槛,0.0007575757575757576,0.0,0.0,0.0
CRCL,binance|futures|CRCLUSDT::okx|futures|CRCL-USDT-SWAP,perp_perp,comparable,30,after_market,960,20,5,960,1.0,-0.031167277356417694,0.0,1.1527377521619586,3.380319782114727,4.3673128494701725,2.2547338538656945,-5.499945000549955,8.453085376161074,0.36041666666666666,1.0881194298542618,1.1929469083285515,True,K线收盘代理；达到描述性样本门槛,0.0,0.0,0.0,0.0
CRCL,binance|futures|CRCLUSDT::okx|futures|CRCL-USDT-SWAP,perp_perp,comparable,30,overnight,1920,20,5,1920,1.0,0.15237792197495628,0.0,1.1532031172423185,3.9487514159261017,5.286977837872464,2.4997718659815913,-6.798096532970588,12.736149437486688,0.3703125,1.0924554968108624,2.008327171990898,True,K线收盘代理；达到描述性样本门槛,0.0010416666666666667,0.0,0.0,0.0
CRCL,binance|futures|CRCLUSDT::okx|futures|CRCL-USDT-SWAP,perp_perp,comparable,30,weekend,2584,9,5,2592,0.9969135802469136,0.43990404412867945,0.0,1.1380448389669562,3.404448479346067,4.4406946362401944,2.171283751245099,-7.718601830410954,11.386927806877889,0.4907120743034056,1.1157601150491026,1.914241960183638,True,K线收盘代理；达到描述性样本门槛,0.0003869969040247678,0.0,0.0,0.0
CRCL,binance|futures|CRCLUSDT::okx|futures|CRCL-USDT-SWAP,perp_perp,comparable,30,holiday,287,1,1,288,0.9965277777777778,2.0876851326211487,1.9542700801244983,1.9559902200483315,4.84280263763992,4.91255649439859,1.9878263527924498,-3.9142773265476993,8.792497069167737,0.7874564459930313,1.9559902200483315,1.9559902200483315,False,样本不足 / 仅事件观察,0.0,0.0,0.0,0.0
CRCL,bitget|futures|CRCLUSDT::bybit|futures|CRCLUSDT,perp_perp,comparable,7,all,2012,7,2,2016,0.998015873015873,1.6277814688246117,2.0778166120416497,2.2271719341016016,6.343098186968543,7.5385574371330515,3.4382088163873386,-12.953367875647714,16.920473773265332,0.6386679920477137,2.1425046884848697,3.199577379978946,True,K线收盘代理；达到描述性样本门槛,0.012922465208747515,0.0,0.0,0.0
CRCL,bitget|futures|CRCLUSDT::bybit|futures|CRCLUSDT,perp_perp,comparable,7,regular,390,5,1,390,1.0,0.8530403359257801,1.065643842387276,2.1431633336538303,5.309492131115645,6.428866747539062,3.1803624050189,-10.751532093323801,12.713211145249925,0.5435897435897435,1.0886723930847442,2.2530134054299378,True,K线收盘代理；达到描述性样本门槛,0.005128205128205128,0.0,0.0,0.0
CRCL,bitget|futures|CRCLUSDT::bybit|futures|CRCLUSDT,perp_perp,comparable,7,non_regular,1622,7,2,1626,0.997539975399754,1.8140632455388808,2.1508845574913504,2.250098448928206,6.4558498081293,7.640629018908827,3.471684650650763,-12.953367875647714,16.920473773265332,0.6615289765721332,2.1509341471739885,3.2827095453402677,True,K线收盘代理；达到描述性样本门槛,0.014796547472256474,0.0,0.0,0.0
CRCL,bitget|futures|CRCLUSDT::bybit|futures|CRCLUSDT,perp_perp,comparable,7,pre_market,330,5,1,330,1.0,1.7517660298607702,2.1158437017698706,2.2101906986193853,6.399318061853565,7.518796992482812,3.4408189403323335,-12.131906915187063,10.258514567089705,0.6727272727272727,2.154824418898471,3.1164055239807364,True,K线收盘代理；达到描述性样本门槛,0.00909090909090909,0.0,0.0,0.0
CRCL,bitget|futures|CRCLUSDT::bybit|futures|CRCLUSDT,perp_perp,comparable,7,after_market,239,5,1,240,0.9958333333333333,0.47339706104322415,0.0,2.1251726702786744,5.764619123019621,7.434639314325972,3.5213805475627633,-12.953367875647714,10.774701002047582,0.4769874476987448,2.114947396595346,2.16477306429097,True,K线收盘代理；达到描述性样本门槛,0.016736401673640166,0.0,0.0,0.0
CRCL,bitget|futures|CRCLUSDT::bybit|futures|CRCLUSDT,perp_perp,comparable,7,overnight,480,5,1,480,1.0,2.049092512705515,2.1547084372131042,2.2797218739301073,6.517701051917624,8.628686754239833,3.664038956504791,-9.38477580813335,16.41676699135397,0.6854166666666667,2.1722603392793083,3.4211437739217754,True,K线收盘代理；达到描述性样本门槛,0.01875,0.0,0.0,0.0
CRCL,bitget|futures|CRCLUSDT::bybit|futures|CRCLUSDT,perp_perp,comparable,7,weekend,573,2,2,576,0.9947916666666666,2.212253910509656,2.2368862543342694,2.258355916893162,6.309416440711642,7.153931293761389,3.1502296140927446,-9.896635144051036,16.920473773265332,0.7120418848167539,2.4916224448598423,3.084569891928235,True,K线收盘代理；达到描述性样本门槛,0.013961605584642234,0.0,0.0,0.0
CRCL,bitget|futures|CRCLUSDT::bybit|futures|CRCLUSDT,perp_perp,comparable,7,holiday,0,0,0,0,0,,,,,,,,,,,,False,样本不足 / 仅事件观察,,,,
CRCL,bitget|futures|CRCLUSDT::bybit|futures|CRCLUSDT,perp_perp,comparable,30,all,8533,30,5,8640,0.9876157407407408,0.34278547579796925,0.0,2.197319270489384,5.68246420983587,6.976102583188254,3.551403188190628,-17.409807524906284,18.50440840317935,0.4650181647720614,2.1298727100643733,2.3598734168597812,True,K线收盘代理；达到描述性样本门槛,0.012305168170631665,0.0,0.0,0.0
CRCL,bitget|futures|CRCLUSDT::bybit|futures|CRCLUSDT,perp_perp,comparable,30,regular,1560,20,5,1560,1.0,0.12030908127783353,0.0,2.142359962968299,5.306278410107224,6.56606005061966,3.260326125561553,-13.064779531843929,12.713211145249925,0.44743589743589746,1.142175472060164,2.2751387920254276,True,K线收盘代理；达到描述性样本门槛,0.010897435897435897,0.0,0.0,0.0
CRCL,bitget|futures|CRCLUSDT::bybit|futures|CRCLUSDT,perp_perp,comparable,30,non_regular,6973,30,5,7080,0.9848870056497175,0.3925579088183926,0.0,2.2145941756168686,5.741055447740173,7.181903661483065,3.6114391071759604,-17.409807524906284,18.50440840317935,0.4689516707299584,2.13913324136783,3.104272059873958,True,K线收盘代理；达到描述性样本门槛,0.012620106123619676,0.0,0.0,0.0
CRCL,bitget|futures|CRCLUSDT::bybit|futures|CRCLUSDT,perp_perp,comparable,30,pre_market,1320,20,5,1320,1.0,0.6720108245436638,1.0266940559966464,2.2095793387155727,6.432040462098111,7.547536336942772,3.6912406470883137,-12.752391073325153,18.50440840317935,0.5166666666666667,2.029054968055166,3.140305324652315,True,K线收盘代理；达到描述性样本门槛,0.011363636363636364,0.0,0.0,0.0
CRCL,bitget|futures|CRCLUSDT::bybit|futures|CRCLUSDT,perp_perp,comparable,30,after_market,956,20,5,960,0.9958333333333333,-0.38168051527099045,0.0,2.173913069162814,5.439217541295394,6.543971502210866,3.338616629058613,-13.08757770749347,10.774701002047582,0.3598326359832636,1.143060839859933,2.3120565000271656,True,K线收盘代理；达到描述性样本门槛,0.010460251046025104,0.0,0.0,0.0
CRCL,bitget|futures|CRCLUSDT::bybit|futures|CRCLUSDT,perp_perp,comparable,30,overnight,1915,20,5,1920,0.9973958333333334,0.40200721543028295,0.0,2.2864982279635626,6.331251122882353,7.6234460454209785,3.850205114685211,-13.015184381779399,17.700957934192463,0.4704960835509138,2.158239894776981,3.2805094459903428,True,K线收盘代理；达到描述性样本门槛,0.014099216710182768,0.0,0.0,0.0
CRCL,bitget|futures|CRCLUSDT::bybit|futures|CRCLUSDT,perp_perp,comparable,30,weekend,2501,9,5,2592,0.964891975308642,0.6897146433734834,0.9559315553020475,2.204828574579043,5.594718585655301,6.808124361739054,3.4521368453157324,-17.409807524906284,16.920473773265332,0.5041983206717313,2.1834061135383998,2.266931149246809,True,K线收盘代理；达到描述性样本门槛,0.014394242303078768,0.0,0.0,0.0
CRCL,bitget|futures|CRCLUSDT::bybit|futures|CRCLUSDT,perp_perp,comparable,30,holiday,281,1,1,288,0.9756944444444444,-0.9953080364198995,-0.9711566475678612,1.9430681045384812,5.813390175370969,6.874202101541105,3.083918140301459,-9.782821365681427,9.788566953798927,0.2918149466192171,1.9430681045384812,1.9430681045384812,False,样本不足 / 仅事件观察,0.0,0.0,0.0,0.0
CRCL,bitget|futures|CRCLUSDT::gateio|futures|CRCL_USDT,perp_perp,comparable,7,all,2012,7,2,2016,0.998015873015873,0.7674273298707195,1.0760208779192482,3.192678133873139,6.6901566693948755,8.415401395025386,4.198041548011565,-14.031300593633222,16.920473773265332,0.5253479125248509,2.686702507138927,3.262466503440309,True,K线收盘代理；达到描述性样本门槛,0.01739562624254473,0.0,0.0,0.0
CRCL,bitget|futures|CRCLUSDT::gateio|futures|CRCL_USDT,perp_perp,comparable,7,regular,390,5,1,390,1.0,-1.0354639683024212,-1.0751532217601056,3.1830244459984947,7.386854707047364,8.505481575715844,4.3019888632200685,-12.970168612190802,11.499059167885406,0.36923076923076925,2.254283137961277,3.697217061440772,True,K线收盘代理；达到描述性样本门槛,0.023076923076923078,0.0,0.0,0.0
CRCL,bitget|futures|CRCLUSDT::gateio|futures|CRCL_USDT,perp_perp,comparable,7,non_regular,1622,7,2,1626,0.997539975399754,1.2009215384326952,1.1131556447718793,3.2097576724821053,6.5823396470511275,8.055746170770094,4.054830105539367,-14.031300593633222,16.920473773265332,0.56288532675709,2.722116352289472,3.2534799992661734,True,K线收盘代理；达到描述性样本门槛,0.016029593094944512,0.0,0.0,0.0
CRCL,bitget|futures|CRCLUSDT::gateio|futures|CRCL_USDT,perp_perp,comparable,7,pre_market,330,5,1,330,1.0,1.747794686160446,2.098469954086024,3.231888195643351,7.420365288480335,8.62219589457597,4.286569610545486,-12.131906915187063,11.820330969267712,0.593939393939394,3.097573864582759,3.2299744971814315,True,K线收盘代理；达到描述性样本门槛,0.02727272727272727,0.0,0.0,0.0
CRCL,bitget|futures|CRCLUSDT::gateio|futures|CRCL_USDT,perp_perp,comparable,7,after_market,239,5,1,240,0.9958333333333333,-1.195466502898328,-1.0827197921181586,3.1689025034320473,6.8838949589475895,8.048660674486063,3.9960453573445354,-14.031300593633222,9.729729729730519,0.3305439330543933,2.1626297577848064,3.1705779303670134,True,K线收盘代理；达到描述性样本门槛,0.012552301255230125,0.0,0.0,0.0
CRCL,bitget|futures|CRCLUSDT::gateio|futures|CRCL_USDT,perp_perp,comparable,7,overnight,480,5,1,480,1.0,1.9918955549791442,2.157963109146177,3.2185388204375442,7.519607812878304,8.62431564274413,3.8845829954542106,-11.948729089723553,13.12192454893335,0.64375,2.1772262138042286,3.2273688376882603,True,K线收盘代理；达到描述性样本门槛,0.014583333333333334,0.0,0.0,0.0
CRCL,bitget|futures|CRCLUSDT::gateio|futures|CRCL_USDT,perp_perp,comparable,7,weekend,573,2,2,576,0.9947916666666666,1.2229129436432735,1.129560600927615,2.2810218978108754,5.642194771882991,6.747335130443677,3.683199783042548,-12.093227792435712,16.920473773265332,0.5741710296684118,2.522977823642414,3.0172711715370504,True,K线收盘代理；达到描述性样本门槛,0.012216404886561954,0.0,0.0,0.0
CRCL,bitget|futures|CRCLUSDT::gateio|futures|CRCL_USDT,perp_perp,comparable,7,holiday,0,0,0,0,0,,,,,,,,,,,,False,样本不足 / 仅事件观察,,,,
CRCL,bitget|futures|CRCLUSDT::gateio|futures|CRCL_USDT,perp_perp,comparable,30,all,6641,24,4,8640,0.7686342592592592,-2.4477495832236023,-1.0958904109592549,3.2948929159803964,10.858942339017075,18.618324350808678,7.920295200426373,-110.31924240945123,46.464646464645654,0.3601867188676404,2.2874661278285413,4.228125377507553,True,K线收盘代理；达到描述性样本门槛,0.11383827736786628,0.011745219093510013,0.0009034783918084626,0.0001505797319680771
CRCL,bitget|futures|CRCLUSDT::gateio|futures|CRCL_USDT,perp_perp,comparable,30,regular,1230,16,4,1560,0.7884615384615384,-2.937518967991984,-2.2514916417271102,3.545481072806389,11.096660938768492,16.624684113375302,7.770382900555684,-91.18246192647229,46.464646464645654,0.28292682926829266,2.9496994300451385,4.3578200500205,True,K线收盘代理；达到描述性样本门槛,0.11951219512195121,0.011382113821138212,0.0008130081300813008,0.0
CRCL,bitget|futures|CRCLUSDT::gateio|futures|CRCL_USDT,perp_perp,comparable,30,non_regular,5411,24,4,7080,0.7642655367231639,-2.3364177881274815,-1.0815487778492727,3.2815576460298868,10.850694444444198,19.47138640763957,7.949770432104289,-110.31924240945123,41.257805530774405,0.3777490297542044,2.2875645701911362,4.073624397019499,True,K线收盘代理；达到描述性样本门槛,0.11254851228978008,0.011827758270190353,0.0009240436148586213,0.00018480872297172427
CRCL,bitget|futures|CRCLUSDT::gateio|futures|CRCL_USDT,perp_perp,comparable,30,pre_market,1001,16,4,1320,0.7583333333333333,-1.657744525980064,-0.9955201592837248,3.2181935207042933,9.559214020178342,17.570832418185578,8.12323602498187,-43.02336951207519,41.257805530774405,0.3926073926073926,2.1922126482623594,3.342664226791414,True,K线收盘代理；达到描述性样本门槛,0.09490509490509491,0.023976023976023976,0.0,0.0
CRCL,bitget|futures|CRCLUSDT::gateio|futures|CRCL_USDT,perp_perp,comparable,30,after_market,749,16,4,960,0.7802083333333333,-3.849513603462593,-2.463661000247086,3.517411185367525,11.729657762441503,18.652689729476535,6.566401703553856,-28.456481208909423,19.496977968416207,0.22696929238985314,2.1744664121023383,6.070329583076351,True,K线收盘代理；达到描述性样本门槛,0.1321762349799733,0.0,0.0,0.0
CRCL,bitget|futures|CRCLUSDT::gateio|futures|CRCL_USDT,perp_perp,comparable,30,overnight,1433,16,4,1920,0.7463541666666667,-1.4579289392021662,0.0,3.23275862069039,8.928973048364819,13.854100585045627,8.005197790992145,-110.31924240945123,24.6694296427874,0.42219120725750175,2.2827307698664034,4.3128060557021115,True,K线收盘代理；达到描述性样本门槛,0.08025122121423586,0.006978367062107467,0.0034891835310537334,0.0006978367062107466
CRCL,bitget|futures|CRCLUSDT::gateio|futures|CRCL_USDT,perp_perp,comparable,30,weekend,1948,7,4,2592,0.7515432098765432,-3.248710049398267,-1.0979358805451866,3.346906910620673,13.596689647661027,23.517076878718846,8.374039401078466,-37.21476838703275,16.920473773265332,0.36806981519507187,2.225699758466315,5.1163876355597715,True,K线收盘代理；达到描述性样本门槛,0.14989733059548255,0.015400410677618069,0.0,0.0
CRCL,bitget|futures|CRCLUSDT::gateio|futures|CRCL_USDT,perp_perp,comparable,30,holiday,280,1,1,288,0.9722222222222222,1.1358237644508995,1.9347037892236685,3.8761568724388074,7.834995113442433,9.55187503694882,4.967126184851965,-13.744354997055064,13.72549019607927,0.5678571428571428,3.8761568724388074,3.8761568724388074,False,样本不足 / 仅事件观察,0.02857142857142857,0.0,0.0,0.0
CRCL,bitget|futures|CRCLUSDT::okx|futures|CRCL-USDT-SWAP,perp_perp,comparable,7,all,2012,7,2,2016,0.998015873015873,2.6351385329149877,2.255808707423146,3.1821798021097747,6.521668249669599,7.618467521778415,3.151836774866592,-10.796804145973837,19.180864267178688,0.76441351888668,2.1406107564536647,3.8240830522234814,True,K线收盘代理；达到描述性样本门槛,0.01341948310139165,0.0,0.0,0.0
CRCL,bitget|futures|CRCLUSDT::okx|futures|CRCL-USDT-SWAP,perp_perp,comparable,7,regular,390,5,1,390,1.0,1.8759923827135803,2.127889413865436,2.1584286890719007,5.394505939998018,6.373424361215906,2.72392735778327,-7.528500752851386,10.540739959945533,0.7076923076923077,2.1202163573696975,3.1340382283906454,True,K线收盘代理；达到描述性样本门槛,0.002564102564102564,0.0,0.0,0.0
CRCL,bitget|futures|CRCLUSDT::okx|futures|CRCL-USDT-SWAP,perp_perp,comparable,7,non_regular,1622,7,2,1626,0.997539975399754,2.8176705912248203,3.1759475265957793,3.237293622531112,6.621712602858265,7.859561105556855,3.219741516549222,-10.796804145973837,19.180864267178688,0.7780517879161529,2.153116785383047,3.9166192751705076,True,K线收盘代理；达到描述性样本门槛,0.016029593094944512,0.0,0.0,0.0
CRCL,bitget|futures|CRCLUSDT::okx|futures|CRCL-USDT-SWAP,perp_perp,comparable,7,pre_market,330,5,1,330,1.0,2.328365692798646,2.149844161141168,2.2087244885615753,6.414779890008049,7.487000128790999,3.0511793436126826,-7.122507122507837,13.34017444843516,0.7575757575757576,2.128705685091048,3.1240278416611034,True,K线收盘代理；达到描述性样本门槛,0.012121212121212121,0.0,0.0,0.0
CRCL,bitget|futures|CRCLUSDT::okx|futures|CRCL-USDT-SWAP,perp_perp,comparable,7,after_market,239,5,1,240,0.9958333333333333,1.2582397888010532,1.0813148788924032,2.1265284423177544,5.5047058735167065,6.952148344797846,3.3198308921605273,-10.796804145973837,11.648840410887207,0.5690376569037657,2.116290291475087,2.16052716863091,True,K线收盘代理；达到描述性样本门槛,0.016736401673640166,0.0,0.0,0.0
CRCL,bitget|futures|CRCLUSDT::okx|futures|CRCL-USDT-SWAP,perp_perp,comparable,7,overnight,480,5,1,480,1.0,2.7269394847627924,2.7060409666401775,3.2221696438322622,6.576783952647602,8.01901528390323,3.2475674006653295,-9.419152276295417,14.207650273223571,0.7625,2.1769892496981136,3.231714223117521,True,K线收盘代理；达到描述性样本门槛,0.014583333333333334,0.0,0.0,0.0
CRCL,bitget|futures|CRCLUSDT::okx|futures|CRCL-USDT-SWAP,perp_perp,comparable,7,weekend,573,2,2,576,0.9947916666666666,3.8259175534616294,3.4258307639611907,4.284949116228898,6.772009029345494,7.911035151384915,2.8941450221725926,-6.551648831623069,19.180864267178688,0.8900523560209425,3.6212808127517038,4.211957737589311,True,K线收盘代理；达到描述性样本门槛,0.019197207678883072,0.0,0.0,0.0
CRCL,bitget|futures|CRCLUSDT::okx|futures|CRCL-USDT-SWAP,perp_perp,comparable,7,holiday,0,0,0,0,0,,,,,,,,,,,,False,样本不足 / 仅事件观察,,,,
CRCL,bitget|futures|CRCLUSDT::okx|futures|CRCL-USDT-SWAP,perp_perp,comparable,30,all,8534,30,5,8640,0.9877314814814815,1.6517642949549427,1.1794539169407425,2.219016975480992,5.818127053581311,7.045313193860702,3.252332613848796,-16.444186496421544,19.99777802466296,0.6376845558940708,2.00205353052485,2.381256991532271,True,K线收盘代理；达到描述性样本门槛,0.009725802671666277,0.0,0.0,0.0
CRCL,bitget|futures|CRCLUSDT::okx|futures|CRCL-USDT-SWAP,perp_perp,comparable,30,regular,1560,20,5,1560,1.0,1.498236570216946,1.175297439968137,2.1621621874334807,5.412544935084807,6.64801616400723,2.966332357069427,-10.037137408410723,13.04489618436877,0.6326923076923077,1.8115558876249938,2.5717806083641603,True,K线收盘代理；达到描述性样本门槛,0.0057692307692307696,0.0,0.0,0.0
CRCL,bitget|futures|CRCLUSDT::okx|futures|CRCL-USDT-SWAP,perp_perp,comparable,30,non_regular,6974,30,5,7080,0.9850282485875707,1.6861066021805342,1.1821736432104935,2.2365110497646334,5.899705014749124,7.2958917263621705,3.311956146774957,-16.444186496421544,19.99777802466296,0.638801261829653,1.9877340655422016,2.4469205862232,True,K线收盘代理；达到描述性样本门槛,0.01061084026383711,0.0,0.0,0.0
CRCL,bitget|futures|CRCLUSDT::okx|futures|CRCL-USDT-SWAP,perp_perp,comparable,30,pre_market,1320,20,5,1320,1.0,1.4986652253631079,1.1426613513165762,2.2601425044244117,5.9610757180623715,7.504569947828332,3.3905609158883494,-11.715317777994949,16.32386549135001,0.6287878787878788,2.0167794662523386,3.147612419257817,True,K线收盘代理；达到描述性样本门槛,0.011363636363636364,0.0,0.0,0.0
CRCL,bitget|futures|CRCLUSDT::okx|futures|CRCL-USDT-SWAP,perp_perp,comparable,30,after_market,956,20,5,960,0.9958333333333333,1.1843678006431777,1.0811979673475136,2.1210032404933576,5.4457369017085755,6.46762251669819,3.0373176149114927,-10.796804145973837,15.723270440251014,0.555439330543933,1.1223721345980653,2.3034133098659426,True,K线收盘代理；达到描述性样本门槛,0.005230125523012552,0.0,0.0,0.0
CRCL,bitget|futures|CRCLUSDT::okx|futures|CRCL-USDT-SWAP,perp_perp,comparable,30,overnight,1915,20,5,1920,0.9973958333333334,1.750060250980219,1.9996000799848979,2.298322224776328,6.443298969072142,7.5467634383533655,3.480507002520023,-13.73311970702562,16.65799062988027,0.637597911227154,2.0978030814600146,3.238625638086745,True,K线收盘代理；达到描述性样本门槛,0.011488250652741514,0.0,0.0,0.0
CRCL,bitget|futures|CRCLUSDT::okx|futures|CRCL-USDT-SWAP,perp_perp,comparable,30,weekend,2503,9,5,2592,0.9656635802469136,2.1425651334751548,2.1841214371520756,2.2660321776557524,5.779790858598145,6.897439523913198,3.1739212111491075,-16.444186496421544,19.99777802466296,0.7047542948461846,1.965022597759658,3.243593902043651,True,K线收盘代理；达到描述性样本门槛,0.012385137834598482,0.0,0.0,0.0
CRCL,bitget|futures|CRCLUSDT::okx|futures|CRCL-USDT-SWAP,perp_perp,comparable,30,holiday,280,1,1,288,0.9722222222222222,-0.2349720750091655,0.0,1.9297620427816131,4.862500053177454,5.8223757556066245,2.8294551640032304,-7.7730275942478055,12.728874963283676,0.3892857142857143,1.9297620427816131,1.9297620427816131,False,样本不足 / 仅事件观察,0.0035714285714285713,0.0,0.0,0.0
CRCL,bybit|futures|CRCLUSDT::gateio|futures|CRCL_USDT,perp_perp,comparable,7,all,2016,7,2,2016,1.0,-0.8663617789389522,-1.0710651773881974,2.2600146973095203,6.477732812398829,7.637962046273539,3.8055714867231476,-13.786764705883137,11.074197120710672,0.35962301587301587,2.1899725460014507,3.2398379115036735,True,K线收盘代理；达到描述性样本门槛,0.013392857142857142,0.0,0.0,0.0
CRCL,bybit|futures|CRCLUSDT::gateio|futures|CRCL_USDT,perp_perp,comparable,7,regular,390,5,1,390,1.0,-1.8879789169404575,-2.0934832355123945,3.1725911032887133,7.528420419986914,8.620969242214226,3.9596355290985077,-11.889321227842586,9.408321137360787,0.2948717948717949,2.092743576427303,4.233707083751703,True,K线收盘代理；达到描述性样本门槛,0.017948717948717947,0.0,0.0,0.0
CRCL,bybit|futures|CRCLUSDT::gateio|futures|CRCL_USDT,perp_perp,comparable,7,non_regular,1626,7,2,1626,1.0,-0.6213244580160818,-1.0400480816985525,2.255554331158094,6.2009094667214715,7.4215439313024545,3.7262651412617194,-13.786764705883137,11.074197120710672,0.3751537515375154,2.1837717811939994,2.719498924538266,True,K线收盘代理；达到描述性样本门槛,0.012300123001230012,0.0,0.0,0.0
CRCL,bybit|futures|CRCLUSDT::gateio|futures|CRCL_USDT,perp_perp,comparable,7,pre_market,330,5,1,330,1.0,-0.0036218469137284893,0.0,2.1757310450393197,5.507943320164133,6.551604891697039,3.675249356342117,-10.46134532901033,9.592837348113559,0.45454545454545453,2.149959843533722,2.620773827550771,True,K线收盘代理；达到描述性样本门槛,0.0030303030303030303,0.0,0.0,0.0
CRCL,bybit|futures|CRCLUSDT::gateio|futures|CRCL_USDT,perp_perp,comparable,7,after_market,240,5,1,240,1.0,-1.679178752318993,-1.0901559052478582,3.1685678426979225,6.965670373514141,9.196514774068243,4.05089303248891,-13.786764705883137,7.567567567567934,0.2791666666666667,2.125850364154136,2.1598273145756464,True,K线收盘代理；达到描述性样本门槛,0.04583333333333333,0.0,0.0,0.0
CRCL,bybit|futures|CRCLUSDT::gateio|futures|CRCL_USDT,perp_perp,comparable,7,overnight,480,5,1,480,1.0,-0.0565256050690822,0.0,2.2801117328830056,6.456125417090508,7.602250334252769,3.854625308825989,-10.93254619000672,10.862480990656564,0.4354166666666667,2.170727896296243,3.2610472680461022,True,K线收盘代理；达到描述性样本门槛,0.0125,0.0,0.0,0.0
CRCL,bybit|futures|CRCLUSDT::gateio|futures|CRCL_USDT,perp_perp,comparable,7,weekend,576,2,2,576,1.0,-1.005109667123092,-1.1223976141444547,2.2547914317921913,5.5744471692187325,6.675410463204967,3.337743449750517,-12.008733624454537,11.074197120710672,0.3194444444444444,2.2414564197989484,2.2503464277948138,True,K线收盘代理；达到描述性样本门槛,0.003472222222222222,0.0,0.0,0.0
CRCL,bybit|futures|CRCLUSDT::gateio|futures|CRCL_USDT,perp_perp,comparable,7,holiday,0,0,0,0,0,,,,,,,,,,,,False,样本不足 / 仅事件观察,,,,
CRCL,bybit|futures|CRCLUSDT::gateio|futures|CRCL_USDT,perp_perp,comparable,30,all,6715,24,4,8640,0.7771990740740741,-3.0409201475655596,-2.1333333333328763,3.341873677176199,10.846822195663465,18.561576924246086,7.674000384798071,-110.31924240945123,47.474747474747225,0.2988830975428146,2.2503464277948138,4.46439735734161,True,K线收盘代理；达到描述性样本门槛,0.11273268801191362,0.012211466865227104,0.0007446016381236039,0.0001489203276247208
CRCL,bybit|futures|CRCLUSDT::gateio|futures|CRCL_USDT,perp_perp,comparable,30,regular,1230,16,4,1560,0.7884615384615384,-3.145925186123359,-3.044815932795042,4.2174076418505235,11.030226633747201,15.717193731197394,7.588761559832556,-92.1524881171798,47.474747474747225,0.27479674796747966,3.3616375059851435,5.635422679386854,True,K线收盘代理；达到描述性样本门槛,0.12113821138211382,0.011382113821138212,0.0008130081300813008,0.0
CRCL,bybit|futures|CRCLUSDT::gateio|futures|CRCL_USDT,perp_perp,comparable,30,non_regular,5485,24,4,7080,0.7747175141242938,-3.01737298303938,-1.9493177387908123,3.2941693203014655,10.801044980527587,19.538118989236075,7.692788632143525,-110.31924240945123,40.14272970561894,0.30428441203281675,2.2294526913758936,4.294496942133241,True,K线收盘代理；达到描述性样本门槛,0.11084776663628076,0.012397447584320875,0.0007292616226071103,0.00018231540565177758
CRCL,bybit|futures|CRCLUSDT::gateio|futures|CRCL_USDT,perp_perp,comparable,30,pre_market,1001,16,4,1320,0.7583333333333333,-2.5705848852343824,-1.16754232341032,3.2626427406201586,9.837140671111744,16.833127595108355,7.880084009653859,-44.1609421000988,40.14272970561894,0.32367632367632365,2.187303476705038,3.7788269910998817,True,K线收盘代理；达到描述性样本门槛,0.0959040959040959,0.023976023976023976,0.0,0.0
CRCL,bybit|futures|CRCLUSDT::gateio|futures|CRCL_USDT,perp_perp,comparable,30,after_market,752,16,4,960,0.7833333333333333,-3.5539144816684254,-2.357656620500248,4.208535420817672,11.659359054753565,18.101140515066273,6.6400381567955895,-27.526543452615073,13.64788457788979,0.24867021276595744,2.1589542694788744,6.163087994345284,True,K线收盘代理；达到描述性样本门槛,0.125,0.0,0.0,0.0
CRCL,bybit|futures|CRCLUSDT::gateio|futures|CRCL_USDT,perp_perp,comparable,30,overnight,1438,16,4,1920,0.7489583333333333,-2.3777598319091173,-1.101382264765416,3.233455486095771,8.286894527823163,13.465069636871519,7.479088269448486,-110.31924240945123,28.61653838563072,0.3226703755215577,2.2662955645683103,3.978038892629571,True,K线收盘代理；达到描述性样本门槛,0.07579972183588317,0.0076495132127955496,0.0027816411682892906,0.0006954102920723226
CRCL,bybit|futures|CRCLUSDT::gateio|futures|CRCL_USDT,perp_perp,comparable,30,weekend,2007,7,4,2592,0.7743055555555556,-4.251723323408111,-2.1987686895330594,3.296341061421737,14.666201420842741,24.473115981557648,8.035051865124416,-41.132112427774146,16.21363853123503,0.25112107623318386,2.206467414868629,4.550584174751182,True,K线收盘代理；达到描述性样本门槛,0.1474838066766318,0.016442451420029897,0.0,0.0
CRCL,bybit|futures|CRCLUSDT::gateio|futures|CRCL_USDT,perp_perp,comparable,30,holiday,287,1,1,288,0.9965277777777778,2.257267235988371,2.9228371005451947,3.919263178522314,8.731930249693542,9.81672897034258,5.016605391942336,-10.79913606911398,15.349194167306734,0.662020905923345,3.919263178522314,3.919263178522314,False,样本不足 / 仅事件观察,0.04529616724738676,0.0,0.0,0.0
CRCL,bybit|futures|CRCLUSDT::okx|futures|CRCL-USDT-SWAP,perp_perp,comparable,7,all,2016,7,2,2016,1.0,1.0062382589486256,1.0830129705863278,2.1327678035965025,4.503744436398782,5.525324349787142,2.688042319355131,-9.840367373714631,10.40691018836526,0.5709325396825397,2.105267133173938,2.187340591747189,True,K线收盘代理；达到描述性样本门槛,0.000992063492063492,0.0,0.0,0.0
CRCL,bybit|futures|CRCLUSDT::okx|futures|CRCL-USDT-SWAP,perp_perp,comparable,7,regular,390,5,1,390,1.0,1.0234121558928868,1.0671789155836109,2.128339699232207,4.512438469532087,6.366419278281077,2.872496202237809,-9.52582557155024,9.233610341643494,0.5487179487179488,1.5815237608696187,2.1499597441554386,True,K线收盘代理；达到描述性样本门槛,0.0,0.0,0.0,0.0
CRCL,bybit|futures|CRCLUSDT::okx|futures|CRCL-USDT-SWAP,perp_perp,comparable,7,non_regular,1626,7,2,1626,1.0,1.0021190585745408,1.0867793326652109,2.1362960533011233,4.4951397580050845,5.487121080704482,2.6418698091269324,-9.840367373714631,10.40691018836526,0.576260762607626,1.6289364940191842,2.1891953517855223,True,K线收盘代理；达到描述性样本门槛,0.0012300123001230013,0.0,0.0,0.0
CRCL,bybit|futures|CRCLUSDT::okx|futures|CRCL-USDT-SWAP,perp_perp,comparable,7,pre_market,330,5,1,330,1.0,0.5769634050492696,1.045431681588882,2.1151710703742888,4.2973790458473715,5.359932244805188,2.6006990195273625,-6.489292667097857,10.40691018836526,0.5333333333333333,2.0650490669310573,2.156683027783046,True,K线收盘代理；达到描述性样本门槛,0.0030303030303030303,0.0,0.0,0.0
CRCL,bybit|futures|CRCLUSDT::okx|futures|CRCL-USDT-SWAP,perp_perp,comparable,7,after_market,240,5,1,240,1.0,0.7774354700396899,1.0623606131354713,1.1530701448231317,4.596961605333294,5.35861813054339,2.571252095627468,-5.767677932864146,8.476372112735664,0.5291666666666667,1.1473153426488913,2.116850127009684,True,K线收盘代理；达到描述性样本门槛,0.0,0.0,0.0,0.0
CRCL,bybit|futures|CRCLUSDT::okx|futures|CRCL-USDT-SWAP,perp_perp,comparable,7,overnight,480,5,1,480,1.0,0.6781776785332247,1.0579215430395195,2.102054903654893,4.31783590517576,5.284464523104825,2.552180816670221,-9.840367373714631,8.607703894984997,0.5270833333333333,1.6158875861860267,2.1335786136950086,True,K线收盘代理；达到描述性样本门槛,0.0,0.0,0.0,0.0
CRCL,bybit|futures|CRCLUSDT::okx|futures|CRCL-USDT-SWAP,perp_perp,comparable,7,weekend,576,2,2,576,1.0,1.6092671303306787,1.1418132589058327,2.2306491188939237,4.5677753049933045,5.635231802761376,2.6578305299948326,-7.53174090811215,10.003334444814715,0.6614583333333334,2.228951212635555,2.240185845833742,True,K线收盘代理；达到描述性样本门槛,0.001736111111111111,0.0,0.0,0.0
CRCL,bybit|futures|CRCLUSDT::okx|futures|CRCL-USDT-SWAP,perp_perp,comparable,7,holiday,0,0,0,0,0,,,,,,,,,,,,False,样本不足 / 仅事件观察,,,,
CRCL,bybit|futures|CRCLUSDT::okx|futures|CRCL-USDT-SWAP,perp_perp,comparable,30,all,8621,30,5,8640,0.997800925925926,1.3101934517098515,1.1046062078867713,2.1484584810393947,5.397819281012239,6.589785831960793,2.9309918108581536,-13.295346628680038,13.98300527051699,0.5980744693191045,1.362435861399225,2.2668977485298947,True,K线收盘代理；达到描述性样本门槛,0.004639832966013223,0.0,0.0,0.0
CRCL,bybit|futures|CRCLUSDT::okx|futures|CRCL-USDT-SWAP,perp_perp,comparable,30,regular,1560,20,5,1560,1.0,1.3784764239446268,1.1218937601920054,2.155288595570015,5.508793574936056,6.899652430525031,3.078726674627098,-9.52582557155024,12.938132204187713,0.5987179487179487,1.1414928428227222,2.9730286212231727,True,K线收盘代理；达到描述性样本门槛,0.004487179487179487,0.0,0.0,0.0
CRCL,bybit|futures|CRCLUSDT::okx|futures|CRCL-USDT-SWAP,perp_perp,comparable,30,non_regular,7061,30,5,7080,0.9973163841807909,1.2951075663272924,1.1008366358411514,2.1459227467812703,5.306165764618065,6.5245759025667205,2.897119612778835,-13.295346628680038,13.98300527051699,0.5979323042062031,1.1370878208859236,2.279877840756922,True,K线收盘代理；达到描述性样本门槛,0.004673558985979323,0.0,0.0,0.0
CRCL,bybit|futures|CRCLUSDT::okx|futures|CRCL-USDT-SWAP,perp_perp,comparable,30,pre_market,1320,20,5,1320,1.0,0.8270748499401906,1.0712378814137224,2.080840710306231,4.488934796133881,5.490402826282548,2.718309578513329,-8.207292765858298,13.98300527051699,0.5333333333333333,1.126468693779803,2.219870651142819,True,K线收盘代理；达到描述性样本门槛,0.0022727272727272726,0.0,0.0,0.0
CRCL,bybit|futures|CRCLUSDT::okx|futures|CRCL-USDT-SWAP,perp_perp,comparable,30,after_market,960,20,5,960,1.0,1.5603467588620248,1.1237849111167542,2.124495648084257,5.512849839583225,6.907163922730936,2.8663616010701247,-7.5806800953004405,12.686330478908214,0.615625,1.1228135071020273,2.4520316931586628,True,K线收盘代理；达到描述性样本门槛,0.0020833333333333333,0.0,0.0,0.0
CRCL,bybit|futures|CRCLUSDT::okx|futures|CRCL-USDT-SWAP,perp_perp,comparable,30,overnight,1920,20,5,1920,1.0,1.351270854769545,1.0903341906698394,2.1544760237379723,5.812941196789769,7.3277329471956865,3.1536214277109544,-11.831773690437197,12.886597938144284,0.5848958333333333,1.495293120440111,2.6745525587998364,True,K线收盘代理；达到描述性样本门槛,0.00625,0.0,0.0,0.0
CRCL,bybit|futures|CRCLUSDT::okx|futures|CRCL-USDT-SWAP,perp_perp,comparable,30,weekend,2574,9,5,2592,0.9930555555555556,1.4494891625765454,1.1343012704179145,2.182929491377772,4.930820597231156,6.576186372476365,2.827164126803901,-13.295346628680038,13.554071062058526,0.6398601398601399,1.965215682422361,2.2716946842349373,True,K线收盘代理；达到描述性样本门槛,0.006216006216006216,0.0,0.0,0.0
CRCL,bybit|futures|CRCLUSDT::okx|futures|CRCL-USDT-SWAP,perp_perp,comparable,30,holiday,287,1,1,288,0.9965277777777778,0.8002010096824484,0.9703085581214133,1.9153418885275997,3.897647778452251,4.8916521644502,2.256181109242745,-7.828554653096509,8.808847998433844,0.5470383275261324,1.9153418885275997,1.9153418885275997,False,样本不足 / 仅事件观察,0.0,0.0,0.0,0.0
CRCL,gateio|futures|CRCL_USDT::okx|futures|CRCL-USDT-SWAP,perp_perp,comparable,7,all,2016,7,2,2016,1.0,1.8738626368105218,2.123367685044064,3.173595719424549,6.849706234310915,8.499822416848657,3.8402684532783837,-10.759629868731801,17.317891546704267,0.6294642857142857,2.244005624561507,3.2539411712856348,True,K线收盘代理；达到描述性样本门槛,0.020337301587301588,0.0,0.0,0.0
CRCL,gateio|futures|CRCL_USDT::okx|futures|CRCL-USDT-SWAP,perp_perp,comparable,7,regular,390,5,1,390,1.0,2.913145338414853,3.2254596279979175,3.3816155534416303,7.904781590187815,9.535314135671657,4.081346396406415,-9.399477806788514,17.317891546704267,0.7,3.250623074246839,5.279275690732721,True,K线收盘代理；达到描述性样本门槛,0.028205128205128206,0.0,0.0,0.0
CRCL,gateio|futures|CRCL_USDT::okx|futures|CRCL-USDT-SWAP,perp_perp,comparable,7,non_regular,1626,7,2,1626,1.0,1.6245881880862356,1.1309018978755692,2.2828444538947057,6.643049875779683,7.997943875263647,3.7374329306360554,-10.759629868731801,13.117621337996876,0.6125461254612546,2.1761627506544645,3.180638634518451,True,K线收盘代理；达到描述性样本门槛,0.01845018450184502,0.0,0.0,0.0
CRCL,gateio|futures|CRCL_USDT::okx|futures|CRCL-USDT-SWAP,perp_perp,comparable,7,pre_market,330,5,1,330,1.0,0.58158530514058,0.0,2.2101894030224223,6.205785322093371,6.636985099123915,3.6403449935021888,-8.489865223388904,11.946133796698621,0.49696969696969695,2.151232202297626,3.2367697132540396,True,K线收盘代理；达到描述性样本门槛,0.0030303030303030303,0.0,0.0,0.0
CRCL,gateio|futures|CRCL_USDT::okx|futures|CRCL-USDT-SWAP,perp_perp,comparable,7,after_market,240,5,1,240,1.0,2.4582268789002937,2.1244958158905813,2.1928646125790596,8.008878876417436,9.260735627866648,3.7679268612394448,-8.488063660476719,12.66114180478839,0.7041666666666667,2.1151712123224087,3.239216119143018,True,K线收盘代理；达到描述性样本门槛,0.05,0.0,0.0,0.0
CRCL,gateio|futures|CRCL_USDT::okx|futures|CRCL-USDT-SWAP,perp_perp,comparable,7,overnight,480,5,1,480,1.0,0.7357598248571319,1.0777604921019535,2.1859132672519266,6.316928523847133,7.413492106041973,3.5640516349529654,-9.419152276295417,10.305736860185544,0.5229166666666667,2.16896238119324,3.168065904603501,True,K线收盘代理；达到描述性样本门槛,0.0020833333333333333,0.0,0.0,0.0
CRCL,gateio|futures|CRCL_USDT::okx|futures|CRCL-USDT-SWAP,perp_perp,comparable,7,weekend,576,2,2,576,1.0,2.615482771292246,2.256954304922232,3.2717160247774935,7.639836857992188,8.748190441077996,3.5756590283642136,-10.759629868731801,13.117621337996876,0.7152777777777778,2.5373742988571424,3.0638244745112564,True,K线收盘代理；达到描述性样本门槛,0.027777777777777776,0.0,0.0,0.0
CRCL,gateio|futures|CRCL_USDT::okx|futures|CRCL-USDT-SWAP,perp_perp,comparable,7,holiday,0,0,0,0,0,,,,,,,,,,,,False,样本不足 / 仅事件观察,,,,
CRCL,gateio|futures|CRCL_USDT::okx|futures|CRCL-USDT-SWAP,perp_perp,comparable,30,all,6713,24,4,8640,0.7769675925925926,4.11592041395588,3.1722533573019795,3.4383954154737495,11.053632569202334,19.544228768475502,7.572440762141981,-46.249748642669395,111.5498519249769,0.7047519737822137,2.213463285418993,4.6927489404674505,True,K线收盘代理；达到描述性样本门槛,0.1175331446447192,0.014002681364516609,0.0008937881722031879,0.00014896469536719798
CRCL,gateio|futures|CRCL_USDT::okx|futures|CRCL-USDT-SWAP,perp_perp,comparable,30,regular,1230,16,4,1560,0.7884615384615384,4.369181506436222,4.084551253672464,4.35468946911155,11.579435268928467,16.57261169348767,7.254159226282145,-46.249748642669395,97.9527867567831,0.7731707317073171,3.3603655270661448,5.317045886288618,True,K线收盘代理；达到描述性样本门槛,0.12520325203252033,0.00894308943089431,0.0008130081300813008,0.0
CRCL,gateio|futures|CRCL_USDT::okx|futures|CRCL-USDT-SWAP,perp_perp,comparable,30,non_regular,5483,24,4,7080,0.7744350282485876,4.059106417284201,2.4012486492974716,3.3429908624915683,10.97384693012816,20.558002936856834,7.64086788075779,-35.555555555555344,111.5498519249769,0.6894036111617727,2.20901333410628,4.681021727573064,True,K线收盘代理；达到描述性样本门槛,0.11581251139886924,0.01513769834032464,0.0009119095385737735,0.0001823819077147547
CRCL,gateio|futures|CRCL_USDT::okx|futures|CRCL-USDT-SWAP,perp_perp,comparable,30,pre_market,1001,16,4,1320,0.7583333333333333,3.0519846505501906,2.156566745741273,3.2244196044706186,8.834789437517365,16.776512881966354,7.461531686739269,-35.555555555555344,43.20927035254884,0.6403596403596403,2.171874221164188,3.293397691092048,True,K线收盘代理；达到描述性样本门槛,0.08791208791208792,0.02097902097902098,0.0,0.0
CRCL,gateio|futures|CRCL_USDT::okx|futures|CRCL-USDT-SWAP,perp_perp,comparable,30,after_market,752,16,4,960,0.7833333333333333,4.845421085003996,3.813936595253864,4.3180223583461075,11.504699683518194,19.670715290814098,6.461355267095371,-15.5732918045548,29.507229271170665,0.7659574468085106,2.163581141687576,6.52690718374288,True,K线收盘代理；达到描述性样本门槛,0.13297872340425532,0.0,0.0,0.0
CRCL,gateio|futures|CRCL_USDT::okx|futures|CRCL-USDT-SWAP,perp_perp,comparable,30,overnight,1438,16,4,1920,0.7489583333333333,3.4171088206128997,2.2072706022280286,3.2564450570826686,8.259489780906959,14.862906770857599,7.57233151886352,-24.608721330839913,111.5498519249769,0.6849791376912379,2.1902603622032943,4.560217547960876,True,K线收盘代理；达到描述性样本门槛,0.07232267037552156,0.009735744089012517,0.0034770514603616135,0.0006954102920723226
CRCL,gateio|futures|CRCL_USDT::okx|futures|CRCL-USDT-SWAP,perp_perp,comparable,30,weekend,2006,7,4,2592,0.7739197530864198,5.5085823934039375,3.324652306988529,3.390980036542812,14.751438300897313,26.470588998426802,8.029088892795544,-10.759629868731801,43.277269597716824,0.7452642073778664,2.2432081192136355,6.009788042132813,True,K线收盘代理；达到描述性样本门槛,0.16450648055832504,0.023928215353938187,0.0,0.0
CRCL,gateio|futures|CRCL_USDT::okx|futures|CRCL-USDT-SWAP,perp_perp,comparable,30,holiday,286,1,1,288,0.9930555555555556,-1.4221383579165092,-1.9523642189200885,3.8808577060767124,7.818609482616035,9.376163324063548,4.705712702380826,-11.737089201876438,11.653879770807674,0.2902097902097902,3.8808577060767124,3.8808577060767124,False,样本不足 / 仅事件观察,0.045454545454545456,0.0,0.0,0.0
CRCL,gateio|futures|CRCL_USDT::gateio|spot|CRCLG_USDT,spot_perp,reference,7,all,1603,7,2,2016,0.7951388888888888,9.707031556732725,9.467704607617478,9.693053311794486,20.617663642650275,24.661549647639447,9.093748842965514,-39.12445807338405,58.8739028045393,0.8783530879600748,8.324298503434303,11.498394757299968,True,K线收盘代理；达到描述性样本门槛,0.4728633811603244,0.021834061135371178,0.0012476606363069245,0.0
CRCL,gateio|futures|CRCL_USDT::gateio|spot|CRCLG_USDT,spot_perp,reference,7,regular,381,5,1,390,0.9769230769230769,11.29340641913593,11.256190904997965,11.581385554852996,23.936459580022884,27.460920997042226,10.469033361911944,-23.46416382252525,58.8739028045393,0.8818897637795275,10.749230741926574,14.753169883229278,True,K线收盘代理；达到描述性样本门槛,0.5748031496062992,0.031496062992125984,0.0026246719160104987,0.0
CRCL,gateio|futures|CRCL_USDT::gateio|spot|CRCLG_USDT,spot_perp,reference,7,non_regular,1222,7,2,1626,0.7515375153751538,9.2124253189458,8.726955487290411,9.399490212227413,19.727108867594545,23.800459515530783,8.560294623381873,-39.12445807338405,58.14591332967689,0.8772504091653028,7.007830489269562,11.291192545263007,True,K线收盘代理；达到描述性样本门槛,0.4410801963993453,0.018821603927986905,0.0008183306055646482,0.0
CRCL,gateio|futures|CRCL_USDT::gateio|spot|CRCLG_USDT,spot_perp,reference,7,pre_market,327,5,1,330,0.990909090909091,8.926880582153753,8.633714655730262,8.863283846665126,19.558843861920316,23.84763643619303,9.475751311542899,-39.12445807338405,47.50593824228044,0.8318042813455657,7.5002720859129735,13.542398781954956,True,K线收盘代理；达到描述性样本门槛,0.4434250764525994,0.027522935779816515,0.0,0.0
CRCL,gateio|futures|CRCL_USDT::gateio|spot|CRCLG_USDT,spot_perp,reference,7,after_market,236,5,1,240,0.9833333333333333,9.469078614285971,9.706650884402368,9.727629300173568,17.397403515424514,20.853364356508976,6.971187364764717,-16.943767870380988,34.813798923936105,0.9194915254237288,8.490766291657792,10.760238679425882,True,K线收盘代理；达到描述性样本门槛,0.4788135593220339,0.00847457627118644,0.0,0.0
CRCL,gateio|futures|CRCL_USDT::gateio|spot|CRCLG_USDT,spot_perp,reference,7,overnight,439,5,1,480,0.9145833333333333,8.213917881525942,7.61697497279501,8.465608465608732,17.37053522961718,20.7561035896746,7.442757886804251,-15.109000647528514,38.0724464266291,0.8883826879271071,5.7103807574399035,9.830693610048957,True,K线收盘代理；达到描述性样本门槛,0.357630979498861,0.009111617312072893,0.0,0.0
CRCL,gateio|futures|CRCL_USDT::gateio|spot|CRCLG_USDT,spot_perp,reference,7,weekend,220,2,2,576,0.3819444444444444,11.354005847391415,11.554857447183542,11.817185036618882,24.065546028952944,29.126105132452945,10.204515646193146,-18.382352941176407,58.14591332967689,0.8772727272727273,8.14449116013083,13.151882735369934,False,样本不足 / 仅事件观察,0.5636363636363636,0.03636363636363636,0.004545454545454545,0.0
CRCL,gateio|futures|CRCL_USDT::gateio|spot|CRCLG_USDT,spot_perp,reference,7,holiday,0,0,0,0,0,,,,,,,,,,,,False,样本不足 / 仅事件观察,,,,
CRCL,gateio|futures|CRCL_USDT::gateio|spot|CRCLG_USDT,spot_perp,reference,30,all,4996,24,4,8640,0.5782407407407407,11.262068364995464,10.5621407392964,10.848340331619521,25.459023240662624,31.351644523899825,11.543781775414491,-48.80964239466046,94.98629063846353,0.8740992794235388,8.65909444928481,12.824913796267712,False,样本不足 / 仅事件观察,0.5412329863891113,0.05904723779023219,0.005804643714971977,0.0
CRCL,gateio|futures|CRCL_USDT::gateio|spot|CRCLG_USDT,spot_perp,reference,30,regular,1193,16,4,1560,0.7647435897435897,12.49986780955024,11.987532965715975,12.97718178868923,29.204278586606236,36.54304995633728,13.88502290536775,-48.80964239466046,94.98629063846353,0.856663872590109,11.121855593714258,15.14272791404231,True,K线收盘代理；达到描述性样本门槛,0.6328583403185247,0.09220452640402348,0.008382229673093043,0.0
CRCL,gateio|futures|CRCL_USDT::gateio|spot|CRCLG_USDT,spot_perp,reference,30,non_regular,3803,24,4,7080,0.5371468926553672,10.873771037266343,9.84467293808855,10.40907671489677,23.96745871767392,29.57675974082451,10.67480153667501,-39.12445807338405,84.637338844602,0.8795687615040757,8.542344849446215,12.577180985260949,False,样本不足 / 仅事件观察,0.5124901393636603,0.04864580594267683,0.004996055745464107,0.0
CRCL,gateio|futures|CRCL_USDT::gateio|spot|CRCLG_USDT,spot_perp,reference,30,pre_market,969,16,4,1320,0.7340909090909091,10.355244602159663,9.587727708531002,9.944751381216754,24.997443478119056,31.34469650894632,11.435532032580173,-39.12445807338405,66.97634222750493,0.8452012383900929,7.506913163567441,13.656314538172676,True,K线收盘代理；达到描述性样本门槛,0.49742002063983487,0.05675954592363261,0.0041279669762641896,0.0
CRCL,gateio|futures|CRCL_USDT::gateio|spot|CRCLG_USDT,spot_perp,reference,30,after_market,716,16,4,960,0.7458333333333333,11.03992220341156,10.617527222619438,10.638110460634564,22.305544185906577,27.20649643216222,8.980346488004619,-28.024287716019725,51.44263028405316,0.9259776536312849,8.763268769747812,11.732416088051089,True,K线收盘代理；达到描述性样本门槛,0.5335195530726257,0.036312849162011177,0.0013966480446927375,0.0
CRCL,gateio|futures|CRCL_USDT::gateio|spot|CRCLG_USDT,spot_perp,reference,30,overnight,1241,16,4,1920,0.6463541666666667,9.632685532812182,9.388691842271424,9.702457956015653,20.656136087484622,24.789825393404243,9.713501832203804,-24.789825393404243,84.637338844602,0.8807413376309428,8.354190681847118,11.53597359209585,False,样本不足 / 仅事件观察,0.46333601933924257,0.028203062046736505,0.004834810636583401,0.0
CRCL,gateio|futures|CRCL_USDT::gateio|spot|CRCLG_USDT,spot_perp,reference,30,weekend,649,7,4,2592,0.2503858024691358,14.537136571077221,13.426680732713248,13.544018058690988,29.26506350944847,36.47909100715508,12.111896038531867,-26.905829596413078,61.80589087397381,0.9075500770416025,9.261771295911991,17.204526305669155,False,样本不足 / 仅事件观察,0.6425269645608629,0.08936825885978428,0.012326656394453005,0.0
CRCL,gateio|futures|CRCL_USDT::gateio|spot|CRCLG_USDT,spot_perp,reference,30,holiday,228,1,1,288,0.7916666666666666,8.883204196225774,7.823195850286124,8.674988926904437,22.63692636567183,28.53063046034585,10.428054915053552,-19.391118867558845,38.156736131493844,0.793859649122807,8.674988926904437,8.674988926904437,False,样本不足 / 仅事件观察,0.40789473684210525,0.04824561403508772,0.0,0.0
CRCL,gateio|futures|CRCL_USDT::gateio|spot|CRCLX_USDT,spot_perp,reference,7,all,1903,7,2,2016,0.9439484126984127,6.891100722524843,6.868131868131844,7.593014426727773,16.37089937052183,19.14384910153743,7.613295437000352,-22.634676324129188,37.846020761245214,0.7982133473462953,4.9248270047713705,10.971852216822287,True,K线收盘代理；达到描述性样本门槛,0.3599579611140305,0.0021019442984760903,0.0,0.0
CRCL,gateio|futures|CRCL_USDT::gateio|spot|CRCLX_USDT,spot_perp,reference,7,regular,390,5,1,390,1.0,9.076430788910367,9.594797237689745,9.746060995597938,19.0445965757422,21.414816121240182,7.886358205812103,-22.634676324129188,37.846020761245214,0.8923076923076924,6.3741737503508755,10.749220805703619,True,K线收盘代理；达到描述性样本门槛,0.48717948717948717,0.005128205128205128,0.0,0.0
CRCL,gateio|futures|CRCL_USDT::gateio|spot|CRCLX_USDT,spot_perp,reference,7,non_regular,1513,7,2,1626,0.9305043050430505,6.32779687196942,6.512536633018762,7.307652155756905,15.699253247923204,17.97424516313794,7.437942456712498,-18.115942028985586,35.31300160513729,0.7739590218109715,4.638029971217317,10.352815395581194,True,K线收盘代理；达到描述性样本门槛,0.3271645736946464,0.0013218770654329147,0.0,0.0
CRCL,gateio|futures|CRCL_USDT::gateio|spot|CRCLX_USDT,spot_perp,reference,7,pre_market,321,5,1,330,0.9727272727272728,7.358294738973371,6.473888649114468,7.228418009086468,16.530747189773543,20.77922077922123,7.534251359081959,-18.115942028985586,35.31300160513729,0.8255451713395638,4.227436060029177,12.785238475190308,True,K线收盘代理；达到描述性样本门槛,0.37383177570093457,0.003115264797507788,0.0,0.0
CRCL,gateio|futures|CRCL_USDT::gateio|spot|CRCLX_USDT,spot_perp,reference,7,after_market,230,5,1,240,0.9583333333333334,7.545692262216208,7.447204828200382,7.448393275164555,15.19915233411639,17.2883268571028,5.63087362667091,-8.41573742899171,24.870242214531935,0.8956521739130435,5.410669840926197,9.69827586206895,True,K线收盘代理；达到描述性样本门槛,0.28695652173913044,0.0,0.0,0.0
CRCL,gateio|futures|CRCL_USDT::gateio|spot|CRCLX_USDT,spot_perp,reference,7,overnight,458,5,1,480,0.9541666666666667,5.885374326129179,6.510418582968969,7.366870866941655,14.049044755479967,15.93899248190977,6.8024691656157295,-13.993541442411939,25.510204081631294,0.7991266375545851,5.403946158019091,8.756567425569628,True,K线收盘代理；达到描述性样本门槛,0.2794759825327511,0.0,0.0,0.0
CRCL,gateio|futures|CRCL_USDT::gateio|spot|CRCLX_USDT,spot_perp,reference,7,weekend,504,2,2,576,0.875,5.51772498889363,5.6338063216854195,6.826725905673681,16.481886782886644,18.97998553171064,8.439075596646566,-15.947146599840645,30.57436121423951,0.6626984126984127,5.596928981862481,9.998435614281265,True,K线收盘代理；达到描述性样本门槛,0.35912698412698413,0.001984126984126984,0.0,0.0
CRCL,gateio|futures|CRCL_USDT::gateio|spot|CRCLX_USDT,spot_perp,reference,7,holiday,0,0,0,0,0,,,,,,,,,,,,False,样本不足 / 仅事件观察,,,,
CRCL,gateio|futures|CRCL_USDT::gateio|spot|CRCLX_USDT,spot_perp,reference,30,all,6277,24,4,8640,0.7265046296296296,9.731577085630837,8.319467554076532,8.602150537633246,22.425897035882603,31.484287421599255,10.557565978989032,-34.44827203022416,109.5538886695624,0.8629918750995699,6.277196774629179,10.716051631423639,True,K线收盘代理；达到描述性样本门槛,0.4054484626413892,0.0559184323721523,0.004620041421061016,0.0003186235462800701
CRCL,gateio|futures|CRCL_USDT::gateio|spot|CRCLX_USDT,spot_perp,reference,30,regular,1230,16,4,1560,0.7884615384615384,10.398386825133867,9.773446134964114,9.886850608162856,22.119492992380035,27.561242210454637,9.837723857193046,-24.950099800399308,108.84487154344092,0.8975609756097561,8.150039819040389,10.353273593413926,True,K线收盘代理；达到描述性样本门槛,0.4951219512195122,0.034959349593495934,0.0040650406504065045,0.0008130081300813008
CRCL,gateio|futures|CRCL_USDT::gateio|spot|CRCLX_USDT,spot_perp,reference,30,non_regular,5047,24,4,7080,0.7128531073446328,9.569069461381039,7.745076344325419,8.168981211345017,22.461379489637345,32.54983583778248,10.719394457558035,-34.44827203022416,109.5538886695624,0.8545670695462652,5.837137866429587,10.094440484676447,True,K线收盘代理；达到描述性样本门槛,0.383594214384783,0.06102635228848821,0.0047553001783237564,0.00019813750743015652
CRCL,gateio|futures|CRCL_USDT::gateio|spot|CRCLX_USDT,spot_perp,reference,30,pre_market,987,16,4,1320,0.7477272727272727,8.388698974013685,7.148814488262545,7.574118156241649,18.398300739764117,25.822904254857654,9.959061165178914,-34.44827203022416,58.30009205277875,0.8368794326241135,4.596284101464065,10.538054234850991,True,K线收盘代理；达到描述性样本门槛,0.3454913880445795,0.04356636271529889,0.0070921985815602835,0.0
CRCL,gateio|futures|CRCL_USDT::gateio|spot|CRCLX_USDT,spot_perp,reference,30,after_market,725,16,4,960,0.7552083333333334,9.65554816613,8.391021606879434,8.407777193903954,18.94894108034163,31.15902417558255,8.642964975252015,-9.41176470588223,44.32624113475114,0.9213793103448276,5.88999753040248,9.720027018750576,True,K线收盘代理；达到描述性样本门槛,0.36137931034482756,0.05517241379310345,0.0,0.0
CRCL,gateio|futures|CRCL_USDT::gateio|spot|CRCLX_USDT,spot_perp,reference,30,overnight,1397,16,4,1920,0.7276041666666667,8.468498910902744,7.364544976329324,7.571660356948673,17.359980953069787,26.774436371125123,10.13869027654154,-17.011908335835546,109.5538886695624,0.8532569792412312,6.750999762061838,9.034945609393274,True,K线收盘代理；达到描述性样本门槛,0.34001431639226914,0.0408017179670723,0.00572655690765927,0.0007158196134574087
CRCL,gateio|futures|CRCL_USDT::gateio|spot|CRCLX_USDT,spot_perp,reference,30,weekend,1679,7,4,2592,0.6477623456790124,12.136956281450868,9.787928221860476,9.806057964698578,29.754868003132568,39.33020825969734,12.184951782122381,-15.947146599840645,58.1166272655631,0.8659916617033949,6.5216670509687935,12.760899210000897,False,样本不足 / 仅事件观察,0.4865991661703395,0.10005955926146516,0.005360333531864205,0.0
CRCL,gateio|futures|CRCL_USDT::gateio|spot|CRCLX_USDT,spot_perp,reference,30,holiday,259,1,1,288,0.8993055555555556,3.11479802589656,2.9328380095794415,4.845430758795288,11.633543383420264,13.709285367038854,6.230591970977923,-14.71453796350719,20.38834951456181,0.667953667953668,4.845430758795288,4.845430758795288,False,样本不足 / 仅事件观察,0.1583011583011583,0.0,0.0,0.0
CRCL,gateio|futures|CRCL_USDT::gateio|spot|CRCLON_USDT,spot_perp,reference,7,all,1547,7,2,2016,0.7673611111111112,24.209198957620725,23.962531314671853,24.010976446375842,39.22083206532357,44.227148975755256,12.309294560595662,-59.39524838012966,92.01125784801923,0.9819004524886877,21.245400633419507,28.210133816307103,True,K线收盘代理；达到描述性样本门槛,0.9043309631544926,0.2902391725921138,0.026502908855850032,0.0
CRCL,gateio|futures|CRCL_USDT::gateio|spot|CRCLON_USDT,spot_perp,reference,7,regular,359,5,1,390,0.9205128205128205,23.71374315815444,23.71273712737043,23.779866379798342,41.13324588023736,50.78307005387138,15.082680444142587,-59.39524838012966,92.01125784801923,0.9610027855153204,22.35237989032801,25.024480470026145,True,K线收盘代理；达到描述性样本门槛,0.9080779944289693,0.3008356545961003,0.052924791086350974,0.0
CRCL,gateio|futures|CRCL_USDT::gateio|spot|CRCLON_USDT,spot_perp,reference,7,non_regular,1188,7,2,1626,0.7306273062730627,24.358920028334865,24.175825343597523,24.18819191007948,38.32173079852863,43.34278789368584,11.334254272064753,-38.061927785206784,71.20946538124562,0.9882154882154882,20.713013163842774,28.96094017425188,True,K线收盘代理；达到描述性样本门槛,0.9031986531986532,0.28703703703703703,0.018518518518518517,0.0
CRCL,gateio|futures|CRCL_USDT::gateio|spot|CRCLON_USDT,spot_perp,reference,7,pre_market,294,5,1,330,0.8909090909090909,25.474333528191366,25.36564155269261,25.635668395807,40.70431388407325,44.130543664120495,12.32430660481677,-38.061927785206784,58.403634003894034,0.9795918367346939,20.91705506228503,29.05931525898464,True,K线收盘代理；达到描述性样本门槛,0.9047619047619048,0.35374149659863946,0.023809523809523808,0.0
CRCL,gateio|futures|CRCL_USDT::gateio|spot|CRCLON_USDT,spot_perp,reference,7,after_market,193,5,1,240,0.8041666666666667,25.034249339554428,25.212010084803005,25.212010084803005,35.168303703937646,37.88384059115387,8.63318451569148,0.0,54.968287526429016,0.9948186528497409,21.3310580204773,26.6439305126287,True,K线收盘代理；达到描述性样本门槛,0.9585492227979274,0.29015544041450775,0.0051813471502590676,0.0
CRCL,gateio|futures|CRCL_USDT::gateio|spot|CRCLON_USDT,spot_perp,reference,7,overnight,391,5,1,480,0.8145833333333333,23.69124684548821,24.195245108353802,24.195245108353802,36.12084063047361,41.018531425585095,10.536136589218758,-13.134851138354442,53.62810550508801,0.9820971867007673,19.425246523209204,26.466253117686243,True,K线收盘代理；达到描述性样本门槛,0.8951406649616368,0.23017902813299232,0.01278772378516624,0.0
CRCL,gateio|futures|CRCL_USDT::gateio|spot|CRCLON_USDT,spot_perp,reference,7,weekend,310,2,2,576,0.5381944444444444,23.722759023398915,22.375120618134403,22.375120618134403,41.4390406935361,45.979631671031704,12.625930866599003,1.121579183491761,71.20946538124562,1.0,17.771212119844225,26.026485751710624,False,样本不足 / 仅事件观察,0.8774193548387097,0.29354838709677417,0.02903225806451613,0.0
CRCL,gateio|futures|CRCL_USDT::gateio|spot|CRCLON_USDT,spot_perp,reference,7,holiday,0,0,0,0,0,,,,,,,,,,,,False,样本不足 / 仅事件观察,,,,
CRCL,gateio|futures|CRCL_USDT::gateio|spot|CRCLON_USDT,spot_perp,reference,30,all,4904,24,4,8640,0.5675925925925925,25.16648749001567,24.839874575782737,24.89868070485346,41.649385228370136,48.27586206896495,14.049712354947276,-59.39524838012966,109.66114705559748,0.9685970636215334,21.403240848785753,28.346345995728385,False,样本不足 / 仅事件观察,0.901305057096248,0.32646818923327897,0.04343393148450245,0.0008156606851549756
CRCL,gateio|futures|CRCL_USDT::gateio|spot|CRCLON_USDT,spot_perp,reference,30,regular,1117,16,4,1560,0.716025641025641,24.42081048393842,23.920843753397758,24.29865252926877,45.08472011222153,53.88272162227149,18.13398006713197,-59.39524838012966,109.66114705559748,0.937332139659803,22.12697329033064,29.2793034867167,True,K线收盘代理；达到描述性样本门槛,0.864816472694718,0.3384064458370636,0.07072515666965085,0.0026857654431512983
CRCL,gateio|futures|CRCL_USDT::gateio|spot|CRCLON_USDT,spot_perp,reference,30,non_regular,3787,24,4,7080,0.5348870056497175,25.386429717580572,25.00543596433813,25.03265128428467,40.83554651447496,46.19976191097773,12.58614131881194,-41.07220060527439,102.57421836473046,0.977818853974122,21.192902497337016,28.558875978397236,False,样本不足 / 仅事件观察,0.9120675996831265,0.32294692368629524,0.03538420913651967,0.0002640612622128334
CRCL,gateio|futures|CRCL_USDT::gateio|spot|CRCLON_USDT,spot_perp,reference,30,pre_market,883,16,4,1320,0.668939393939394,25.640759608861785,24.884464984002985,24.9476100189594,42.43304306148989,51.22675745221138,13.779505354616154,-41.07220060527439,81.72605426610025,0.9728199320498301,21.02427956058778,28.829403251562354,False,样本不足 / 仅事件观察,0.8980747451868629,0.3250283125707814,0.052095130237825596,0.0
CRCL,gateio|futures|CRCL_USDT::gateio|spot|CRCLON_USDT,spot_perp,reference,30,after_market,583,16,4,960,0.6072916666666667,23.657030563245947,24.07528999781139,24.07528999781139,36.74424499270093,40.48103826448135,10.86272666380854,-13.550135501354532,58.81199764752098,0.9656946826758147,19.853272725278426,27.589981916865124,False,样本不足 / 仅事件观察,0.9090909090909091,0.27615780445969124,0.00686106346483705,0.0
CRCL,gateio|futures|CRCL_USDT::gateio|spot|CRCLON_USDT,spot_perp,reference,30,overnight,1102,16,4,1920,0.5739583333333333,24.07193390404852,24.4884341544227,24.531038644078905,37.39119754697651,43.366784049160394,12.187301483562404,-25.867136978248162,102.57421836473046,0.9727767695099818,19.506537488450938,27.890373825121273,False,样本不足 / 仅事件观察,0.8883847549909256,0.28039927404718695,0.021778584392014518,0.0009074410163339383
CRCL,gateio|futures|CRCL_USDT::gateio|spot|CRCLON_USDT,spot_perp,reference,30,weekend,1043,7,4,2592,0.40239197530864196,27.098976825547286,25.658188308790297,25.658188308790297,44.30180419384167,51.01394928424762,12.906248233208167,-18.985928076837855,83.77983438869974,0.9923298178331735,20.326375476005243,32.51723180993371,False,样本不足 / 仅事件观察,0.9453499520613614,0.37488015340364333,0.05465004793863854,0.0
CRCL,gateio|futures|CRCL_USDT::gateio|spot|CRCLON_USDT,spot_perp,reference,30,holiday,176,1,1,288,0.6111111111111112,27.920828387346567,27.978286058887303,27.978286058887303,38.85758841063902,41.30021107704829,10.15253208702443,-1.9542700801256085,63.725490196078205,0.9886363636363636,27.978286058887303,27.978286058887303,False,样本不足 / 仅事件观察,0.9431818181818182,0.42613636363636365,0.017045454545454544,0.0
CRCL,bitget|futures|CRCLUSDT::bitget|spot|RCRCLUSDT,spot_perp,reference,7,all,0,0,0,2016,0.0,,,,,,,,,,,,False,样本不足 / 仅事件观察,,,,
CRCL,bitget|futures|CRCLUSDT::bitget|spot|RCRCLUSDT,spot_perp,reference,7,regular,0,0,0,390,0.0,,,,,,,,,,,,False,样本不足 / 仅事件观察,,,,
CRCL,bitget|futures|CRCLUSDT::bitget|spot|RCRCLUSDT,spot_perp,reference,7,non_regular,0,0,0,1626,0.0,,,,,,,,,,,,False,样本不足 / 仅事件观察,,,,
CRCL,bitget|futures|CRCLUSDT::bitget|spot|RCRCLUSDT,spot_perp,reference,7,pre_market,0,0,0,330,0.0,,,,,,,,,,,,False,样本不足 / 仅事件观察,,,,
CRCL,bitget|futures|CRCLUSDT::bitget|spot|RCRCLUSDT,spot_perp,reference,7,after_market,0,0,0,240,0.0,,,,,,,,,,,,False,样本不足 / 仅事件观察,,,,
CRCL,bitget|futures|CRCLUSDT::bitget|spot|RCRCLUSDT,spot_perp,reference,7,overnight,0,0,0,480,0.0,,,,,,,,,,,,False,样本不足 / 仅事件观察,,,,
CRCL,bitget|futures|CRCLUSDT::bitget|spot|RCRCLUSDT,spot_perp,reference,7,weekend,0,0,0,576,0.0,,,,,,,,,,,,False,样本不足 / 仅事件观察,,,,
CRCL,bitget|futures|CRCLUSDT::bitget|spot|RCRCLUSDT,spot_perp,reference,7,holiday,0,0,0,0,0,,,,,,,,,,,,False,样本不足 / 仅事件观察,,,,
CRCL,bitget|futures|CRCLUSDT::bitget|spot|RCRCLUSDT,spot_perp,reference,30,all,0,0,0,8640,0.0,,,,,,,,,,,,False,样本不足 / 仅事件观察,,,,
CRCL,bitget|futures|CRCLUSDT::bitget|spot|RCRCLUSDT,spot_perp,reference,30,regular,0,0,0,1560,0.0,,,,,,,,,,,,False,样本不足 / 仅事件观察,,,,
CRCL,bitget|futures|CRCLUSDT::bitget|spot|RCRCLUSDT,spot_perp,reference,30,non_regular,0,0,0,7080,0.0,,,,,,,,,,,,False,样本不足 / 仅事件观察,,,,
CRCL,bitget|futures|CRCLUSDT::bitget|spot|RCRCLUSDT,spot_perp,reference,30,pre_market,0,0,0,1320,0.0,,,,,,,,,,,,False,样本不足 / 仅事件观察,,,,
CRCL,bitget|futures|CRCLUSDT::bitget|spot|RCRCLUSDT,spot_perp,reference,30,after_market,0,0,0,960,0.0,,,,,,,,,,,,False,样本不足 / 仅事件观察,,,,
CRCL,bitget|futures|CRCLUSDT::bitget|spot|RCRCLUSDT,spot_perp,reference,30,overnight,0,0,0,1920,0.0,,,,,,,,,,,,False,样本不足 / 仅事件观察,,,,
CRCL,bitget|futures|CRCLUSDT::bitget|spot|RCRCLUSDT,spot_perp,reference,30,weekend,0,0,0,2592,0.0,,,,,,,,,,,,False,样本不足 / 仅事件观察,,,,
CRCL,bitget|futures|CRCLUSDT::bitget|spot|RCRCLUSDT,spot_perp,reference,30,holiday,0,0,0,288,0.0,,,,,,,,,,,,False,样本不足 / 仅事件观察,,,,
CRCL,okx|futures|CRCL-USDT-SWAP::okx|spot|XCRCL-USDT,spot_perp,comparable,7,all,1993,7,2,2016,0.9885912698412699,4.870063089447432,5.438920918090506,6.466214031684014,12.457461868928819,14.81890636107019,6.613036816116321,-20.295410982071882,30.769230769231992,0.7561465127947817,3.8714474678447353,8.520763132359722,True,K线收盘代理；达到描述性样本门槛,0.23482187656798795,0.0010035122930255895,0.0,0.0
CRCL,okx|futures|CRCL-USDT-SWAP::okx|spot|XCRCL-USDT,spot_perp,comparable,7,regular,390,5,1,390,1.0,6.413462049217934,6.50089618147387,7.333301813255977,13.519915555091133,15.749531837011995,6.223013688583938,-15.864022662889221,30.769230769231992,0.8615384615384616,5.443397448975373,8.639318930581119,True,K线收盘代理；达到描述性样本门槛,0.28717948717948716,0.002564102564102564,0.0,0.0
CRCL,okx|futures|CRCL-USDT-SWAP::okx|spot|XCRCL-USDT,spot_perp,comparable,7,non_regular,1603,7,2,1626,0.9858548585485855,4.494563654444003,5.382710733123908,6.380263717564727,12.217607863020064,14.517193023780626,6.65054330872031,-20.295410982071882,30.57781526781822,0.7305053025577043,3.866785629933478,8.463981055666924,True,K线收盘代理；达到描述性样本门槛,0.22208359326263255,0.0006238303181534623,0.0,0.0
CRCL,okx|futures|CRCL-USDT-SWAP::okx|spot|XCRCL-USDT,spot_perp,comparable,7,pre_market,330,5,1,330,1.0,5.517774016497048,5.384461948101382,5.394325232708219,11.384297185023764,14.514067820479374,4.915056459730214,-6.447453255964408,22.697795071335847,0.8242424242424242,3.282096175238891,8.358288929060098,True,K线收盘代理；达到描述性样本门槛,0.16666666666666666,0.0,0.0,0.0
CRCL,okx|futures|CRCL-USDT-SWAP::okx|spot|XCRCL-USDT,spot_perp,comparable,7,after_market,233,5,1,240,0.9708333333333333,5.014598017483153,5.454942177611777,6.494209330014655,11.832794542409708,13.77646156618173,6.297107137298766,-12.699145693835234,21.62863631448131,0.7639484978540773,4.592963447098142,8.501594048886396,True,K线收盘代理；达到描述性样本门槛,0.2317596566523605,0.0,0.0,0.0
CRCL,okx|futures|CRCL-USDT-SWAP::okx|spot|XCRCL-USDT,spot_perp,comparable,7,overnight,478,5,1,480,0.9958333333333333,5.890665371202068,6.343169776736879,6.466214031684014,11.80739659759622,13.71535158970371,5.3875262674279005,-18.3110728134428,30.57781526781822,0.8640167364016736,5.363655867838268,7.541885466142428,True,K线收盘代理；达到描述性样本门槛,0.19665271966527198,0.0020920502092050207,0.0,0.0
CRCL,okx|futures|CRCL-USDT-SWAP::okx|spot|XCRCL-USDT,spot_perp,comparable,7,weekend,562,2,2,576,0.9756944444444444,2.4907130375828253,2.191661263867273,6.560963529688157,13.26677673345445,15.285177883201827,8.027743523253143,-20.295410982071882,25.889967637540146,0.5480427046263345,4.801615579471119,7.564901457974282,True,K线收盘代理；达到描述性样本门槛,0.2722419928825623,0.0,0.0,0.0
CRCL,okx|futures|CRCL-USDT-SWAP::okx|spot|XCRCL-USDT,spot_perp,comparable,7,holiday,0,0,0,0,0,,,,,,,,,,,,False,样本不足 / 仅事件观察,,,,
CRCL,okx|futures|CRCL-USDT-SWAP::okx|spot|XCRCL-USDT,spot_perp,comparable,30,all,8192,30,5,8640,0.9481481481481482,3.2271727792037566,3.386004514673857,4.889258404704999,11.282861333633543,13.555800599287346,6.319783543332896,-27.17699014834207,34.74167880757717,0.7037353515625,3.4338710531825467,5.701758096720022,True,K线收盘代理；达到描述性样本门槛,0.143310546875,0.0003662109375,0.0,0.0
CRCL,okx|futures|CRCL-USDT-SWAP::okx|spot|XCRCL-USDT,spot_perp,comparable,30,regular,1560,20,5,1560,1.0,3.97959289598977,4.2417815959494565,5.291845992579924,12.525311763693203,15.09368988330184,6.608747464453832,-22.784233310549908,30.769230769231992,0.7352564102564103,3.803643934789658,5.672645859461784,True,K线收盘代理；达到描述性样本门槛,0.18269230769230768,0.000641025641025641,0.0,0.0
CRCL,okx|futures|CRCL-USDT-SWAP::okx|spot|XCRCL-USDT,spot_perp,comparable,30,non_regular,6632,30,5,7080,0.9367231638418079,3.0501861413590365,3.327417923690845,4.782172073486968,10.984215816974398,13.284623048821498,6.236698340398956,-27.17699014834207,34.74167880757717,0.6963208685162847,3.581515099885524,5.701758096720022,True,K线收盘代理；达到描述性样本门槛,0.13404704463208686,0.00030156815440289503,0.0,0.0
CRCL,okx|futures|CRCL-USDT-SWAP::okx|spot|XCRCL-USDT,spot_perp,comparable,30,pre_market,1318,20,5,1320,0.9984848484848485,3.220907575750786,3.303055416269407,4.533862997478377,11.096273679038868,13.946804421347313,6.230889783861052,-27.17699014834207,23.999999999999577,0.7040971168437026,3.2792788154414887,6.7591844866563005,True,K线收盘代理；达到描述性样本门槛,0.13429438543247343,0.0,0.0,0.0
CRCL,okx|futures|CRCL-USDT-SWAP::okx|spot|XCRCL-USDT,spot_perp,comparable,30,after_market,895,20,5,960,0.9322916666666666,3.212494434733708,3.239390994493885,4.439511653717698,10.909176353853578,12.749546069475537,5.913658974551823,-24.14903403863744,24.999999999999467,0.6860335195530727,3.4350813688177606,6.818793810435403,True,K线收盘代理；达到描述性样本门槛,0.1329608938547486,0.0,0.0,0.0
CRCL,okx|futures|CRCL-USDT-SWAP::okx|spot|XCRCL-USDT,spot_perp,comparable,30,overnight,1863,20,5,1920,0.9703125,3.795010197091131,3.9312039312044966,4.5542525333019945,10.870510499724872,12.773016150735335,5.697540451689101,-24.659464537341023,34.74167880757717,0.7482555018786903,3.3242981217745937,5.8104575943310195,True,K线收盘代理；达到描述性样本门槛,0.1288244766505636,0.0010735373054213634,0.0,0.0
CRCL,okx|futures|CRCL-USDT-SWAP::okx|spot|XCRCL-USDT,spot_perp,comparable,30,weekend,2286,9,5,2592,0.8819444444444444,2.2385102255738296,3.276182155727003,5.496619728420082,11.252400251435258,13.366006289290688,6.822394620522154,-26.7409470752078,25.889967637540146,0.6434820647419073,3.432494279176357,5.769230769230305,True,K线收盘代理；达到描述性样本门槛,0.1452318460192476,0.0,0.0,0.0
CRCL,okx|futures|CRCL-USDT-SWAP::okx|spot|XCRCL-USDT,spot_perp,comparable,30,holiday,270,1,1,288,0.9375,3.4116941212013927,2.9475341527207544,3.887647038375297,8.844166290874256,11.658650847196194,4.704627841941104,-15.652514185090505,19.392999127314514,0.7814814814814814,3.887647038375297,3.887647038375297,False,样本不足 / 仅事件观察,0.07777777777777778,0.0,0.0,0.0
CRCL,binance|futures|CRCLUSDT::binance|spot|CRCLBUSDT,spot_perp,reference,7,all,2015,7,2,2016,0.9995039682539683,8.99578854053774,7.573298712537646,7.576577551682284,19.846524932862767,22.397169056826094,6.562503144442885,-10.08968609865546,40.313549832027284,0.9672456575682382,5.961359027582547,10.037566871772817,True,K线收盘代理；达到描述性样本门槛,0.2967741935483871,0.012903225806451613,0.0,0.0
CRCL,binance|futures|CRCLUSDT::binance|spot|CRCLBUSDT,spot_perp,reference,7,regular,390,5,1,390,1.0,6.938611188631127,6.755996032059564,6.755996032059564,10.659050843672357,11.605395741589808,2.874955824021068,0.0,20.152736529486237,0.9897435897435898,6.469369516942658,7.881587209935814,True,K线收盘代理；达到描述性样本门槛,0.12564102564102564,0.0,0.0,0.0
CRCL,binance|futures|CRCLUSDT::binance|spot|CRCLBUSDT,spot_perp,reference,7,non_regular,1625,7,2,1626,0.9993849938499385,9.489511104995328,7.961783439489611,8.076612437981634,21.025144670319577,23.406674990197107,7.082320879473111,-10.08968609865546,40.313549832027284,0.9618461538461538,5.991800119535817,10.324525245787308,True,K线收盘代理；达到描述性样本门槛,0.33784615384615385,0.016,0.0,0.0
CRCL,binance|futures|CRCLUSDT::binance|spot|CRCLBUSDT,spot_perp,reference,7,pre_market,330,5,1,330,1.0,7.821743331585477,7.5325545227844515,7.5325545227844515,11.883157965421054,12.962813866301603,2.880392133439037,-3.3163829316806837,15.75299306868283,0.9878787878787879,6.4557839750478685,9.421141700755031,True,K线收盘代理；达到描述性样本门槛,0.19393939393939394,0.0,0.0,0.0
CRCL,binance|futures|CRCLUSDT::binance|spot|CRCLBUSDT,spot_perp,reference,7,after_market,240,5,1,240,1.0,7.5883351498124885,7.5504261476011525,7.5504261476011525,11.680630910467116,13.738951503039942,3.216951030292729,0.0,15.92018679685836,0.9916666666666667,6.50547613012864,8.496628499820025,True,K线收盘代理；达到描述性样本门槛,0.19583333333333333,0.0,0.0,0.0
CRCL,binance|futures|CRCLUSDT::binance|spot|CRCLBUSDT,spot_perp,reference,7,overnight,480,5,1,480,1.0,8.3342685186961,8.643042350906516,8.643042350906516,12.73628617737188,13.763186052701434,3.5859261796440864,-2.280241705620023,17.44439598778902,0.975,7.368033445078748,10.89265448881993,True,K线收盘代理；达到描述性样本门槛,0.3104166666666667,0.0,0.0,0.0
CRCL,binance|futures|CRCLUSDT::binance|spot|CRCLBUSDT,spot_perp,reference,7,weekend,575,2,2,576,0.9982638888888888,12.20457551524361,10.864841373314782,10.864841373314782,24.187559635661326,29.004916106679655,10.504685952235416,-10.08968609865546,40.313549832027284,0.9234782608695652,7.015209371304398,16.491894051981483,True,K线收盘代理；达到描述性样本门槛,0.5026086956521739,0.04521739130434783,0.0,0.0
CRCL,binance|futures|CRCLUSDT::binance|spot|CRCLBUSDT,spot_perp,reference,7,holiday,0,0,0,0,0,,,,,,,,,,,,False,样本不足 / 仅事件观察,,,,
CRCL,binance|futures|CRCLUSDT::binance|spot|CRCLBUSDT,spot_perp,reference,30,all,8611,30,5,8640,0.9966435185185185,7.478346239444573,6.911646123719528,6.914263137101084,12.654223347041693,15.172866707485744,4.64130407252509,-10.08968609865546,40.313549832027284,0.9642317965393102,5.449322401930578,8.653839642331352,True,K线收盘代理；达到描述性样本门槛,0.20694460573684823,0.00301939379862966,0.0,0.0
CRCL,binance|futures|CRCLUSDT::binance|spot|CRCLBUSDT,spot_perp,reference,30,regular,1560,20,5,1560,1.0,6.3790254523287775,6.513597306737617,6.513597306737617,10.448707983573566,11.656432022148167,3.3827234856357813,-5.722133211261138,21.208907741252503,0.9532051282051283,5.35050836116241,7.713447523088057,True,K线收盘代理；达到描述性样本门槛,0.12051282051282051,0.0,0.0,0.0
CRCL,binance|futures|CRCLUSDT::binance|spot|CRCLBUSDT,spot_perp,reference,30,non_regular,7051,30,5,7080,0.9959039548022599,7.721565701634424,7.36222128733699,7.362995687389962,13.053410203414106,15.7908572066634,4.842468545374858,-10.08968609865546,40.313549832027284,0.9666713941284925,5.64032316540869,8.659094128299627,True,K线收盘代理；达到描述性样本门槛,0.2260672245071621,0.0036874202240816906,0.0,0.0
CRCL,binance|futures|CRCLUSDT::binance|spot|CRCLBUSDT,spot_perp,reference,30,pre_market,1320,20,5,1320,1.0,6.650664009644352,6.66338432879221,6.66338432879221,10.99483251775335,12.360112164417458,3.4697246298220854,-3.3163829316806837,17.889087656528524,0.956060606060606,5.606168750352802,8.204546720547711,True,K线收盘代理；达到描述性样本门槛,0.15378787878787878,0.0,0.0,0.0
CRCL,binance|futures|CRCLUSDT::binance|spot|CRCLBUSDT,spot_perp,reference,30,after_market,960,20,5,960,1.0,6.457296128608524,6.528835690966517,6.528835690966517,10.568813587497061,11.65149330068238,3.213517164215122,-6.157635467980427,17.704644865652597,0.9697916666666667,4.406273657081295,7.802810347776468,True,K线收盘代理；达到描述性样本门槛,0.11666666666666667,0.0,0.0,0.0
CRCL,binance|futures|CRCLUSDT::binance|spot|CRCLBUSDT,spot_perp,reference,30,overnight,1919,20,5,1920,0.9994791666666667,7.016987217880426,6.889424733034222,6.889424733034222,11.368334022323623,12.711999080625258,3.3526642928582433,-3.6456434560705464,18.04330392942921,0.976029181865555,5.703850495200335,8.149051772141647,True,K线收盘代理；达到描述性样本门槛,0.1641479937467431,0.0,0.0,0.0
CRCL,binance|futures|CRCLUSDT::binance|spot|CRCLBUSDT,spot_perp,reference,30,weekend,2564,9,5,2592,0.9891975308641975,8.559467394745987,7.693153093746297,7.693575887387505,17.166132820086283,21.848612170815795,6.179770753477875,-10.08968609865546,40.313549832027284,0.9602184087363494,4.54029511918419,8.823205029226955,True,K线收盘代理；达到描述性样本门槛,0.27379095163806555,0.01014040561622465,0.0,0.0
CRCL,binance|futures|CRCLUSDT::binance|spot|CRCLBUSDT,spot_perp,reference,30,holiday,288,1,1,288,1.0,14.07918789857065,13.768688204751633,13.768688204751633,17.63754927000627,18.688282129815324,3.0088029631038657,5.7553956834532904,25.3115264797521,1.0,13.768688204751633,13.768688204751633,False,样本不足 / 仅事件观察,0.9097222222222222,0.0,0.0,0.0
CRCL,bybit|futures|CRCLUSDT::bybit|spot|CRCLXUSDT,spot_perp,reference,7,all,1564,7,2,2016,0.7757936507936508,8.271410336898015,8.490315757523348,9.707167830845798,22.74253488435929,27.527686704708277,12.193085736020793,-65.31748581218521,78.125,0.7391304347826086,6.562929995342637,12.807471861078223,True,K线收盘代理；达到描述性样本门槛,0.4782608695652174,0.037723785166240406,0.0076726342710997444,0.0
CRCL,bybit|futures|CRCLUSDT::bybit|spot|CRCLXUSDT,spot_perp,reference,7,regular,359,5,1,390,0.9205128205128205,12.120405675592593,11.871357651629388,12.784998934582958,28.88332025893758,35.692734178323875,14.850140323300618,-65.31748581218521,66.56958602038631,0.8245125348189415,10.886783285087297,16.03249251816985,True,K线收盘代理；达到描述性样本门槛,0.6072423398328691,0.08913649025069638,0.019498607242339833,0.0
CRCL,bybit|futures|CRCLUSDT::bybit|spot|CRCLXUSDT,spot_perp,reference,7,non_regular,1205,7,2,1626,0.7410824108241082,7.124697202797306,7.2299111753770795,8.72695538344015,20.10072169393862,23.915218989297493,11.024299267210399,-31.981842566800587,78.125,0.7136929460580913,6.562929995342637,12.249740437540456,True,K线收盘代理；达到描述性样本门槛,0.43983402489626555,0.022406639004149378,0.004149377593360996,0.0
CRCL,bybit|futures|CRCLUSDT::bybit|spot|CRCLXUSDT,spot_perp,reference,7,pre_market,298,5,1,330,0.9030303030303031,9.694053114833979,9.258985850292278,9.937705497023996,24.87833065544676,32.30296138393141,13.182066341041843,-31.981842566800587,78.125,0.7684563758389261,10.402038827742599,12.888701175246542,True,K线收盘代理；达到描述性样本门槛,0.4966442953020134,0.05704697986577181,0.010067114093959731,0.0
CRCL,bybit|futures|CRCLUSDT::bybit|spot|CRCLXUSDT,spot_perp,reference,7,after_market,167,5,1,240,0.6958333333333333,8.067833888703383,8.615119534782778,10.565240359217132,20.20502791650891,23.13149641855405,9.930664670479814,-17.22751808889256,31.678986272438703,0.7485029940119761,6.492803809111658,13.727560718057585,False,样本不足 / 仅事件观察,0.5089820359281437,0.005988023952095809,0.0,0.0
CRCL,bybit|futures|CRCLUSDT::bybit|spot|CRCLXUSDT,spot_perp,reference,7,overnight,354,5,1,480,0.7375,9.677323803398288,10.616275497009608,10.80790645577867,20.162418378820046,23.109027013849087,9.800132356486454,-21.12378538234094,56.76855895196509,0.8418079096045198,8.624407072013174,13.04489618436877,True,K线收盘代理；达到描述性样本门槛,0.5338983050847458,0.022598870056497175,0.005649717514124294,0.0
CRCL,bybit|futures|CRCLUSDT::bybit|spot|CRCLXUSDT,spot_perp,reference,7,weekend,386,2,2,576,0.6701388888888888,2.3920502987921477,2.202985228181298,5.7093919683681715,14.018465110079426,18.404549308462805,8.980548552818721,-21.27659574468033,43.77325454147485,0.538860103626943,6.084784162769114,7.04107582791616,False,样本不足 / 仅事件观察,0.27979274611398963,0.0025906735751295338,0.0,0.0
CRCL,bybit|futures|CRCLUSDT::bybit|spot|CRCLXUSDT,spot_perp,reference,7,holiday,0,0,0,0,0,,,,,,,,,,,,False,样本不足 / 仅事件观察,,,,
CRCL,bybit|futures|CRCLUSDT::bybit|spot|CRCLXUSDT,spot_perp,reference,30,all,6725,30,5,8640,0.7783564814814815,6.703489401562841,6.0404711567496605,7.526881720429923,19.642079098534552,25.018598906815868,10.516876443644705,-72.52036148610807,78.125,0.7515241635687733,5.447403648352056,9.659611081354463,True,K线收盘代理；达到描述性样本门槛,0.3705576208178439,0.02438661710037175,0.002825278810408922,0.0
CRCL,bybit|futures|CRCLUSDT::bybit|spot|CRCLXUSDT,spot_perp,reference,30,regular,1479,20,5,1560,0.948076923076923,8.477310341525696,7.805530776092695,9.74279033515102,26.20691854000734,31.531876802441275,13.659778530847628,-72.52036148610807,66.56958602038631,0.7450980392156863,6.677043147179374,12.120976026856468,True,K线收盘代理；达到描述性样本门槛,0.48816768086544965,0.060851926977687626,0.00878972278566599,0.0
CRCL,bybit|futures|CRCLUSDT::bybit|spot|CRCLXUSDT,spot_perp,reference,30,non_regular,5246,30,5,7080,0.7409604519774011,6.2033976802122766,5.626829004378164,6.82089469605518,17.796469184033768,22.11248365170615,9.383239475990464,-36.59233847913224,78.125,0.7533358749523447,5.236738770721949,9.035658383496903,True,K线收盘代理；达到描述性样本门槛,0.3373999237514297,0.014105985512771636,0.001143728555089592,0.0
CRCL,bybit|futures|CRCLUSDT::bybit|spot|CRCLXUSDT,spot_perp,reference,30,pre_market,1184,20,5,1320,0.896969696969697,5.929322303968761,5.386770655366746,6.787750744403631,19.20559297721436,25.132103881788982,10.785238753318874,-36.59233847913224,78.125,0.7246621621621622,5.304597091173868,9.118133959502284,True,K线收盘代理；达到描述性样本门槛,0.3454391891891892,0.02787162162162162,0.002533783783783784,0.0
CRCL,bybit|futures|CRCLUSDT::bybit|spot|CRCLXUSDT,spot_perp,reference,30,after_market,705,20,5,960,0.734375,6.884337745942733,5.9052793197111875,7.526881720429923,20.574657666922576,24.265233802976734,9.950028995741466,-21.08768035516073,63.25662558621437,0.7404255319148936,3.5059368929803156,10.919778648714463,True,K线收盘代理；达到描述性样本门槛,0.3943262411347518,0.0070921985815602835,0.0014184397163120568,0.0
CRCL,bybit|futures|CRCLUSDT::bybit|spot|CRCLXUSDT,spot_perp,reference,30,overnight,1505,20,5,1920,0.7838541666666666,6.934574471532408,6.49210127678046,7.351396765387097,18.010016559635304,22.26396025347066,9.288055460022724,-29.332129963899334,56.76855895196509,0.7794019933554818,5.838708689949873,9.90048691088874,True,K线收盘代理；达到描述性样本门槛,0.3674418604651163,0.01727574750830565,0.00132890365448505,0.0
CRCL,bybit|futures|CRCLUSDT::bybit|spot|CRCLXUSDT,spot_perp,reference,30,weekend,1646,9,5,2592,0.6350308641975309,5.416636189743066,5.438625260351104,6.577144442888594,16.32476193758725,19.452415772713838,8.25112165078639,-31.434558963612247,46.82470002926431,0.7454434993924666,4.3862053972520965,8.637674924764083,False,样本不足 / 仅事件观察,0.28554070473876064,0.0054678007290400975,0.0,0.0
CRCL,bybit|futures|CRCLUSDT::bybit|spot|CRCLXUSDT,spot_perp,reference,30,holiday,206,1,1,288,0.7152777777777778,6.392867784619427,6.309821549739247,7.2497300776736,14.538407294548694,16.480055332332434,7.044249180054461,-11.741682974559797,37.30610642057597,0.8349514563106796,7.2497300776736,7.2497300776736,False,样本不足 / 仅事件观察,0.2912621359223301,0.0048543689320388345,0.0,0.0
SKHY,binance|futures|SKHYUSDT::bitget|futures|SKHYUSDT,perp_perp,reference,7,all,1980,7,2,2016,0.9821428571428571,-0.9779962275687943,-0.5255965753181435,2.043847291627321,5.802085599114326,6.927091367798232,3.1644385304993072,-14.450867052023808,10.1626016260159,0.38585858585858585,1.5694483072062337,2.380793777156942,True,K线收盘代理；达到描述性样本门槛,0.010101010101010102,0.0,0.0,0.0
SKHY,binance|futures|SKHYUSDT::bitget|futures|SKHYUSDT,perp_perp,reference,7,regular,390,5,1,390,1.0,-1.2634708025693344,-1.0327915145857958,1.5857914693773179,4.842877614628205,6.385556152251722,2.6329375070970777,-10.204629679360089,5.2279381012132475,0.30512820512820515,1.0455604960751819,2.396324335093847,True,K线收盘代理；达到描述性样本门槛,0.002564102564102564,0.0,0.0,0.0
SKHY,binance|futures|SKHYUSDT::bitget|futures|SKHYUSDT,perp_perp,reference,7,non_regular,1590,7,2,1626,0.977859778597786,-0.9079741620026242,-0.5227938115504038,2.0876826722338038,5.847051758525734,6.967447216677469,3.277891386431477,-14.450867052023808,10.1626016260159,0.4056603773584906,1.3227037446905676,3.168577405609496,True,K线收盘代理；达到描述性样本门槛,0.011949685534591196,0.0,0.0,0.0
SKHY,binance|futures|SKHYUSDT::bitget|futures|SKHYUSDT,perp_perp,reference,7,pre_market,330,5,1,330,1.0,-2.3087688150579067,-2.1358415832106736,2.153663945718698,5.807354258636543,6.425518620748028,2.438036639911182,-8.969556270774781,3.727766535306376,0.13333333333333333,1.5764168056919825,3.727766535306376,True,K线收盘代理；达到描述性样本门槛,0.0,0.0,0.0,0.0
SKHY,binance|futures|SKHYUSDT::bitget|futures|SKHYUSDT,perp_perp,reference,7,after_market,238,5,1,240,0.9916666666666667,-0.526485509063557,0.0,2.043847291627321,5.89907223682018,6.973294985357203,3.351217117737329,-10.72156105928923,8.222416362608786,0.46218487394957986,1.5375948602480705,1.5927794404607676,True,K线收盘代理；达到描述性样本门槛,0.004201680672268907,0.0,0.0,0.0
SKHY,binance|futures|SKHYUSDT::bitget|futures|SKHYUSDT,perp_perp,reference,7,overnight,475,5,1,480,0.9895833333333334,-2.081146433519417,-1.5440041173442332,2.583445282627883,6.968418724458525,8.720628359957995,3.8285458404414396,-14.450867052023808,6.918573709420173,0.3136842105263158,2.081275367947222,3.935584669347292,True,K线收盘代理；达到描述性样本门槛,0.035789473684210524,0.0,0.0,0.0
SKHY,binance|futures|SKHYUSDT::bitget|futures|SKHYUSDT,perp_perp,reference,7,weekend,547,2,2,576,0.9496527777777778,0.7898773280873609,1.0459156991959873,1.5690376569033049,3.6614325712598372,4.247953027699758,2.1693568694912977,-8.025252795463844,10.1626016260159,0.6252285191956124,1.199044103533664,1.4463633858474712,True,K线收盘代理；达到描述性样本门槛,0.0018281535648994515,0.0,0.0,0.0
SKHY,binance|futures|SKHYUSDT::bitget|futures|SKHYUSDT,perp_perp,reference,7,holiday,0,0,0,0,0,,,,,,,,,,,,False,样本不足 / 仅事件观察,,,,
SKHY,binance|futures|SKHYUSDT::bitget|futures|SKHYUSDT,perp_perp,reference,30,all,8574,30,5,8640,0.9923611111111111,0.714113258114115,0.6182762552808807,1.6792611251048584,4.958049775439787,6.251332074774462,2.9191764006051155,-14.450867052023808,15.953034267117694,0.5812922789829718,1.164887973394979,2.275397810931612,True,K线收盘代理；达到描述性样本门槛,0.0043153720550501515,0.0,0.0,0.0
SKHY,binance|futures|SKHYUSDT::bitget|futures|SKHYUSDT,perp_perp,reference,30,regular,1560,20,5,1560,1.0,0.4193779142538749,0.524370118080153,1.591512097585679,4.6716927364329806,5.631120781678045,2.6721056562953645,-10.204629679360089,11.834928475866757,0.5173076923076924,1.0802748515605087,1.9291489813452745,True,K线收盘代理；达到描述性样本门槛,0.002564102564102564,0.0,0.0,0.0
SKHY,binance|futures|SKHYUSDT::bitget|futures|SKHYUSDT,perp_perp,reference,30,non_regular,7014,30,5,7080,0.9906779661016949,0.7796660292036466,0.6323111071726562,1.6965447093786334,5.08540685438219,6.3509449588280384,2.9673595569190434,-14.450867052023808,15.953034267117694,0.5955232392358141,1.1634131197045539,2.72450330758206,True,K线收盘代理；达到描述性样本门槛,0.004704875962360992,0.0,0.0,0.0
SKHY,binance|futures|SKHYUSDT::bitget|futures|SKHYUSDT,perp_perp,reference,30,pre_market,1320,20,5,1320,1.0,0.26542547920210907,0.5384740038172353,1.6571384068797546,4.297985719415421,5.359101240172802,2.585356073548775,-8.969556270774781,6.952615252968641,0.525,1.0953498625537739,2.2485707274075284,True,K线收盘代理；达到描述性样本门槛,0.0,0.0,0.0,0.0
SKHY,binance|futures|SKHYUSDT::bitget|futures|SKHYUSDT,perp_perp,reference,30,after_market,957,20,5,960,0.996875,0.8678004171376583,1.0459703990362001,1.825817053131562,4.831229278528193,5.714743323900429,2.780974611640842,-10.72156105928923,10.600171621826249,0.5903866248693835,1.1145169916552955,2.791354186806594,True,K线收盘代理；达到描述性样本门槛,0.0020898641588296763,0.0,0.0,0.0
SKHY,binance|futures|SKHYUSDT::bitget|futures|SKHYUSDT,perp_perp,reference,30,overnight,1914,20,5,1920,0.996875,0.6668785970996405,0.6278843443230375,1.8765246836416338,5.857825259236615,6.96429193695014,3.3953344092599806,-14.450867052023808,14.942896787277782,0.5909090909090909,1.1975836819071162,3.448747409018349,True,K线收盘代理；达到描述性样本门槛,0.009926854754440962,0.0,0.0,0.0
SKHY,binance|futures|SKHYUSDT::bitget|futures|SKHYUSDT,perp_perp,reference,30,weekend,2535,9,5,2592,0.9780092592592593,0.9397777264923838,1.0498687664051154,1.605565962001787,4.764027632404569,6.219573601002226,2.81967037958316,-11.585567692815602,15.953034267117694,0.6153846153846154,1.0753844623767606,1.6538494863704845,True,K线收盘代理；达到描述性样本门槛,0.0039447731755424065,0.0,0.0,0.0
SKHY,binance|futures|SKHYUSDT::bitget|futures|SKHYUSDT,perp_perp,reference,30,holiday,288,1,1,288,1.0,2.1839886304859366,1.671868054652359,2.2040389163424656,6.433798987275585,7.516233727585253,2.827208657100347,-5.012531328321135,13.970983342290744,0.7916666666666666,2.2040389163424656,2.2040389163424656,False,样本不足 / 仅事件观察,0.006944444444444444,0.0,0.0,0.0
SKHY,binance|futures|SKHYUSDT::bybit|futures|SKHYUSDT,perp_perp,reference,7,all,2008,7,2,2016,0.996031746031746,-0.6985968622193173,-0.5363655883272589,1.0762525012997237,3.1600405490177508,3.7263675319544887,1.815570499952035,-11.106997408366626,5.385319618718132,0.2953187250996016,1.0555840330708777,1.3296295856471407,True,K线收盘代理；达到描述性样本门槛,0.00049800796812749,0.0,0.0,0.0
SKHY,binance|futures|SKHYUSDT::bybit|futures|SKHYUSDT,perp_perp,reference,7,regular,390,5,1,390,1.0,-1.149090487117945,-1.0704065961036902,1.5825709404027055,3.6022723810399397,4.256672301174322,1.9447633701544425,-8.532878246493292,4.697286012527169,0.24358974358974358,1.5594138669244861,1.6122966152204432,True,K线收盘代理；达到描述性样本门槛,0.0,0.0,0.0,0.0
SKHY,binance|futures|SKHYUSDT::bybit|futures|SKHYUSDT,perp_perp,reference,7,non_regular,1618,7,2,1626,0.995079950799508,-0.590010636193072,-0.5319007476961568,1.0734796874883878,3.1117551031714092,3.701177761896934,1.7659245304148847,-11.106997408366626,5.385319618718132,0.30778739184178,1.053600691284795,1.3165703044104582,True,K线收盘代理；达到描述性样本门槛,0.0006180469715698393,0.0,0.0,0.0
SKHY,binance|futures|SKHYUSDT::bybit|futures|SKHYUSDT,perp_perp,reference,7,pre_market,330,5,1,330,1.0,-0.4599828867587945,-0.5270786844280284,1.0733644887267468,2.6724392898971328,3.6899588083950663,1.6517450156872688,-5.768827354730721,5.385319618718132,0.3,1.057725380100294,1.0770349236383092,True,K线收盘代理；达到描述性样本门槛,0.0,0.0,0.0,0.0
SKHY,binance|futures|SKHYUSDT::bybit|futures|SKHYUSDT,perp_perp,reference,7,after_market,240,5,1,240,1.0,-0.7224133936720584,-0.5365094755688249,1.0746910542563937,3.1366407458424117,3.7154370210496492,1.9191035465104804,-8.955852913286044,3.707627118643142,0.30833333333333335,1.0575016530856018,1.5932451381467372,True,K线收盘代理；达到描述性样本门槛,0.0,0.0,0.0,0.0
SKHY,binance|futures|SKHYUSDT::bybit|futures|SKHYUSDT,perp_perp,reference,7,overnight,479,5,1,480,0.9979166666666667,-0.8127647636638184,-0.5355899523340479,1.0748642983815504,3.6060244155000643,4.17251289964593,1.962890282109724,-11.106997408366626,4.727387330603072,0.29018789144050106,1.0619939002731726,1.555895724363321,True,K线收盘代理；达到描述性样本门槛,0.0020876826722338203,0.0,0.0,0.0
SKHY,binance|futures|SKHYUSDT::bybit|futures|SKHYUSDT,perp_perp,reference,7,weekend,569,2,2,576,0.9878472222222222,-0.42205504473413935,-0.5240815470886062,1.0716964955526098,2.6413380386418606,3.1378783943718513,1.5495998643636388,-4.193311667890498,5.379814934365346,0.3268892794376098,1.0529212404153387,1.068571946153396,True,K线收盘代理；达到描述性样本门槛,0.0,0.0,0.0,0.0
SKHY,binance|futures|SKHYUSDT::bybit|futures|SKHYUSDT,perp_perp,reference,7,holiday,0,0,0,0,0,,,,,,,,,,,,False,样本不足 / 仅事件观察,,,,
SKHY,binance|futures|SKHYUSDT::bybit|futures|SKHYUSDT,perp_perp,reference,30,all,8625,30,5,8640,0.9982638888888888,0.007459708824009084,0.0,1.226692836113763,3.3017109000990095,4.262836449728352,2.160782161106683,-11.106997408366626,17.846899101281455,0.4352463768115942,1.0765639552029471,1.6427772085916836,True,K线收盘代理；达到描述性样本门槛,0.0020869565217391303,0.0,0.0,0.0
SKHY,binance|futures|SKHYUSDT::bybit|futures|SKHYUSDT,perp_perp,reference,30,regular,1560,20,5,1560,1.0,-0.5309227702224206,-0.5379670323529817,1.5560973121386823,3.6926095979165074,4.588394610540891,2.2516816455069564,-9.32429912351651,10.51915104263168,0.3506410256410256,1.2248040013125572,1.7478894788205968,True,K线收盘代理；达到描述性样本门槛,0.000641025641025641,0.0,0.0,0.0
SKHY,binance|futures|SKHYUSDT::bybit|futures|SKHYUSDT,perp_perp,reference,30,non_regular,7065,30,5,7080,0.9978813559322034,0.12633821799774303,0.0,1.2181751735895752,3.225078228273226,4.175409585689846,2.1218580991830365,-11.106997408366626,17.846899101281455,0.45392781316348196,1.0731344680395272,1.602222120338087,True,K线收盘代理；达到描述性样本门槛,0.0024062278839348905,0.0,0.0,0.0
SKHY,binance|futures|SKHYUSDT::bybit|futures|SKHYUSDT,perp_perp,reference,30,pre_market,1320,20,5,1320,1.0,0.026550105051696905,0.0,1.2384284355049235,3.1380591804754947,3.7927432466102724,1.9315523548339637,-5.954636496507959,7.7079777569788455,0.4348484848484849,1.0762542344990023,1.3720503487404945,True,K线收盘代理；达到描述性样本门槛,0.0,0.0,0.0,0.0
SKHY,binance|futures|SKHYUSDT::bybit|futures|SKHYUSDT,perp_perp,reference,30,after_market,960,20,5,960,1.0,0.2409351436361088,0.2523468254778116,1.2512121227514772,3.260444321077194,3.9701558210562538,2.025064878579055,-8.955852913286044,6.099420555047974,0.5,1.0641923175759571,1.652000342187293,True,K线收盘代理；达到描述性样本门槛,0.0,0.0,0.0,0.0
SKHY,binance|futures|SKHYUSDT::bybit|futures|SKHYUSDT,perp_perp,reference,30,overnight,1919,20,5,1920,0.9994791666666667,-0.14533052640744437,0.0,1.2205541315757351,3.2072527392288386,3.9729841719263743,2.0477607881489215,-11.106997408366626,12.359610940941845,0.4194893173527879,1.0680242048605182,1.562209167943751,True,K线收盘代理；达到描述性样本门槛,0.0010422094841063053,0.0,0.0,0.0
SKHY,binance|futures|SKHYUSDT::bybit|futures|SKHYUSDT,perp_perp,reference,30,weekend,2578,9,5,2592,0.9945987654320988,0.3569677012858385,0.0,1.1362990739155476,3.211596700485875,4.274979100220677,2.1987430274858553,-9.227595939856892,17.846899101281455,0.48099301784328935,1.0718401006992728,1.1353959730037166,True,K线收盘代理；达到描述性样本门槛,0.005430566330488751,0.0,0.0,0.0
SKHY,binance|futures|SKHYUSDT::bybit|futures|SKHYUSDT,perp_perp,reference,30,holiday,288,1,1,288,1.0,-0.05256187549949887,-0.5506304718916333,1.6635712534962543,4.419659225273098,5.368724018012139,2.7150624536809826,-6.694187214102421,10.126312423386352,0.375,1.6635712534962543,1.6635712534962543,False,样本不足 / 仅事件观察,0.003472222222222222,0.0,0.0,0.0
SKHY,binance|futures|SKHYUSDT::gateio|futures|SKHY_USDT,perp_perp,reference,7,all,2015,7,2,2016,0.9995039682539683,1.3613273683803555,1.5676438313216856,1.5852885225109414,3.64849422846314,4.219813095378777,1.7552113863513281,-9.017132551847329,7.518393211964902,0.7900744416873449,1.5682791467852564,1.6165850698790507,True,K线收盘代理；达到描述性样本门槛,0.0,0.0,0.0,0.0
SKHY,binance|futures|SKHYUSDT::gateio|futures|SKHY_USDT,perp_perp,reference,7,regular,390,5,1,390,1.0,1.2797397316793002,1.3088983545406219,1.584116595397811,3.62857988889842,4.153525278503545,1.7898525357501058,-4.784434639306667,6.855093862054851,0.7615384615384615,1.5684634286605714,1.8825481525530652,True,K线收盘代理；达到描述性样本门槛,0.0,0.0,0.0,0.0
SKHY,binance|futures|SKHYUSDT::gateio|futures|SKHY_USDT,perp_perp,reference,7,non_regular,1625,7,2,1626,0.9993849938499385,1.3809084011886088,1.5685454355329753,1.5855398763275907,3.6502060354592913,4.247682733680591,1.7462281644709625,-9.017132551847329,7.518393211964902,0.796923076923077,1.5689982105343558,1.8373216567707518,True,K线收盘代理；达到描述性样本门槛,0.0,0.0,0.0,0.0
SKHY,binance|futures|SKHYUSDT::gateio|futures|SKHY_USDT,perp_perp,reference,7,pre_market,330,5,1,330,1.0,1.8026702522917593,1.858053295472617,2.1022757657218616,3.787530376859527,4.330713764339689,1.790662760015454,-3.667994131208996,5.92066311426942,0.8272727272727273,1.5799064751276237,2.7122384239508524,True,K线收盘代理；达到描述性样本门槛,0.0,0.0,0.0,0.0
SKHY,binance|futures|SKHYUSDT::gateio|futures|SKHY_USDT,perp_perp,reference,7,after_market,240,5,1,240,1.0,1.3109122646853637,1.0739408382465232,1.0740850146029324,2.6827056703253582,3.136152535501146,1.2491694000726874,-6.271230729031352,6.162062236829691,0.8541666666666666,1.0745466763961709,1.5847053292294966,True,K线收盘代理；达到描述性样本门槛,0.0,0.0,0.0,0.0
SKHY,binance|futures|SKHYUSDT::gateio|futures|SKHY_USDT,perp_perp,reference,7,overnight,480,5,1,480,1.0,1.244565599638948,1.0662117617743494,1.584451410825971,3.6543761712417586,4.162664237979506,1.8651083375026059,-6.374840628984302,6.947042163201189,0.75625,1.0651049853743766,1.6022679902938375,True,K线收盘代理；达到描述性样本门槛,0.0,0.0,0.0,0.0
SKHY,binance|futures|SKHYUSDT::gateio|futures|SKHY_USDT,perp_perp,reference,7,weekend,575,2,2,576,0.9982638888888888,1.2818861518678721,1.5655168814898701,1.570105197048477,3.2177795719707802,4.185282608230034,1.7586136411896995,-9.017132551847329,7.518393211964902,0.7895652173913044,1.578154832613532,1.5990129842621825,True,K线收盘代理；达到描述性样本门槛,0.0,0.0,0.0,0.0
SKHY,binance|futures|SKHYUSDT::gateio|futures|SKHY_USDT,perp_perp,reference,7,holiday,0,0,0,0,0,,,,,,,,,,,,False,样本不足 / 仅事件观察,,,,
SKHY,binance|futures|SKHYUSDT::gateio|futures|SKHY_USDT,perp_perp,reference,30,all,8637,30,5,8640,0.9996527777777777,5.0173912612982505,4.546229470934193,4.560887852833595,9.686168219803283,11.09563397028167,3.6874389291209577,-9.017132551847329,26.064844246662666,0.936899386361005,2.7239069575724084,7.539276533864436,True,K线收盘代理；达到描述性样本门槛,0.08093087877735325,0.0,0.0,0.0
SKHY,binance|futures|SKHYUSDT::gateio|futures|SKHY_USDT,perp_perp,reference,30,regular,1560,20,5,1560,1.0,5.000720911804491,4.215185216401851,4.25283559794376,10.555138182837931,12.164599810006393,3.9064936174675178,-4.784434639306667,16.555276227849802,0.9262820512820513,2.1447118200892956,8.221356504972688,True,K线收盘代理；达到描述性样本门槛,0.11538461538461539,0.0,0.0,0.0
SKHY,binance|futures|SKHYUSDT::gateio|futures|SKHY_USDT,perp_perp,reference,30,non_regular,7077,30,5,7080,0.9995762711864407,5.0210659462226905,4.716486741431769,4.723169771712055,9.490787690899618,10.753311054413572,3.6373678380257863,-9.017132551847329,26.064844246662666,0.9392397908718384,2.7176666805556193,7.443573589772101,True,K线收盘代理；达到描述性样本门槛,0.07333615938957186,0.0,0.0,0.0
SKHY,binance|futures|SKHYUSDT::gateio|futures|SKHY_USDT,perp_perp,reference,30,pre_market,1320,20,5,1320,1.0,4.701910500159313,4.467540054490238,4.467540054490238,8.711723016464168,9.978593270713707,3.109615396905463,-3.667994131208996,13.706311133263593,0.9386363636363636,2.794432030279459,6.519979583968216,True,K线收盘代理；达到描述性样本门槛,0.05,0.0,0.0,0.0
SKHY,binance|futures|SKHYUSDT::gateio|futures|SKHY_USDT,perp_perp,reference,30,after_market,960,20,5,960,1.0,5.0303965321857484,4.2087556182590635,4.211302084879964,10.60319717951863,13.414348265167408,4.0307963587681765,-6.271230729031352,16.44236039217928,0.9510416666666667,1.6656223199634779,7.022588035136279,True,K线收盘代理；达到描述性样本门槛,0.12708333333333333,0.0,0.0,0.0
SKHY,binance|futures|SKHYUSDT::gateio|futures|SKHY_USDT,perp_perp,reference,30,overnight,1920,20,5,1920,1.0,5.088307149301393,4.485184877237591,4.507681033874,9.923157552166328,11.660933770241128,3.9281982844208945,-6.374840628984302,20.0388632499382,0.9255208333333333,2.7514428197800145,7.581103731519323,True,K线收盘代理；达到描述性样本门槛,0.08958333333333333,0.0,0.0,0.0
SKHY,binance|futures|SKHYUSDT::gateio|futures|SKHY_USDT,perp_perp,reference,30,weekend,2589,9,5,2592,0.9988425925925926,5.166270137009965,5.10870182210299,5.1165434906197405,9.163103237630477,10.234832546767159,3.5984880134747095,-9.017132551847329,26.064844246662666,0.9428350714561606,2.6878830233290074,7.945067184423893,True,K线收盘代理；达到描述性样本门槛,0.05870992661259174,0.0,0.0,0.0
SKHY,binance|futures|SKHYUSDT::gateio|futures|SKHY_USDT,perp_perp,reference,30,holiday,288,1,1,288,1.0,4.699159926846858,4.458563726547071,4.458563726547071,8.043542497503609,9.055870733261523,2.562063344787603,-2.7650279267832367,15.045135406217547,0.9618055555555556,4.458563726547071,4.458563726547071,False,样本不足 / 仅事件观察,0.024305555555555556,0.0,0.0,0.0
SKHY,binance|futures|SKHYUSDT::okx|futures|SKHY-USDT-SWAP,perp_perp,reference,7,all,2010,7,2,2016,0.9970238095238095,-0.5835378412586837,-0.527732370902978,1.0679767211529967,2.688229865597802,3.244141712781367,1.6598741709147693,-6.910850034556049,6.967520634579838,0.3099502487562189,1.0503067000966482,1.3206943928192882,True,K线收盘代理；达到描述性样本门槛,0.0,0.0,0.0,0.0
SKHY,binance|futures|SKHYUSDT::okx|futures|SKHY-USDT-SWAP,perp_perp,reference,7,regular,390,5,1,390,1.0,-0.6262073327115532,-0.5300975981481493,1.0680912263755227,2.6884034827053815,3.215168962008463,1.6255475449904309,-4.834550923936698,5.682992353790439,0.2717948717948718,1.0304501223179496,1.0617124781164833,True,K线收盘代理；达到描述性样本门槛,0.0,0.0,0.0,0.0
SKHY,binance|futures|SKHYUSDT::okx|futures|SKHY-USDT-SWAP,perp_perp,reference,7,non_regular,1620,7,2,1626,0.996309963099631,-0.5732655562792892,-0.527314925662381,1.0679767211529967,2.688099799748711,3.6282965740046524,1.667869465887607,-6.910850034556049,6.967520634579838,0.3191358024691358,1.0479263512669368,1.564409125250077,True,K线收盘代理；达到描述性样本门槛,0.0,0.0,0.0,0.0
SKHY,binance|futures|SKHYUSDT::okx|futures|SKHY-USDT-SWAP,perp_perp,reference,7,pre_market,330,5,1,330,1.0,-1.4621377158447721,-1.5836149751818906,1.5867978463945942,3.2474913163861308,3.7690863260934626,1.5539010461397864,-6.455430631017167,3.1633890441296053,0.13333333333333333,1.576375666083596,1.6224109073459392,True,K线收盘代理；达到描述性样本门槛,0.0,0.0,0.0,0.0
SKHY,binance|futures|SKHYUSDT::okx|futures|SKHY-USDT-SWAP,perp_perp,reference,7,after_market,240,5,1,240,1.0,0.01228970157328424,0.0,1.0580331193976722,2.5749464092483794,3.2176757655388855,1.6029387292395187,-5.906991730211253,4.249893752654721,0.49583333333333335,1.0259303966969613,1.0593781717793682,True,K线收盘代理；达到描述性样本门槛,0.0,0.0,0.0,0.0
SKHY,binance|futures|SKHYUSDT::okx|futures|SKHY-USDT-SWAP,perp_perp,reference,7,overnight,480,5,1,480,1.0,-0.7092329186214029,-0.5311097572019419,1.0610080650574893,3.176384667854859,3.726456810540957,1.7010796199781355,-6.910850034556049,4.1418586590724615,0.2833333333333333,1.0407459880079628,1.5544848928350508,True,K线收盘代理；达到描述性样本门槛,0.0,0.0,0.0,0.0
SKHY,binance|futures|SKHYUSDT::okx|futures|SKHY-USDT-SWAP,perp_perp,reference,7,weekend,570,2,2,576,0.9895833333333334,-0.1907061094438395,0.0,1.0578092799468086,2.6085278764336195,2.68278485517659,1.4919314744526255,-4.7859611805367575,6.967520634579838,0.3824561403508772,1.050960857801042,1.0670505644830297,True,K线收盘代理；达到描述性样本门槛,0.0,0.0,0.0,0.0
SKHY,binance|futures|SKHYUSDT::okx|futures|SKHY-USDT-SWAP,perp_perp,reference,7,holiday,0,0,0,0,0,,,,,,,,,,,,False,样本不足 / 仅事件观察,,,,
SKHY,binance|futures|SKHYUSDT::okx|futures|SKHY-USDT-SWAP,perp_perp,reference,30,all,8625,30,5,8640,0.9982638888888888,0.09914859787543481,0.0,1.2528188423943654,3.191455548730016,3.7529085058172207,1.9790004462015869,-8.55614973262031,7.616146230007281,0.4663188405797101,1.0758997302431905,1.7081706492522164,True,K线收盘代理；达到描述性样本门槛,0.0,0.0,0.0,0.0
SKHY,binance|futures|SKHYUSDT::okx|futures|SKHY-USDT-SWAP,perp_perp,reference,30,regular,1560,20,5,1560,1.0,-0.1319036710514176,0.0,1.2395797836445288,3.109362752409695,3.6848618489355722,1.8950782263033998,-5.68990042674189,6.116582053947717,0.4153846153846154,1.0590158055837073,1.3431367664799854,True,K线收盘代理；达到描述性样本门槛,0.0,0.0,0.0,0.0
SKHY,binance|futures|SKHYUSDT::okx|futures|SKHY-USDT-SWAP,perp_perp,reference,30,non_regular,7065,30,5,7080,0.9978813559322034,0.1501665086363534,0.0,1.2598425196852503,3.2087964157176967,3.756533687104824,1.993449553619229,-8.55614973262031,7.616146230007281,0.4775654635527247,1.100395449161462,1.7059387849900631,True,K线收盘代理；达到描述性样本门槛,0.0,0.0,0.0,0.0
SKHY,binance|futures|SKHYUSDT::okx|futures|SKHY-USDT-SWAP,perp_perp,reference,30,pre_market,1320,20,5,1320,1.0,-0.4148422520261233,-0.5368406960049033,1.127713618121473,2.6893721454825936,3.23390906740939,1.6659693064440666,-6.455430631017167,5.001389274799095,0.33484848484848484,0.9453434511810799,1.3386485824164185,True,K线收盘代理；达到描述性样本门槛,0.0,0.0,0.0,0.0
SKHY,binance|futures|SKHYUSDT::okx|futures|SKHY-USDT-SWAP,perp_perp,reference,30,after_market,960,20,5,960,1.0,0.4274107349840755,0.5403215800181549,1.6180357093620312,3.563059591850105,4.00120037563656,2.144287552640658,-6.743467266084879,5.712979890311054,0.571875,1.0626855054925166,2.3239213426559657,True,K线收盘代理；达到描述性样本门槛,0.0,0.0,0.0,0.0
SKHY,binance|futures|SKHYUSDT::okx|futures|SKHY-USDT-SWAP,perp_perp,reference,30,overnight,1920,20,5,1920,1.0,0.026395553115590605,0.0,1.5902888261914994,3.3640018175127295,3.920338754660413,2.0872591322497187,-8.55614973262031,6.437077566785465,0.4546875,1.2109562909323746,1.8391153584182418,True,K线收盘代理；达到描述性样本门槛,0.0,0.0,0.0,0.0
SKHY,binance|futures|SKHYUSDT::okx|futures|SKHY-USDT-SWAP,perp_perp,reference,30,weekend,2577,9,5,2592,0.9942129629629629,0.44476428877587254,0.5376922249711313,1.5662524798998323,3.2229647335060285,3.7758150516733435,1.9858075793196297,-7.154256782785362,7.616146230007281,0.5440434613892122,1.1320861526620263,1.694963135904226,True,K线收盘代理；达到描述性样本门槛,0.0,0.0,0.0,0.0
SKHY,binance|futures|SKHYUSDT::okx|futures|SKHY-USDT-SWAP,perp_perp,reference,30,holiday,288,1,1,288,1.0,0.004745890445310523,0.0,1.0989918617965166,2.6986180490641276,2.794998142974736,1.5769717171480453,-5.38502961766274,6.4564726137938955,0.375,1.0989918617965166,1.0989918617965166,False,样本不足 / 仅事件观察,0.0,0.0,0.0,0.0
SKHY,bitget|futures|SKHYUSDT::bybit|futures|SKHYUSDT,perp_perp,reference,7,all,1974,7,2,2016,0.9791666666666666,0.2821530603939664,0.0,2.0927616620380896,5.364432741302272,6.397048832276431,3.2845789701265695,-12.820512820511665,14.471780028944004,0.4376899696048632,1.5807730692371513,2.7620798463981466,True,K线收盘代理；达到描述性样本门槛,0.007598784194528876,0.0,0.0,0.0
SKHY,bitget|futures|SKHYUSDT::bybit|futures|SKHYUSDT,perp_perp,reference,7,regular,390,5,1,390,1.0,0.11489077943228364,0.0,1.6014520972190693,4.301075268817733,5.010229473147819,2.6016365614574757,-7.190918896706755,7.012622720896644,0.4794871794871795,1.0676061669318004,1.8202105036912997,True,K线收盘代理；达到描述性样本门槛,0.0,0.0,0.0,0.0
SKHY,bitget|futures|SKHYUSDT::bybit|futures|SKHYUSDT,perp_perp,reference,7,non_regular,1584,7,2,1626,0.974169741697417,0.32333506138832013,-0.5214308118034472,2.099682436051409,5.74748689938942,6.864142774170023,3.430690067997011,-12.820512820511665,14.471780028944004,0.4273989898989899,1.5919511738671233,3.214191981302239,True,K线收盘代理；达到描述性样本门槛,0.00946969696969697,0.0,0.0,0.0
SKHY,bitget|futures|SKHYUSDT::bybit|futures|SKHYUSDT,perp_perp,reference,7,pre_market,330,5,1,330,1.0,1.8497998267305027,1.6155089040381654,2.1510582398542866,5.861414844963164,6.864142774170023,2.9192568899803937,-4.72564977684331,9.496676163343043,0.6666666666666666,1.31744809040657,3.756776143366558,True,K线收盘代理；达到描述性样本门槛,0.0,0.0,0.0,0.0
SKHY,bitget|futures|SKHYUSDT::bybit|futures|SKHYUSDT,perp_perp,reference,7,after_market,238,5,1,240,0.9916666666666667,-0.20102643465568776,-0.5291425249093207,2.1190930341308256,5.643804141691522,6.364333368819306,3.4786246810827626,-12.543772539591602,8.588298443370501,0.36134453781512604,1.060727564428099,3.059507546588902,True,K线收盘代理；达到描述性样本门槛,0.008403361344537815,0.0,0.0,0.0
SKHY,bitget|futures|SKHYUSDT::bybit|futures|SKHYUSDT,perp_perp,reference,7,overnight,474,5,1,480,0.9875,1.2756724622654971,0.5200615870182279,2.3611033564729933,6.912211429688453,8.005399768295172,3.900537332662504,-7.33560387738974,14.471780028944004,0.5084388185654009,1.5578752096573334,3.731044961741148,True,K线收盘代理；达到描述性样本门槛,0.023206751054852322,0.0,0.0,0.0
SKHY,bitget|futures|SKHYUSDT::bybit|futures|SKHYUSDT,perp_perp,reference,7,weekend,542,2,2,576,0.9409722222222222,-1.2086635816379312,-1.075702569017789,1.613033310303713,4.301699719171159,5.229113745980396,2.4309461570677318,-12.820512820511665,12.32054853224751,0.23985239852398524,1.728959445615047,1.9705824283793028,True,K线收盘代理；达到描述性样本门槛,0.0036900369003690036,0.0,0.0,0.0
SKHY,bitget|futures|SKHYUSDT::bybit|futures|SKHYUSDT,perp_perp,reference,7,holiday,0,0,0,0,0,,,,,,,,,,,,False,样本不足 / 仅事件观察,,,,
SKHY,bitget|futures|SKHYUSDT::bybit|futures|SKHYUSDT,perp_perp,reference,30,all,8561,30,5,8640,0.9908564814814815,-0.7021506814918891,-0.6247657128566342,1.8322848592200458,4.8822165263029405,6.052269601100058,2.9199712464030125,-13.569994029202226,14.471780028944004,0.33302184324261186,1.3270816319223278,2.6321996444532427,True,K线收盘代理；达到描述性样本门槛,0.003971498656698984,0.0,0.0,0.0
SKHY,bitget|futures|SKHYUSDT::bybit|futures|SKHYUSDT,perp_perp,reference,30,regular,1560,20,5,1560,1.0,-0.9497638667997198,-0.6300810207326979,1.8319497472707447,4.849817369187104,5.920723733196238,2.8052457680089384,-11.332612167104239,9.281603861146515,0.3243589743589744,1.4916283246683981,1.9203337215745186,True,K线收盘代理；达到描述性样本门槛,0.004487179487179487,0.0,0.0,0.0
SKHY,bitget|futures|SKHYUSDT::bybit|futures|SKHYUSDT,perp_perp,reference,30,non_regular,7001,30,5,7080,0.9888418079096045,-0.6469761965497071,-0.6245706077079305,1.8322848592200458,4.8971596474034484,6.053601893126759,2.9420883547841803,-13.569994029202226,14.471780028944004,0.334952149692901,1.3334999092352862,2.6780084403875417,True,K线收盘代理；达到描述性样本门槛,0.003856591915440651,0.0,0.0,0.0
SKHY,bitget|futures|SKHYUSDT::bybit|futures|SKHYUSDT,perp_perp,reference,30,pre_market,1320,20,5,1320,1.0,-0.23835134979833958,-0.5437444542144565,1.6638935312890402,4.488976874136411,5.507992967985813,2.7204325674165486,-7.988587731810881,9.496676163343043,0.3856060606060606,1.2112158973812126,2.184777993845116,True,K线收盘代理；达到描述性样本门槛,0.0,0.0,0.0,0.0
SKHY,bitget|futures|SKHYUSDT::bybit|futures|SKHYUSDT,perp_perp,reference,30,after_market,957,20,5,960,0.996875,-0.6255490353967811,-0.6231306081749821,1.6332752613246182,4.260200916002876,5.311930618908884,2.550476954084619,-12.543772539591602,8.588298443370501,0.31974921630094044,1.178978031290967,1.8614129983174355,True,K线收盘代理；达到描述性样本门槛,0.0020898641588296763,0.0,0.0,0.0
SKHY,bitget|futures|SKHYUSDT::bybit|futures|SKHYUSDT,perp_perp,reference,30,overnight,1913,20,5,1920,0.9963541666666667,-0.8099069118450379,-1.058761249338458,1.875000000000071,5.43335154648705,6.885376450234792,3.1924642935665095,-10.602469751778143,14.471780028944004,0.30789336121275485,1.2141556688906319,2.7742537001496093,True,K线收盘代理；达到描述性样本门槛,0.007841087297438577,0.0,0.0,0.0
SKHY,bitget|futures|SKHYUSDT::bybit|futures|SKHYUSDT,perp_perp,reference,30,weekend,2523,9,5,2592,0.9733796296296297,-0.5639930464730227,-0.609310260784035,1.8493404019237492,4.897372833871927,6.045949378333582,2.989487443202685,-13.569994029202226,12.32054853224751,0.3575108997225525,1.6007683688168406,2.2026434122501826,True,K线收盘代理；达到描述性样本门槛,0.003963535473642489,0.0,0.0,0.0
SKHY,bitget|futures|SKHYUSDT::bybit|futures|SKHYUSDT,perp_perp,reference,30,holiday,288,1,1,288,1.0,-2.2357630723089508,-2.2264278071237875,2.759535611170927,4.882899103987094,5.585582891146967,2.315809247211622,-8.060615831050333,5.51116009920305,0.13541666666666666,2.759535611170927,2.759535611170927,False,样本不足 / 仅事件观察,0.0,0.0,0.0,0.0
SKHY,bitget|futures|SKHYUSDT::gateio|futures|SKHY_USDT,perp_perp,reference,7,all,1979,7,2,2016,0.9816468253968254,2.3334534680769967,2.0470829068575114,2.1439674116963126,7.436998123540928,8.585118771976985,3.4304237561952484,-10.977522216414348,16.084928422068767,0.7190500252652855,1.5995078474617674,2.9137185920102837,True,K线收盘代理；达到描述性样本门槛,0.01869631126831733,0.0,0.0,0.0
SKHY,bitget|futures|SKHYUSDT::gateio|futures|SKHY_USDT,perp_perp,reference,7,regular,390,5,1,390,1.0,2.544127872625197,2.13938104097644,2.622402509385169,6.930584669876839,8.049974607310938,2.8616905663289987,-3.7162879592278486,10.768319603726706,0.8,2.107316808457327,2.590611720304503,True,K线收盘代理；达到描述性样本门槛,0.005128205128205128,0.0,0.0,0.0
SKHY,bitget|futures|SKHYUSDT::gateio|futures|SKHY_USDT,perp_perp,reference,7,non_regular,1589,7,2,1626,0.9772447724477245,2.2817460937700123,1.6065977614743154,2.1357253457221503,7.464994562238481,8.59993149270899,3.5542293330417816,-10.977522216414348,16.084928422068767,0.6991818753933291,1.592798674948659,4.482222850865636,True,K线收盘代理；达到描述性样本门槛,0.022026431718061675,0.0,0.0,0.0
SKHY,bitget|futures|SKHYUSDT::gateio|futures|SKHY_USDT,perp_perp,reference,7,pre_market,330,5,1,330,1.0,4.113024092062593,4.285530964458495,4.30074882310727,8.188333407041178,9.113768712787019,3.1579734685773033,-5.228211428871532,11.722704747696433,0.8848484848484849,1.5805698488707831,6.180275200038388,True,K线收盘代理；达到描述性样本门槛,0.02727272727272727,0.0,0.0,0.0
SKHY,bitget|futures|SKHYUSDT::gateio|futures|SKHY_USDT,perp_perp,reference,7,after_market,238,5,1,240,0.9916666666666667,1.8517997650338733,1.0571385657831556,1.5929485657262266,7.511656485759133,8.133627881179095,3.4870352913570026,-10.977522216414348,11.286075133014606,0.6512605042016807,1.0456149701565387,2.65561941027892,True,K线收盘代理；达到描述性样本门槛,0.012605042016806723,0.0,0.0,0.0
SKHY,bitget|futures|SKHYUSDT::gateio|futures|SKHY_USDT,perp_perp,reference,7,overnight,475,5,1,480,0.9895833333333334,3.327543500787592,2.651113467657673,3.1344687075551825,8.838193197382447,9.663080964439574,3.9285839876828414,-6.906077348065587,16.084928422068767,0.7978947368421052,2.6450133630995243,4.781384476437722,True,K线收盘代理；达到描述性样本门槛,0.04842105263157895,0.0,0.0,0.0
SKHY,bitget|futures|SKHYUSDT::gateio|futures|SKHY_USDT,perp_perp,reference,7,weekend,546,2,2,576,0.9479166666666666,0.45253678693722593,0.5226708769467958,1.5692838877490178,4.247751100708297,4.830658621530759,2.367364599039277,-8.48671298997461,8.585072704834218,0.521978021978022,1.1890385936758063,1.4736421849642634,True,K线收盘代理；达到描述性样本门槛,0.0,0.0,0.0,0.0
SKHY,bitget|futures|SKHYUSDT::gateio|futures|SKHY_USDT,perp_perp,reference,7,holiday,0,0,0,0,0,,,,,,,,,,,,False,样本不足 / 仅事件观察,,,,
SKHY,bitget|futures|SKHYUSDT::gateio|futures|SKHY_USDT,perp_perp,reference,30,all,8571,30,5,8640,0.9920138888888889,4.315353963254663,4.230789571102456,4.272363150867875,8.784451520809089,10.100372451233852,3.5069998424483217,-10.977522216414348,18.25150574922274,0.8846108972115272,2.703795649807994,6.035078783138692,True,K线收盘代理；达到描述性样本门槛,0.05273597013183993,0.0,0.0,0.0
SKHY,bitget|futures|SKHYUSDT::gateio|futures|SKHY_USDT,perp_perp,reference,30,regular,1560,20,5,1560,1.0,4.581395824770893,4.311655984264862,4.324207532815372,9.31058243702343,10.546344051577394,3.6073486344472605,-6.699649556791698,15.29239050648501,0.8955128205128206,2.671357737376312,6.679164365514523,True,K线收盘代理；达到描述性样本门槛,0.06474358974358975,0.0,0.0,0.0
SKHY,bitget|futures|SKHYUSDT::gateio|futures|SKHY_USDT,perp_perp,reference,30,non_regular,7011,30,5,7080,0.9902542372881356,4.2561576568839135,4.217185028994042,4.26543172262539,8.663366336634226,10.00189602736179,3.481514509438284,-10.977522216414348,18.25150574922274,0.88218513764085,2.7119472530605373,5.909680185072763,True,K线收盘代理；达到描述性样本门槛,0.05006418485237484,0.0,0.0,0.0
SKHY,bitget|futures|SKHYUSDT::gateio|futures|SKHY_USDT,perp_perp,reference,30,pre_market,1320,20,5,1320,1.0,4.436719065889167,4.560353431095621,4.575748535380342,8.676305632062231,9.405863163701511,3.165043187664151,-5.687922644251886,13.42855398889009,0.9037878787878788,2.5797433435570394,6.408503367172913,True,K线收盘代理；达到描述性样本门槛,0.02803030303030303,0.0,0.0,0.0
SKHY,bitget|futures|SKHYUSDT::gateio|futures|SKHY_USDT,perp_perp,reference,30,after_market,957,20,5,960,0.996875,4.175473647879064,3.990195519580908,4.010541996104511,9.149243823554976,10.653651927748252,3.599165126289441,-10.977522216414348,14.593214155416145,0.8714733542319749,2.5585599122135427,5.895546028286958,True,K线收盘代理；达到描述性样本门槛,0.07314524555903866,0.0,0.0,0.0
SKHY,bitget|futures|SKHYUSDT::gateio|futures|SKHY_USDT,perp_perp,reference,30,overnight,1914,20,5,1920,0.996875,4.431805666177512,4.174058637183009,4.253622300334214,9.219718952536038,11.06636390607606,3.795751887109863,-7.465870307168387,18.25150574922274,0.8871473354231975,2.641758743028577,5.713154480891102,True,K线收盘代理；达到描述性样本门槛,0.0741901776384535,0.0,0.0,0.0
SKHY,bitget|futures|SKHYUSDT::gateio|futures|SKHY_USDT,perp_perp,reference,30,weekend,2532,9,5,2592,0.9768518518518519,4.257791971181939,4.290809625226988,4.297724919793966,8.541741663986135,9.59254250039165,3.3881308924805604,-8.48671298997461,17.100513015391172,0.8736176935229067,3.2265874717540832,6.078355825497317,True,K线收盘代理；达到描述性样本门槛,0.039889415481832544,0.0,0.0,0.0
SKHY,bitget|futures|SKHYUSDT::gateio|futures|SKHY_USDT,perp_perp,reference,30,holiday,288,1,1,288,1.0,2.5149950288983502,2.7533797757595124,2.781331839321055,5.510431260405957,6.016066901672997,2.455231767908832,-7.455136056232492,12.816226457148527,0.8611111111111112,2.781331839321055,2.781331839321055,False,样本不足 / 仅事件观察,0.003472222222222222,0.0,0.0,0.0
SKHY,bitget|futures|SKHYUSDT::okx|futures|SKHY-USDT-SWAP,perp_perp,reference,7,all,1976,7,2,2016,0.9801587301587301,0.38615027059332674,0.0,1.6135104655945476,4.754735086094364,5.738358061607441,2.940817401366025,-12.28698114215443,15.545430179575437,0.4888663967611336,1.5964331194653902,2.101947693858852,True,K线收盘代理；达到描述性样本门槛,0.00860323886639676,0.0,0.0,0.0
SKHY,bitget|futures|SKHYUSDT::okx|futures|SKHY-USDT-SWAP,perp_perp,reference,7,regular,390,5,1,390,1.0,0.6379176429757217,0.5273844372510883,2.06058668337894,4.651263820421027,5.368148110934112,2.6797465867708206,-6.814131460320949,8.612800775151808,0.5512820512820513,1.0561347940540866,2.139896024578869,True,K线收盘代理；达到描述性样本门槛,0.0,0.0,0.0,0.0
SKHY,bitget|futures|SKHYUSDT::okx|futures|SKHY-USDT-SWAP,perp_perp,reference,7,non_regular,1586,7,2,1626,0.97539975399754,0.32424026099109843,0.0,1.612946585751729,4.763921236501378,5.793835967607963,2.998301974665458,-12.28698114215443,15.545430179575437,0.4735182849936948,1.5906997667661238,2.129914204676009,True,K线收盘代理；达到描述性样本门槛,0.010718789407313998,0.0,0.0,0.0
SKHY,bitget|futures|SKHYUSDT::okx|futures|SKHY-USDT-SWAP,perp_perp,reference,7,pre_market,330,5,1,330,1.0,0.8473236563565356,0.5384015331988401,1.6069442209309948,4.714508145791886,5.322453877322776,2.5317493239915714,-6.795608991114754,7.992753237064942,0.5606060606060606,1.0568869402571845,2.374777090293767,True,K线收盘代理；达到描述性样本门槛,0.0,0.0,0.0,0.0
SKHY,bitget|futures|SKHYUSDT::okx|futures|SKHY-USDT-SWAP,perp_perp,reference,7,after_market,238,5,1,240,0.9916666666666667,0.5440766819583575,0.525093804011334,1.5825289207860305,4.293688278231844,5.226121346438517,2.6247330267356976,-10.455329604265318,7.510729613733336,0.5462184873949579,1.0581450746516285,1.5910918702777277,True,K线收盘代理；达到描述性样本门槛,0.004201680672268907,0.0,0.0,0.0
SKHY,bitget|futures|SKHYUSDT::okx|futures|SKHY-USDT-SWAP,perp_perp,reference,7,overnight,475,5,1,480,0.9895833333333334,1.3626224184125635,1.0437868587231947,2.117634602150087,5.826896384024671,8.178534055398343,3.5515381749881274,-7.329842931936836,15.545430179575437,0.5915789473684211,1.5877216906301506,2.6631868165105654,True,K线收盘代理；达到描述性样本门槛,0.031578947368421054,0.0,0.0,0.0
SKHY,bitget|futures|SKHYUSDT::okx|futures|SKHY-USDT-SWAP,perp_perp,reference,7,weekend,543,2,2,576,0.9427083333333334,-0.9983566329978478,-1.0702627495051686,1.611170784103777,4.171751004516944,4.828999773199727,2.3299665338930287,-12.28698114215443,8.048073827664481,0.285451197053407,1.7224279578818835,1.9680408632101465,True,K线收盘代理；达到描述性样本门槛,0.001841620626151013,0.0,0.0,0.0
SKHY,bitget|futures|SKHYUSDT::okx|futures|SKHY-USDT-SWAP,perp_perp,reference,7,holiday,0,0,0,0,0,,,,,,,,,,,,False,样本不足 / 仅事件观察,,,,
SKHY,bitget|futures|SKHYUSDT::okx|futures|SKHY-USDT-SWAP,perp_perp,reference,30,all,8561,30,5,8640,0.9908564814814815,-0.6145095962245779,-0.6004563468231527,1.7046423092215157,4.499184522805955,5.393452348847472,2.7093054038325803,-12.28698114215443,15.545430179575437,0.3525289101740451,1.3281156670263972,2.1857076432180156,True,K线收盘代理；达到描述性样本门槛,0.002686602032472842,0.0,0.0,0.0
SKHY,bitget|futures|SKHYUSDT::okx|futures|SKHY-USDT-SWAP,perp_perp,reference,30,regular,1560,20,5,1560,1.0,-0.55077521065138,-0.5338174022478936,1.5875118967834112,4.248223750285662,5.186314592835972,2.4732178079118516,-9.78876867594014,8.612800775151808,0.36346153846153845,1.0829229153802578,2.108373284660514,True,K线收盘代理；达到描述性样本门槛,0.0,0.0,0.0,0.0
SKHY,bitget|futures|SKHYUSDT::okx|futures|SKHY-USDT-SWAP,perp_perp,reference,30,non_regular,7001,30,5,7080,0.9888418079096045,-0.6287112304902812,-0.6104260774020265,1.8124697921706456,4.542930695068392,5.549697541483711,2.758960362396494,-12.28698114215443,15.545430179575437,0.3500928438794458,1.3314235447932365,2.2192749461033556,True,K线收盘代理；达到描述性样本门槛,0.003285244965004999,0.0,0.0,0.0
SKHY,bitget|futures|SKHYUSDT::okx|futures|SKHY-USDT-SWAP,perp_perp,reference,30,pre_market,1320,20,5,1320,1.0,-0.6797787380080734,-0.6269985677620493,1.6090968020143759,4.174787942895833,4.958780140086327,2.3474017204724267,-7.495850511325397,7.992753237064942,0.3143939393939394,1.1066152317752709,1.7514877389146477,True,K线收盘代理；达到描述性样本门槛,0.0,0.0,0.0,0.0
SKHY,bitget|futures|SKHYUSDT::okx|futures|SKHY-USDT-SWAP,perp_perp,reference,30,after_market,957,20,5,960,0.996875,-0.4391125242555165,-0.531321396313178,1.5965939329432022,4.034996238570176,4.837407807523728,2.447754060060157,-11.323745895143178,7.510729613733336,0.3657262277951933,1.1429647617355876,2.127463106408878,True,K线收盘代理；达到描述性样本门槛,0.0020898641588296763,0.0,0.0,0.0
SKHY,bitget|futures|SKHYUSDT::okx|futures|SKHY-USDT-SWAP,perp_perp,reference,30,overnight,1914,20,5,1920,0.996875,-0.6397683180178995,-0.6100909398770726,1.8798171492356852,5.17804843648717,6.380755842118613,3.164397861489947,-11.194626579242861,15.545430179575437,0.3672936259143156,1.2444225643092055,2.7813145579924647,True,K线收盘代理；达到描述性样本门槛,0.008881922675026124,0.0,0.0,0.0
SKHY,bitget|futures|SKHYUSDT::okx|futures|SKHY-USDT-SWAP,perp_perp,reference,30,weekend,2522,9,5,2592,0.9729938271604939,-0.4885926147398578,-0.5655149031258411,1.849397406436526,4.420378042711671,5.367830664697814,2.719887541580238,-12.28698114215443,9.347336009237761,0.3723235527359239,1.599621505217752,2.145980324528285,True,K线收盘代理；达到描述性样本门槛,0.0011895321173671688,0.0,0.0,0.0
SKHY,bitget|futures|SKHYUSDT::okx|futures|SKHY-USDT-SWAP,perp_perp,reference,30,holiday,288,1,1,288,1.0,-2.1781998948579564,-1.6718683661931522,2.213555323800076,5.3631966565032,6.050611719771282,2.4161208528089078,-10.77005923532548,3.879835938367382,0.1527777777777778,2.213555323800076,2.213555323800076,False,样本不足 / 仅事件观察,0.003472222222222222,0.0,0.0,0.0
SKHY,bybit|futures|SKHYUSDT::gateio|futures|SKHY_USDT,perp_perp,reference,7,all,2007,7,2,2016,0.9955357142857143,2.058490529484645,2.1178588447079427,2.1380084451338988,4.7477870164085445,5.347737292887843,2.0676013188205866,-7.8390384112880795,12.17962296123698,0.8300946686596911,1.5914226621766003,2.656488119677225,True,K线收盘代理；达到描述性样本门槛,0.0014947683109118087,0.0,0.0,0.0
SKHY,bybit|futures|SKHYUSDT::gateio|futures|SKHY_USDT,perp_perp,reference,7,regular,390,5,1,390,1.0,2.4293867012315493,2.6219192520970935,2.6378267907656294,5.230269814976874,5.805931826941668,2.2288845116773133,-4.267349442578228,11.404281789435533,0.8435897435897436,2.1124381474840748,3.2227752966185186,True,K线收盘代理；达到描述性样本门槛,0.002564102564102564,0.0,0.0,0.0
SKHY,bybit|futures|SKHYUSDT::gateio|futures|SKHY_USDT,perp_perp,reference,7,non_regular,1617,7,2,1626,0.9944649446494465,1.9690350520688797,2.099406917546176,2.1250597673061478,4.620834830826315,5.270036869200022,2.0165969377778774,-7.8390384112880795,12.17962296123698,0.8268398268398268,1.5847750659608861,2.4053120289774244,True,K线收盘代理；达到描述性样本门槛,0.0012368583797155227,0.0,0.0,0.0
SKHY,bybit|futures|SKHYUSDT::gateio|futures|SKHY_USDT,perp_perp,reference,7,pre_market,330,5,1,330,1.0,2.2628977883895534,2.164268164465133,2.164970772895458,4.746735343732267,5.262435640376761,1.8135963026590245,-3.7683031869073513,6.983240223463749,0.8636363636363636,2.3770735579820013,2.664478360664413,True,K线收盘代理；达到描述性样本门槛,0.0,0.0,0.0,0.0
SKHY,bybit|futures|SKHYUSDT::gateio|futures|SKHY_USDT,perp_perp,reference,7,after_market,240,5,1,240,1.0,2.0338216226165793,2.1157307459795938,2.1330722703716276,4.779759356253077,5.647411560958049,2.2041551943831235,-7.8390384112880795,11.075365223351952,0.8041666666666667,1.5864202438309327,3.175779398089107,True,K线收盘代理；达到描述性样本门槛,0.004166666666666667,0.0,0.0,0.0
SKHY,bybit|futures|SKHYUSDT::gateio|futures|SKHY_USDT,perp_perp,reference,7,overnight,479,5,1,480,0.9979166666666667,2.057048923834813,2.1242697822621004,2.1299254526097045,4.678461912447585,5.29908201661633,2.042894936260914,-5.312367190821732,12.17962296123698,0.8434237995824635,2.094569827721937,2.6269585384719463,True,K线收盘代理；达到描述性样本门槛,0.0020876826722338203,0.0,0.0,0.0
SKHY,bybit|futures|SKHYUSDT::gateio|futures|SKHY_USDT,perp_perp,reference,7,weekend,568,2,2,576,0.9861111111111112,1.6967073681020626,1.6067268584651906,2.08970045907364,4.183181605185604,4.8311771968445605,1.9902851862163367,-7.425873866229171,8.507018290089263,0.801056338028169,1.7125368684417497,1.998550230730145,True,K线收盘代理；达到描述性样本门槛,0.0,0.0,0.0,0.0
SKHY,bybit|futures|SKHYUSDT::gateio|futures|SKHY_USDT,perp_perp,reference,7,holiday,0,0,0,0,0,,,,,,,,,,,,False,样本不足 / 仅事件观察,,,,
SKHY,bybit|futures|SKHYUSDT::gateio|futures|SKHY_USDT,perp_perp,reference,30,all,8622,30,5,8640,0.9979166666666667,5.012391373837343,4.84118232780828,4.851882803601493,9.2902266815309,10.659009901953342,3.4000530562751545,-8.054123711340733,21.614748887475166,0.9330781721178381,2.878373456973171,6.892398157400392,True,K线收盘代理；达到描述性样本门槛,0.06866156344235676,0.0,0.0,0.0
SKHY,bybit|futures|SKHYUSDT::gateio|futures|SKHY_USDT,perp_perp,reference,30,regular,1560,20,5,1560,1.0,5.532093468847015,5.180722557056594,5.180722557056594,10.386500119545339,12.109495405013048,3.648084968603962,-4.267349442578228,18.275967103258406,0.9378205128205128,3.2450545725443147,8.005667960241103,True,K线收盘代理；达到描述性样本门槛,0.11217948717948718,0.0,0.0,0.0
SKHY,bybit|futures|SKHYUSDT::gateio|futures|SKHY_USDT,perp_perp,reference,30,non_regular,7062,30,5,7080,0.997457627118644,4.897588871966048,4.799872034131347,4.809876282727554,9.08260361079738,10.258689971620715,3.3318685133422714,-8.054123711340733,21.614748887475166,0.9320305862361937,2.7172037675787797,6.817502911074802,True,K线收盘代理；达到描述性样本门槛,0.059048428207306713,0.0,0.0,0.0
SKHY,bybit|futures|SKHYUSDT::gateio|futures|SKHY_USDT,perp_perp,reference,30,pre_market,1320,20,5,1320,1.0,4.675537161145579,4.566992124386271,4.566992124386271,8.726766748122785,9.912276469970282,3.1177807181793074,-4.4239398344181335,13.64171885657628,0.9227272727272727,2.65637482337322,6.82287456567926,True,K线收盘代理；达到描述性样本门槛,0.03939393939393939,0.0,0.0,0.0
SKHY,bybit|futures|SKHYUSDT::gateio|futures|SKHY_USDT,perp_perp,reference,30,after_market,960,20,5,960,1.0,4.789342901383856,4.364328020217689,4.366233677032261,9.750986119629435,11.56375442473112,3.475320898047794,-7.8390384112880795,15.798748253024186,0.93125,3.086357936162021,5.6274312409115845,True,K线收盘代理；达到描述性样本门槛,0.09166666666666666,0.0,0.0,0.0
SKHY,bybit|futures|SKHYUSDT::gateio|futures|SKHY_USDT,perp_perp,reference,30,overnight,1919,20,5,1920,0.9994791666666667,5.235646656334654,4.883872368135478,4.895028826279457,9.758718566548197,11.505250270342327,3.634067843906578,-8.054123711340733,20.076656324146125,0.9379885356956749,3.1604210042833483,7.239725127725638,True,K线收盘代理；达到描述性样本门槛,0.08858780614903596,0.0,0.0,0.0
SKHY,bybit|futures|SKHYUSDT::gateio|futures|SKHY_USDT,perp_perp,reference,30,weekend,2575,9,5,2592,0.9934413580246914,4.816094066239075,4.841312533621078,4.857250796048707,8.54523481848446,9.626928320832784,3.1580000070289946,-7.425873866229171,21.614748887475166,0.9316504854368932,2.6874496103190815,6.729680958240669,True,K线收盘代理；达到描述性样本门槛,0.038834951456310676,0.0,0.0,0.0
SKHY,bybit|futures|SKHYUSDT::gateio|futures|SKHY_USDT,perp_perp,reference,30,holiday,288,1,1,288,1.0,4.7522438253880015,5.000833472246224,5.01029900994765,7.77639548890896,8.3576168770223,3.0215978660432827,-7.1621398270060865,16.716817118018756,0.9409722222222222,5.01029900994765,5.01029900994765,False,样本不足 / 仅事件观察,0.024305555555555556,0.0,0.0,0.0
SKHY,bybit|futures|SKHYUSDT::okx|futures|SKHY-USDT-SWAP,perp_perp,reference,7,all,2002,7,2,2016,0.9930555555555556,0.11428969365002493,0.0,1.5651493423973761,3.231870654877511,4.107524770226689,2.084928638601668,-8.505661580990864,8.26617069642488,0.466033966033966,1.0655692093131108,1.5926703773622153,True,K线收盘代理；达到描述性样本门槛,0.0,0.0,0.0,0.0
SKHY,bybit|futures|SKHYUSDT::okx|futures|SKHY-USDT-SWAP,perp_perp,reference,7,regular,390,5,1,390,1.0,0.5232174921657444,0.5267320525781383,1.5608400771727204,3.5971533662575443,4.228171646040668,2.084426766883043,-5.392870625033908,8.26617069642488,0.5384615384615384,1.0574457582906982,1.6045786552298935,True,K线收盘代理；达到描述性样本门槛,0.0,0.0,0.0,0.0
SKHY,bybit|futures|SKHYUSDT::okx|futures|SKHY-USDT-SWAP,perp_perp,reference,7,non_regular,1612,7,2,1626,0.991389913899139,0.015355548847834752,0.0,1.5652310030733751,3.227680592092219,4.083790537208642,2.0729661807567155,-8.505661580990864,7.939868727504518,0.4485111662531017,1.0656951834134287,1.6010832113752538,True,K线收盘代理；达到描述性样本门槛,0.0,0.0,0.0,0.0
SKHY,bybit|futures|SKHYUSDT::okx|futures|SKHY-USDT-SWAP,perp_perp,reference,7,pre_market,330,5,1,330,1.0,-1.0020215580622691,-1.0505581271114117,1.578698454411387,3.2280988455728465,3.7657995707663927,1.8094068672920216,-6.311803071744615,3.1680658957711216,0.23939393939393938,1.0514417960921785,2.112490103595155,True,K线收盘代理；达到描述性样本门槛,0.0,0.0,0.0,0.0
SKHY,bybit|futures|SKHYUSDT::okx|futures|SKHY-USDT-SWAP,perp_perp,reference,7,after_market,240,5,1,240,1.0,0.735059721999054,0.5298855685276216,1.6092694102187721,3.723965719652056,4.24563125556543,2.2264903615402813,-3.753955059794256,7.3808519611962,0.5708333333333333,1.057557571528811,2.5666033571170033,True,K线收盘代理；达到描述性样本门槛,0.0,0.0,0.0,0.0
SKHY,bybit|futures|SKHYUSDT::okx|futures|SKHY-USDT-SWAP,perp_perp,reference,7,overnight,479,5,1,480,0.9979166666666667,0.10345469350390708,0.0,1.588730604247246,3.6816866902302787,4.170338986288602,2.2642778267918606,-8.505661580990864,7.939868727504518,0.4968684759916493,1.0645942632997452,1.6030779278963792,True,K线收盘代理；达到描述性样本门槛,0.0,0.0,0.0,0.0
SKHY,bybit|futures|SKHYUSDT::okx|futures|SKHY-USDT-SWAP,perp_perp,reference,7,weekend,563,2,2,576,0.9774305555555556,0.22993095459167673,0.0,1.0683760683760646,2.68814313948873,3.6589445549078947,1.740535673644743,-5.376922249703542,5.9136605558851585,0.477797513321492,1.0526720786122046,1.0662942256897678,True,K线收盘代理；达到描述性样本门槛,0.0,0.0,0.0,0.0
SKHY,bybit|futures|SKHYUSDT::okx|futures|SKHY-USDT-SWAP,perp_perp,reference,7,holiday,0,0,0,0,0,,,,,,,,,,,,False,样本不足 / 仅事件观察,,,,
SKHY,bybit|futures|SKHYUSDT::okx|futures|SKHY-USDT-SWAP,perp_perp,reference,30,all,8610,30,5,8640,0.9965277777777778,0.09154876772524234,0.0,1.2525050100198332,3.6479264687276918,4.299122176063874,2.193530720995304,-14.002927884922967,8.521970705726023,0.47317073170731705,1.1572978226673247,1.6808727223129039,True,K线收盘代理；达到描述性样本门槛,0.0004645760743321719,0.0,0.0,0.0
SKHY,bybit|futures|SKHYUSDT::okx|futures|SKHY-USDT-SWAP,perp_perp,reference,30,regular,1560,20,5,1560,1.0,0.399358496413453,0.5270648128641309,1.520125626851554,3.709658625307367,4.46234377995508,2.210231451080522,-9.272997032639951,8.521970705726023,0.5217948717948718,1.0906835593843534,1.621821641464155,True,K线收盘代理；达到描述性样本门槛,0.0,0.0,0.0,0.0
SKHY,bybit|futures|SKHYUSDT::okx|futures|SKHY-USDT-SWAP,perp_perp,reference,30,non_regular,7050,30,5,7080,0.9957627118644068,0.023437678824021254,0.0,1.2512121423396971,3.6117218138602727,4.2863725987977155,2.1839639716832586,-14.002927884922967,7.973210014351473,0.4624113475177305,1.1196723099862749,1.6855694933470833,True,K线收盘代理；达到描述性样本门槛,0.0005673758865248227,0.0,0.0,0.0
SKHY,bybit|futures|SKHYUSDT::okx|futures|SKHY-USDT-SWAP,perp_perp,reference,30,pre_market,1320,20,5,1320,1.0,-0.44114199691095207,-0.5247691015952682,1.2423132063288378,3.305860620410607,4.207792808585408,2.0070958113990143,-8.203963145273496,6.274312962730733,0.3568181818181818,1.0682593313494915,1.5956355437771186,True,K线收盘代理；达到描述性样本门槛,0.0,0.0,0.0,0.0
SKHY,bybit|futures|SKHYUSDT::okx|futures|SKHY-USDT-SWAP,perp_perp,reference,30,after_market,960,20,5,960,1.0,0.18668188858032378,0.0,1.568012545171138,3.6511453204655098,4.24563125556543,2.170917261034032,-6.8011788710042875,7.3808519611962,0.48333333333333334,1.0642539567826126,1.9831072819953555,True,K线收盘代理；达到描述性样本门槛,0.0,0.0,0.0,0.0
SKHY,bybit|futures|SKHYUSDT::okx|futures|SKHY-USDT-SWAP,perp_perp,reference,30,overnight,1919,20,5,1920,0.9994791666666667,0.17225485876288124,0.0,1.596508967058874,3.6326276207026,4.251755724508199,2.2290956390428964,-11.80827652836669,7.973210014351473,0.4940072954663887,1.2519393602967999,1.7515912352858432,True,K线收盘代理；达到描述性样本门槛,0.0005211047420531526,0.0,0.0,0.0
SKHY,bybit|futures|SKHYUSDT::okx|futures|SKHY-USDT-SWAP,perp_perp,reference,30,weekend,2563,9,5,2592,0.9888117283950617,0.08627111335817518,0.0,1.2198097096860483,3.409749626576808,4.301745972265625,2.18323427238576,-14.002927884922967,7.604975827040228,0.47873585641825983,1.0523546435159403,1.611776715200186,True,K线收盘代理；达到描述性样本门槛,0.0011705033164260631,0.0,0.0,0.0
SKHY,bybit|futures|SKHYUSDT::okx|futures|SKHY-USDT-SWAP,perp_perp,reference,30,holiday,288,1,1,288,1.0,0.05784208712404031,0.5506001808741612,1.6522099321270023,3.8633330544314286,4.922352924393412,2.407458847095844,-8.259911894273886,7.868262799977099,0.5208333333333334,1.6522099321270023,1.6522099321270023,False,样本不足 / 仅事件观察,0.0,0.0,0.0,0.0
SKHY,gateio|futures|SKHY_USDT::okx|futures|SKHY-USDT-SWAP,perp_perp,reference,7,all,2010,7,2,2016,0.9970238095238095,-1.9454025420847918,-2.08719247802136,2.1091484371849045,4.752174130391751,5.366879971908989,2.1318511167944667,-10.10047312742679,7.962628729165644,0.13333333333333333,1.590300943744849,2.368139353794707,True,K线收盘代理；达到描述性样本门槛,0.0004975124378109452,0.0,0.0,0.0
SKHY,gateio|futures|SKHY_USDT::okx|futures|SKHY-USDT-SWAP,perp_perp,reference,7,regular,390,5,1,390,1.0,-1.9054449597873861,-2.0918316787105207,2.1369805442189582,4.265540996963858,5.370275337331086,2.145620131313885,-8.61048326337266,5.851063829787062,0.1641025641025641,2.0665960593474475,2.3619700251892306,True,K线收盘代理；达到描述性样本门槛,0.0,0.0,0.0,0.0
SKHY,gateio|futures|SKHY_USDT::okx|futures|SKHY-USDT-SWAP,perp_perp,reference,7,non_regular,1620,7,2,1626,0.996309963099631,-1.9550219600452783,-2.08452827893002,2.096216329524614,4.769021678962094,5.366303916269133,2.1284110223153996,-10.10047312742679,7.962628729165644,0.1259259259259259,1.584723659397158,2.3782933372804016,True,K线收盘代理；达到描述性样本门槛,0.0006172839506172839,0.0,0.0,0.0
SKHY,gateio|futures|SKHY_USDT::okx|futures|SKHY-USDT-SWAP,perp_perp,reference,7,pre_market,330,5,1,330,1.0,-3.2639855008689165,-3.6713611903321786,3.6738661215302004,5.7544362107102565,6.162686268674171,1.9722504274385229,-8.414409676571477,4.187604690117919,0.03636363636363636,3.160972545620533,4.222416411255869,True,K线收盘代理；达到描述性样本门槛,0.0,0.0,0.0,0.0
SKHY,gateio|futures|SKHY_USDT::okx|futures|SKHY-USDT-SWAP,perp_perp,reference,7,after_market,240,5,1,240,1.0,-1.2983571583883209,-1.0556047379944866,1.060136246122112,3.709417468924503,4.290740591206044,1.706656177317638,-8.054988723016354,6.798452044765035,0.13333333333333333,1.026009360987068,1.325280040320731,True,K线收盘代理；达到描述性样本门槛,0.0,0.0,0.0,0.0
SKHY,gateio|futures|SKHY_USDT::okx|futures|SKHY-USDT-SWAP,perp_perp,reference,7,overnight,480,5,1,480,1.0,-1.9532719979988498,-2.079817069098877,2.1212305772994045,4.797441487342069,5.70703773832737,2.254556350762813,-10.10047312742679,4.824443848832072,0.15208333333333332,1.5531583741495991,2.619928894214696,True,K线收盘代理；达到描述性样本门槛,0.0020833333333333333,0.0,0.0,0.0
SKHY,gateio|futures|SKHY_USDT::okx|futures|SKHY-USDT-SWAP,perp_perp,reference,7,weekend,570,2,2,576,0.9895833333333334,-1.4751650577788835,-1.570639513130967,1.6120365441496531,3.753653327540629,4.68732922107401,1.9267914037703668,-8.541533205209673,7.962628729165644,0.15263157894736842,1.7071753431752157,1.9803292335462963,True,K线收盘代理；达到描述性样本门槛,0.0,0.0,0.0,0.0
SKHY,gateio|futures|SKHY_USDT::okx|futures|SKHY-USDT-SWAP,perp_perp,reference,7,holiday,0,0,0,0,0,,,,,,,,,,,,False,样本不足 / 仅事件观察,,,,
SKHY,gateio|futures|SKHY_USDT::okx|futures|SKHY-USDT-SWAP,perp_perp,reference,30,all,8623,30,5,8640,0.9980324074074074,-4.917597314579664,-4.940406348422632,4.9407114624511195,8.788993913220855,10.018660262574915,3.2130584455520146,-21.56812991626289,7.962628729165644,0.04522787892844718,2.9581659775720914,6.433341226738526,True,K线收盘代理；达到描述性样本门槛,0.05033051142293865,0.0,0.0,0.0
SKHY,gateio|futures|SKHY_USDT::okx|futures|SKHY-USDT-SWAP,perp_perp,reference,30,regular,1560,20,5,1560,1.0,-5.128935022146596,-5.010299708692045,5.014766960110273,9.294025915855153,10.59775320381362,3.2910836842206366,-15.772041427896122,5.851063829787062,0.04487179487179487,3.3420151132729226,7.169797434256053,True,K线收盘代理；达到描述性样本门槛,0.06282051282051282,0.0,0.0,0.0
SKHY,gateio|futures|SKHY_USDT::okx|futures|SKHY-USDT-SWAP,perp_perp,reference,30,non_regular,7063,30,5,7080,0.9975988700564972,-4.870919299033237,-4.936443292608006,4.938576455337795,8.705385036989588,9.94319952829603,3.1936832264740063,-21.56812991626289,7.962628729165644,0.04530652697154184,2.9528550948051957,6.4399835436379504,True,K线收盘代理；达到描述性样本门槛,0.04757185332011893,0.0,0.0,0.0
SKHY,gateio|futures|SKHY_USDT::okx|futures|SKHY-USDT-SWAP,perp_perp,reference,30,pre_market,1320,20,5,1320,1.0,-5.113595330597877,-5.0410284686319695,5.0410284686319695,8.7404402202651,9.691074508422043,2.858096304796606,-14.241486068110598,4.187604690117919,0.026515151515151516,3.5723551596618384,6.959852256856191,True,K线收盘代理；达到描述性样本门槛,0.03636363636363636,0.0,0.0,0.0
SKHY,gateio|futures|SKHY_USDT::okx|futures|SKHY-USDT-SWAP,perp_perp,reference,30,after_market,960,20,5,960,1.0,-4.5995199677323075,-4.310693291577072,4.312668914803197,9.1156063027239,10.955069049920496,3.3762688615635814,-14.63146985307584,6.798452044765035,0.03854166666666667,2.6596973596795803,6.22881777326445,True,K线收盘代理；达到描述性样本门槛,0.078125,0.0,0.0,0.0
SKHY,gateio|futures|SKHY_USDT::okx|futures|SKHY-USDT-SWAP,perp_perp,reference,30,overnight,1920,20,5,1920,1.0,-5.058244830073286,-5.0374668735747585,5.0374668735747585,9.140768130143751,10.53427467707596,3.285103423404462,-17.07108889159814,4.824443848832072,0.04791666666666667,3.1566553354554774,6.851532918256964,True,K线收盘代理；达到描述性样本门槛,0.06302083333333333,0.0,0.0,0.0
SKHY,gateio|futures|SKHY_USDT::okx|futures|SKHY-USDT-SWAP,perp_perp,reference,30,weekend,2575,9,5,2592,0.9934413580246914,-4.728064604306382,-4.941253980452753,4.94223759807344,8.523550573939609,9.598979184790467,3.285482845352611,-21.56812991626289,7.962628729165644,0.058640776699029125,2.1169061787318366,6.508153331694633,True,K线收盘代理；达到描述性样本门槛,0.03495145631067961,0.0,0.0,0.0
SKHY,gateio|futures|SKHY_USDT::okx|futures|SKHY-USDT-SWAP,perp_perp,reference,30,holiday,288,1,1,288,1.0,-4.6917415757982575,-4.961139578340545,4.961139578340545,7.161510023556139,7.910091818078277,2.2975592412129076,-14.466948586689954,3.8725381721627095,0.017361111111111112,4.961139578340545,4.961139578340545,False,样本不足 / 仅事件观察,0.006944444444444444,0.0,0.0,0.0
SKHY,okx|futures|SKHY-USDT-SWAP::okx|spot|XSKHY-USDT,spot_perp,reference,7,all,1557,7,2,2016,0.7723214285714286,-1.6546511079802249,-1.5694480774264274,3.135779241141279,8.844953317445281,11.362460010889462,5.3346916521427845,-32.41321622752036,27.045300878971723,0.33204881181759793,2.1312373430038,3.703423447656007,True,K线收盘代理；达到描述性样本门槛,0.07321772639691715,0.0006422607578676942,0.0,0.0
SKHY,okx|futures|SKHY-USDT-SWAP::okx|spot|XSKHY-USDT,spot_perp,reference,7,regular,377,5,1,390,0.9666666666666667,-2.734650710639346,-3.102538911007313,3.737120281884776,10.607359206850083,14.334754828029705,6.263714849568999,-32.41321622752036,21.972273083965543,0.259946949602122,3.1972716615158436,4.289318240997542,True,K线收盘代理；达到描述性样本门槛,0.11405835543766578,0.002652519893899204,0.0,0.0
SKHY,okx|futures|SKHY-USDT-SWAP::okx|spot|XSKHY-USDT,spot_perp,reference,7,non_regular,1180,7,2,1626,0.7257072570725708,-1.3096003874696414,-1.0588173040421145,2.6669538805851323,8.341763165289342,10.501252461420751,4.952235748662138,-25.506137414315067,27.045300878971723,0.3550847457627119,1.859981607184591,3.524429166206211,True,K线收盘代理；达到描述性样本门槛,0.06016949152542373,0.0,0.0,0.0
SKHY,okx|futures|SKHY-USDT-SWAP::okx|spot|XSKHY-USDT,spot_perp,reference,7,pre_market,302,5,1,330,0.9151515151515152,-1.992482931957123,-2.108814992589081,3.137419027217647,9.665728175753953,11.859323358308803,5.608267172217533,-25.506137414315067,16.93300878399917,0.2814569536423841,2.370656439276697,3.150267772761284,True,K线收盘代理；达到描述性样本门槛,0.09271523178807947,0.0,0.0,0.0
SKHY,okx|futures|SKHY-USDT-SWAP::okx|spot|XSKHY-USDT,spot_perp,reference,7,after_market,160,5,1,240,0.6666666666666666,-2.0154753862472523,-1.59239895013763,2.6439638601472026,6.155083777315994,7.4949186191035455,3.498242908250566,-15.809873521012152,7.443641003828105,0.24375,2.637269898200234,3.0796078632655544,False,样本不足 / 仅事件观察,0.03125,0.0,0.0,0.0
SKHY,okx|futures|SKHY-USDT-SWAP::okx|spot|XSKHY-USDT,spot_perp,reference,7,overnight,375,5,1,480,0.78125,-2.283536908132812,-2.6642510790209073,3.751741880160253,9.39233843581877,11.781605757959612,5.575596608849599,-22.08525937339334,27.045300878971723,0.2826666666666667,3.191408657616801,4.253961501649028,True,K线收盘代理；达到描述性样本门槛,0.08533333333333333,0.0,0.0,0.0
SKHY,okx|futures|SKHY-USDT-SWAP::okx|spot|XSKHY-USDT,spot_perp,reference,7,weekend,343,2,2,576,0.5954861111111112,0.6857253369861201,0.5297451925612151,1.612296447573991,5.356894006443458,6.753075355549136,3.3645183817010387,-12.312633832977093,17.538265306122902,0.5510204081632653,1.7094392161695615,2.0025036344420433,False,样本不足 / 仅事件观察,0.01749271137026239,0.0,0.0,0.0
SKHY,okx|futures|SKHY-USDT-SWAP::okx|spot|XSKHY-USDT,spot_perp,reference,7,holiday,0,0,0,0,0,,,,,,,,,,,,False,样本不足 / 仅事件观察,,,,
SKHY,okx|futures|SKHY-USDT-SWAP::okx|spot|XSKHY-USDT,spot_perp,reference,30,all,7154,30,5,8640,0.8280092592592593,0.17029839932519042,0.0,3.345787106818765,9.470657207660713,11.787919645535935,5.891363655098638,-32.41321622752036,30.32140691328067,0.4897959183673469,2.621591966734671,4.1502869580416215,True,K线收盘代理；达到描述性样本门槛,0.08554654738607771,0.0002795638803466592,0.0,0.0
SKHY,okx|futures|SKHY-USDT-SWAP::okx|spot|XSKHY-USDT,spot_perp,reference,30,regular,1531,20,5,1560,0.9814102564102564,-1.093093740770843,-1.1532695190852316,3.237118964121155,9.915457676652473,12.8845658864285,6.144995081129659,-32.41321622752036,27.543150936468752,0.3866753755715219,2.995964710135468,3.693529395002587,True,K线收盘代理；达到描述性样本门槛,0.09601567602873938,0.0006531678641410843,0.0,0.0
SKHY,okx|futures|SKHY-USDT-SWAP::okx|spot|XSKHY-USDT,spot_perp,reference,30,non_regular,5623,30,5,7080,0.7942090395480226,0.5142879718820155,0.5365958360159517,3.3639829558196332,9.375137870181405,11.631419963462175,5.7726981238452595,-26.30989699955233,30.32140691328067,0.5178730215187622,2.5887431118959414,4.34615826159987,True,K线收盘代理；达到描述性样本门槛,0.08269606971367598,0.00017784101013693757,0.0,0.0
SKHY,okx|futures|SKHY-USDT-SWAP::okx|spot|XSKHY-USDT,spot_perp,reference,30,pre_market,1235,20,5,1320,0.9356060606060606,-0.5846956614398522,-1.0481630941783227,3.789074834228412,9.655200925309254,12.166851081253473,6.164212689466844,-26.29107981220624,28.36235747915472,0.41295546558704455,2.623642573617996,4.538650806209521,True,K线收盘代理；达到描述性样本门槛,0.09392712550607288,0.0,0.0,0.0
SKHY,okx|futures|SKHY-USDT-SWAP::okx|spot|XSKHY-USDT,spot_perp,reference,30,after_market,755,20,5,960,0.7864583333333334,-0.7647473915044015,-0.6259780907658108,2.6649610915685518,7.450189929829598,9.175953553654413,4.37919273036913,-18.230432668936423,17.377138202552267,0.39602649006622515,2.1526855110062804,3.076175028547401,True,K线收盘代理；达到描述性样本门槛,0.03576158940397351,0.0,0.0,0.0
SKHY,okx|futures|SKHY-USDT-SWAP::okx|spot|XSKHY-USDT,spot_perp,reference,30,overnight,1649,20,5,1920,0.8588541666666667,-0.4753281583984907,-0.5293806246697841,3.899721448467064,10.983420891612194,13.44454117430338,6.638729862194312,-26.30989699955233,30.32140691328067,0.44451182534869615,3.1787734748384144,4.555698358983951,True,K线收盘代理；达到描述性样本门槛,0.12371134020618557,0.0006064281382656155,0.0,0.0
SKHY,okx|futures|SKHY-USDT-SWAP::okx|spot|XSKHY-USDT,spot_perp,reference,30,weekend,1707,9,5,2592,0.6585648148148148,1.890508716997751,1.611170784103777,2.6834111522577864,7.951744573602149,9.625565508452727,4.3355464390953085,-18.73691171608072,21.535063500828233,0.6461628588166374,2.1439674116952023,2.689907467182673,False,样本不足 / 仅事件观察,0.043350908025776215,0.0,0.0,0.0
SKHY,okx|futures|SKHY-USDT-SWAP::okx|spot|XSKHY-USDT,spot_perp,reference,30,holiday,277,1,1,288,0.9618055555555556,6.310622532998425,6.142506142505777,6.165573678607039,11.57114263247161,12.86617267768308,3.9544970726112108,-15.977961432506183,17.275006965729034,0.9638989169675091,6.165573678607039,6.165573678607039,False,样本不足 / 仅事件观察,0.1588447653429603,0.0,0.0,0.0
SKHY,gateio|futures|SKHY_USDT::gateio|spot|SKHYON_USDT,spot_perp,reference,7,all,996,7,2,2016,0.49404761904761907,-3.814386690278329,-2.656324776607044,10.607266096540059,26.333810921157497,33.02440169770409,15.93636234187218,-59.350270720534006,51.97836002970302,0.41365461847389556,9.728749853894769,12.675211087368465,False,样本不足 / 仅事件观察,0.5220883534136547,0.06726907630522089,0.01104417670682731,0.0
SKHY,gateio|futures|SKHY_USDT::gateio|spot|SKHYON_USDT,spot_perp,reference,7,regular,270,5,1,390,0.6923076923076923,-4.749890862953652,-3.7550678157144413,11.89860476782323,29.47467484723487,36.005920762832915,17.961510282474656,-51.66890565257876,51.97836002970302,0.3888888888888889,10.563284393421135,12.612991381123484,False,样本不足 / 仅事件观察,0.5851851851851851,0.0962962962962963,0.018518518518518517,0.0
SKHY,gateio|futures|SKHY_USDT::gateio|spot|SKHYON_USDT,spot_perp,reference,7,non_regular,726,7,2,1626,0.44649446494464945,-3.4664719153164323,-2.1452903051077943,9.966987232158942,24.13943687803677,31.124562518596576,15.099364204612677,-59.350270720534006,37.89293910444691,0.4228650137741047,8.94014851436864,13.388140660396397,False,样本不足 / 仅事件观察,0.4986225895316804,0.05647382920110193,0.008264462809917356,0.0
SKHY,gateio|futures|SKHY_USDT::gateio|spot|SKHYON_USDT,spot_perp,reference,7,pre_market,197,5,1,330,0.5969696969696969,-3.681162075644195,-1.5852885225109414,8.89679715302405,25.819861662855548,30.500961150872637,14.860349316450202,-52.19543693499751,37.89293910444691,0.40609137055837563,6.819707643918038,13.237292386446553,False,样本不足 / 仅事件观察,0.4619289340101523,0.06598984771573604,0.005076142131979695,0.0
SKHY,gateio|futures|SKHY_USDT::gateio|spot|SKHYON_USDT,spot_perp,reference,7,after_market,150,5,1,240,0.625,2.7216149355644794,5.699810878568856,9.587724798143515,18.59333168599275,20.582754324043325,11.544908018831762,-27.104428761378642,27.32958427497767,0.6266666666666667,9.26657168173195,10.987286140324848,False,样本不足 / 仅事件观察,0.48,0.0,0.0,0.0
SKHY,gateio|futures|SKHY_USDT::gateio|spot|SKHYON_USDT,spot_perp,reference,7,overnight,295,5,1,480,0.6145833333333334,-5.727696782379516,-5.343307507347239,9.852727649865,24.92884736676106,28.932068747085875,13.78427704899179,-52.372473028176046,32.328709980184996,0.31864406779661014,7.971091508131023,9.886564678946996,False,样本不足 / 仅事件观察,0.4915254237288136,0.04406779661016949,0.003389830508474576,0.0
SKHY,gateio|futures|SKHY_USDT::gateio|spot|SKHYON_USDT,spot_perp,reference,7,weekend,84,2,2,576,0.14583333333333334,-6.071921085125453,-2.620797159985644,13.878554701262091,37.42507167057563,45.223586634315744,21.3088626770054,-59.350270720534006,32.542011202987275,0.4642857142857143,14.343376799560993,16.62121474876044,False,样本不足 / 仅事件观察,0.6428571428571429,0.17857142857142858,0.047619047619047616,0.0
SKHY,gateio|futures|SKHY_USDT::gateio|spot|SKHYON_USDT,spot_perp,reference,7,holiday,0,0,0,0,0,,,,,,,,,,,,False,样本不足 / 仅事件观察,,,,
SKHY,gateio|futures|SKHY_USDT::gateio|spot|SKHYON_USDT,spot_perp,reference,30,all,4141,30,5,8640,0.4792824074074074,-4.840493814269743,-4.779607010090281,11.416145691762747,29.383481141148636,36.61279355614777,17.893643378506926,-110.83821399332395,136.95324283559574,0.3718908476213475,11.063971286848219,13.500392661166815,False,样本不足 / 仅事件观察,0.5583192465588023,0.09321419946872736,0.014972228930210094,0.0007244626901714562
SKHY,gateio|futures|SKHY_USDT::gateio|spot|SKHYON_USDT,spot_perp,reference,30,regular,1093,20,5,1560,0.7006410256410256,-5.269653569566065,-4.924289055768805,12.003285109608575,31.737550943370607,39.76685193643869,19.152403160101766,-69.43724738314839,136.95324283559574,0.3613906678865508,10.668996696903271,13.131325396953802,True,K线收盘代理；达到描述性样本门槛,0.5782250686184812,0.11436413540713632,0.0192131747483989,0.0009149130832570906
SKHY,gateio|futures|SKHY_USDT::gateio|spot|SKHYON_USDT,spot_perp,reference,30,non_regular,3048,30,5,7080,0.43050847457627117,-4.686598928266172,-4.75690978580412,11.278801257089688,28.508826931233486,35.249320872883466,17.417539393402464,-110.83821399332395,71.42053762231538,0.37565616797900264,10.150620032040036,13.479982078113961,False,样本不足 / 仅事件观察,0.5511811023622047,0.08562992125984252,0.013451443569553806,0.0006561679790026247
SKHY,gateio|futures|SKHY_USDT::gateio|spot|SKHYON_USDT,spot_perp,reference,30,pre_market,820,20,5,1320,0.6212121212121212,-4.957312489375073,-4.473726707370229,10.215686803628499,25.676819402752905,30.522091765539717,15.356065026498884,-81.8322182192488,71.42053762231538,0.35853658536585364,8.624780487895556,11.943184134474427,False,样本不足 / 仅事件观察,0.5048780487804878,0.05731707317073171,0.007317073170731708,0.0
SKHY,gateio|futures|SKHY_USDT::gateio|spot|SKHYON_USDT,spot_perp,reference,30,after_market,608,20,5,960,0.6333333333333333,-4.619812760864644,-5.664751682191715,10.577413526544621,21.26377518968526,25.943218195171195,12.876455003573902,-41.70008019246163,36.60070913873881,0.3569078947368421,9.096024247504802,11.878268896488713,False,样本不足 / 仅事件观察,0.5263157894736842,0.027960526315789474,0.0,0.0
SKHY,gateio|futures|SKHY_USDT::gateio|spot|SKHYON_USDT,spot_perp,reference,30,overnight,1151,20,5,1920,0.5994791666666667,-5.657971000384054,-5.862914401449926,11.200089600715835,28.813830638706463,35.32002208890938,16.672539975465234,-85.69242540168331,58.95357406042745,0.34057341442224154,9.583434647453398,13.481561909886864,False,样本不足 / 仅事件观察,0.5516941789748045,0.08514335360556038,0.006081668114682885,0.0
SKHY,gateio|futures|SKHY_USDT::gateio|spot|SKHYON_USDT,spot_perp,reference,30,weekend,410,9,5,2592,0.15817901234567902,-2.7057903153046907,0.5444679616306569,14.939434491146875,41.89133797961631,52.462281263199344,25.601487919755915,-110.83821399332395,67.07657909446718,0.5024390243902439,13.204457824961269,18.72659176029967,False,样本不足 / 仅事件观察,0.6634146341463415,0.2097560975609756,0.06097560975609756,0.004878048780487805
SKHY,gateio|futures|SKHY_USDT::gateio|spot|SKHYON_USDT,spot_perp,reference,30,holiday,59,1,1,288,0.2048611111111111,3.572669783982016,4.957312035249739,18.28841912753454,41.92215235160047,45.54197723763413,24.3713184881595,-57.079523413687824,57.503349709691065,0.6101694915254238,18.28841912753454,18.28841912753454,False,样本不足 / 仅事件观察,0.6610169491525424,0.22033898305084745,0.05084745762711865,0.0
SKHY,gateio|futures|SKHY_USDT::gateio|spot|SKHYG_USDT,spot_perp,reference,7,all,1624,7,2,2016,0.8055555555555556,-4.470607205582259,-4.698757439699497,4.829103396469803,11.708169418751524,14.901637720247772,6.254217366536346,-37.29410545944223,37.27766535307264,0.14716748768472906,4.201758657387811,5.588898082298788,True,K线收盘代理；达到描述性样本门槛,0.145935960591133,0.003078817733990148,0.0,0.0
SKHY,gateio|futures|SKHY_USDT::gateio|spot|SKHYG_USDT,spot_perp,reference,7,regular,386,5,1,390,0.9897435897435898,-3.7714921913184485,-4.193018766052714,5.22398464923246,14.43128449487463,19.788704847884254,8.258918390362187,-29.81101943039688,37.27766535307264,0.21761658031088082,4.787494670374093,5.778531278799459,True,K线收盘代理；达到描述性样本门槛,0.21761658031088082,0.0025906735751295338,0.0,0.0
SKHY,gateio|futures|SKHY_USDT::gateio|spot|SKHYG_USDT,spot_perp,reference,7,non_regular,1238,7,2,1626,0.7613776137761378,-4.688586523438342,-4.71438728339324,4.806280291805298,10.742818809428844,13.294698948939113,5.462953429252714,-37.29410545944223,19.2864030858253,0.12520193861066237,3.9506662260196945,5.599624211767851,True,K线收盘代理；达到描述性样本门槛,0.12358642972536349,0.0032310177705977385,0.0,0.0
SKHY,gateio|futures|SKHY_USDT::gateio|spot|SKHYG_USDT,spot_perp,reference,7,pre_market,326,5,1,330,0.9878787878787879,-5.323093897093878,-5.31333277549062,5.797407380552788,12.390330521956926,15.077158876353192,6.188284677958788,-32.677987893072746,16.902598774561906,0.13496932515337423,5.5104640975334185,7.481829841813337,True,K线收盘代理；达到描述性样本门槛,0.17791411042944785,0.003067484662576687,0.0,0.0
SKHY,gateio|futures|SKHY_USDT::gateio|spot|SKHYG_USDT,spot_perp,reference,7,after_market,238,5,1,240,0.9916666666666667,-3.5363025279551676,-4.103195633242129,4.192452969475902,7.418954315948412,8.491881075963768,3.7455088586047602,-16.92763436309752,17.326472750183175,0.12184873949579832,3.175557710982102,4.861139992555774,True,K线收盘代理；达到描述性样本门槛,0.029411764705882353,0.0,0.0,0.0
SKHY,gateio|futures|SKHY_USDT::gateio|spot|SKHYG_USDT,spot_perp,reference,7,overnight,473,5,1,480,0.9854166666666667,-5.0661228050925615,-4.799744013652685,5.262050094716475,10.936280836284952,13.616148113541275,5.833232778280549,-37.29410545944223,19.2864030858253,0.11416490486257928,4.143145683360716,6.306047032222928,True,K线收盘代理；达到描述性样本门槛,0.13953488372093023,0.006342494714587738,0.0,0.0
SKHY,gateio|futures|SKHY_USDT::gateio|spot|SKHYG_USDT,spot_perp,reference,7,weekend,201,2,2,576,0.3489583333333333,-4.135449836328118,-3.7533512064336083,4.191554018653232,10.43079169709027,11.684104307185805,4.706803940146052,-22.289444355995116,16.511318242342643,0.13930348258706468,4.196116228104286,4.221022884805247,False,样本不足 / 仅事件观察,0.10945273631840796,0.0,0.0,0.0
SKHY,gateio|futures|SKHY_USDT::gateio|spot|SKHYG_USDT,spot_perp,reference,7,holiday,0,0,0,0,0,,,,,,,,,,,,False,样本不足 / 仅事件观察,,,,
SKHY,gateio|futures|SKHY_USDT::gateio|spot|SKHYG_USDT,spot_perp,reference,30,all,6771,30,5,8640,0.7836805555555556,-5.707122402916924,-5.856671281012638,6.725771935188751,15.36381514257612,19.309411043998416,8.004577156937993,-61.95409303270338,37.27766535307264,0.1782602274405553,4.378369665947179,8.015266759045236,True,K线收盘代理；达到描述性样本门槛,0.2769162605228179,0.00664599025254763,0.0002953773445576724,0.0
SKHY,gateio|futures|SKHY_USDT::gateio|spot|SKHYG_USDT,spot_perp,reference,30,regular,1527,20,5,1560,0.9788461538461538,-6.1500574262977645,-6.2532569046380715,7.428960564601628,18.6376884651347,23.004408962560625,9.532467465211964,-50.88111193844558,37.27766535307264,0.18860510805500982,6.122849351663517,8.700380666317315,True,K线收盘代理；达到描述性样本门槛,0.3418467583497053,0.012442698100851343,0.0006548788474132286,0.0
SKHY,gateio|futures|SKHY_USDT::gateio|spot|SKHYG_USDT,spot_perp,reference,30,non_regular,5244,30,5,7080,0.7406779661016949,-5.578144183866095,-5.778525681567892,6.438286347417721,14.596689413218789,18.032524082803583,7.496475834050785,-61.95409303270338,33.92705682782049,0.17524790236460716,4.378369665947179,7.8713682741388125,True,K线收盘代理；达到描述性样本门槛,0.2580091533180778,0.004958047292143402,0.00019069412662090009,0.0
SKHY,gateio|futures|SKHY_USDT::gateio|spot|SKHYG_USDT,spot_perp,reference,30,pre_market,1294,20,5,1320,0.9803030303030303,-6.4427995833851135,-6.851341476465933,7.4171497716479795,15.534825310456691,18.713012664640704,7.540699091431094,-38.252778495734276,30.961434003258237,0.14760432766615147,5.892126375803969,8.426385626985471,True,K线收盘代理；达到描述性样本门槛,0.30139103554868624,0.005409582689335394,0.0,0.0
SKHY,gateio|futures|SKHY_USDT::gateio|spot|SKHYG_USDT,spot_perp,reference,30,after_market,939,20,5,960,0.978125,-6.118398291402675,-6.072259892723197,6.212583305095221,12.000474974141149,14.31853290156148,5.078211948721761,-32.35440517670551,26.582206888750015,0.08200212992545261,4.896718302837833,7.693343416779186,True,K线收盘代理；达到描述性样本门槛,0.18956336528221512,0.0010649627263045794,0.0,0.0
SKHY,gateio|futures|SKHY_USDT::gateio|spot|SKHYG_USDT,spot_perp,reference,30,overnight,1794,20,5,1920,0.934375,-6.56538612697857,-6.411799359836712,6.861990812058738,15.603205373428967,19.52293346609085,7.597253998131431,-61.95409303270338,33.92705682782049,0.13768115942028986,5.6324035571454765,8.12228769915324,True,K线收盘代理；达到描述性样本门槛,0.2954292084726867,0.006131549609810479,0.0005574136008918618,0.0
SKHY,gateio|futures|SKHY_USDT::gateio|spot|SKHYG_USDT,spot_perp,reference,30,weekend,949,9,5,2592,0.36612654320987653,-4.444070521803532,-4.41891294741481,5.685694791903728,13.941798281648325,17.631359777030113,7.793299469050277,-38.64183453693215,29.923528759836504,0.22339304531085352,4.233476213155729,7.858752030177607,False,样本不足 / 仅事件观察,0.2191780821917808,0.006322444678609062,0.0,0.0
SKHY,gateio|futures|SKHY_USDT::gateio|spot|SKHYG_USDT,spot_perp,reference,30,holiday,268,1,1,288,0.9305555555555556,3.082448482555046,2.226118013058942,3.869889888329925,11.433475486193005,15.673558339839502,6.523890611372325,-16.69089538577473,33.09400942338003,0.7164179104477612,3.869889888329925,3.869889888329925,False,样本不足 / 仅事件观察,0.17537313432835822,0.0037313432835820895,0.0,0.0
SKHY,bitget|futures|SKHYUSDT::bitget|spot|RSKHYUSDT,spot_perp,reference,7,all,0,0,0,2016,0.0,,,,,,,,,,,,False,样本不足 / 仅事件观察,,,,
SKHY,bitget|futures|SKHYUSDT::bitget|spot|RSKHYUSDT,spot_perp,reference,7,regular,0,0,0,390,0.0,,,,,,,,,,,,False,样本不足 / 仅事件观察,,,,
SKHY,bitget|futures|SKHYUSDT::bitget|spot|RSKHYUSDT,spot_perp,reference,7,non_regular,0,0,0,1626,0.0,,,,,,,,,,,,False,样本不足 / 仅事件观察,,,,
SKHY,bitget|futures|SKHYUSDT::bitget|spot|RSKHYUSDT,spot_perp,reference,7,pre_market,0,0,0,330,0.0,,,,,,,,,,,,False,样本不足 / 仅事件观察,,,,
SKHY,bitget|futures|SKHYUSDT::bitget|spot|RSKHYUSDT,spot_perp,reference,7,after_market,0,0,0,240,0.0,,,,,,,,,,,,False,样本不足 / 仅事件观察,,,,
SKHY,bitget|futures|SKHYUSDT::bitget|spot|RSKHYUSDT,spot_perp,reference,7,overnight,0,0,0,480,0.0,,,,,,,,,,,,False,样本不足 / 仅事件观察,,,,
SKHY,bitget|futures|SKHYUSDT::bitget|spot|RSKHYUSDT,spot_perp,reference,7,weekend,0,0,0,576,0.0,,,,,,,,,,,,False,样本不足 / 仅事件观察,,,,
SKHY,bitget|futures|SKHYUSDT::bitget|spot|RSKHYUSDT,spot_perp,reference,7,holiday,0,0,0,0,0,,,,,,,,,,,,False,样本不足 / 仅事件观察,,,,
SKHY,bitget|futures|SKHYUSDT::bitget|spot|RSKHYUSDT,spot_perp,reference,30,all,0,0,0,8640,0.0,,,,,,,,,,,,False,样本不足 / 仅事件观察,,,,
SKHY,bitget|futures|SKHYUSDT::bitget|spot|RSKHYUSDT,spot_perp,reference,30,regular,0,0,0,1560,0.0,,,,,,,,,,,,False,样本不足 / 仅事件观察,,,,
SKHY,bitget|futures|SKHYUSDT::bitget|spot|RSKHYUSDT,spot_perp,reference,30,non_regular,0,0,0,7080,0.0,,,,,,,,,,,,False,样本不足 / 仅事件观察,,,,
SKHY,bitget|futures|SKHYUSDT::bitget|spot|RSKHYUSDT,spot_perp,reference,30,pre_market,0,0,0,1320,0.0,,,,,,,,,,,,False,样本不足 / 仅事件观察,,,,
SKHY,bitget|futures|SKHYUSDT::bitget|spot|RSKHYUSDT,spot_perp,reference,30,after_market,0,0,0,960,0.0,,,,,,,,,,,,False,样本不足 / 仅事件观察,,,,
SKHY,bitget|futures|SKHYUSDT::bitget|spot|RSKHYUSDT,spot_perp,reference,30,overnight,0,0,0,1920,0.0,,,,,,,,,,,,False,样本不足 / 仅事件观察,,,,
SKHY,bitget|futures|SKHYUSDT::bitget|spot|RSKHYUSDT,spot_perp,reference,30,weekend,0,0,0,2592,0.0,,,,,,,,,,,,False,样本不足 / 仅事件观察,,,,
SKHY,bitget|futures|SKHYUSDT::bitget|spot|RSKHYUSDT,spot_perp,reference,30,holiday,0,0,0,288,0.0,,,,,,,,,,,,False,样本不足 / 仅事件观察,,,,
SKHY,binance|futures|SKHYUSDT::binance|spot|SKHYBUSDT,spot_perp,reference,7,all,1899,7,2,2016,0.9419642857142857,-3.5441932946157304,-3.6488740617179882,3.6593653614924726,6.965952618430471,8.31039399324973,2.8623899984666195,-17.03668210616072,9.936718790857224,0.07214323328067404,2.9165209844678186,3.7622141988361,True,K线收盘代理；达到描述性样本门槛,0.01790416008425487,0.0,0.0,0.0
SKHY,binance|futures|SKHYUSDT::binance|spot|SKHYBUSDT,spot_perp,reference,7,regular,390,5,1,390,1.0,-3.3060853764702354,-3.231888111250303,3.6225411748525005,7.026681769068293,8.358148838766843,3.2422573916026898,-15.133329854406519,9.936718790857224,0.1,3.0873066230263646,4.174493944920088,True,K线收盘代理；达到描述性样本门槛,0.023076923076923078,0.0,0.0,0.0
SKHY,binance|futures|SKHYUSDT::binance|spot|SKHYBUSDT,spot_perp,reference,7,non_regular,1509,7,2,1626,0.9280442804428044,-3.6057321203789794,-3.65630712979903,3.659556670848607,6.958199286699163,8.219720496371195,2.75236333053696,-17.03668210616072,8.139787280225796,0.06494367130550033,2.899659030711488,4.021378928236452,True,K线收盘代理；达到描述性样本门槛,0.01656726308813784,0.0,0.0,0.0
SKHY,binance|futures|SKHYUSDT::binance|spot|SKHYBUSDT,spot_perp,reference,7,pre_market,329,5,1,330,0.996969696969697,-3.969417403091242,-4.185632815359996,4.201460007351443,7.351477090390857,8.534470984761672,2.906218316965384,-16.19608054850619,8.139787280225796,0.0547112462006079,3.1751923489570233,4.014398498749516,True,K线收盘代理；达到描述性样本门槛,0.02127659574468085,0.0,0.0,0.0
SKHY,binance|futures|SKHYUSDT::binance|spot|SKHYBUSDT,spot_perp,reference,7,after_market,211,5,1,240,0.8791666666666667,-2.6536782452749477,-2.643684238353705,2.6528013582338694,5.630342427189738,6.144417743389474,2.2705612776480693,-8.473678635737558,5.907626208379035,0.10426540284360189,2.8124921212385745,3.3950468499310826,True,K线收盘代理；达到描述性样本门槛,0.0,0.0,0.0,0.0
SKHY,binance|futures|SKHYUSDT::binance|spot|SKHYBUSDT,spot_perp,reference,7,overnight,469,5,1,480,0.9770833333333333,-4.216477037305885,-4.243581582856759,4.251926654266214,7.963220553103723,9.208726030156091,3.122167514909205,-17.03668210616072,7.961360861949984,0.06396588486140725,3.1759474909998087,5.204573601804152,True,K线收盘代理；达到描述性样本门槛,0.03624733475479744,0.0,0.0,0.0
SKHY,binance|futures|SKHYUSDT::binance|spot|SKHYBUSDT,spot_perp,reference,7,weekend,500,2,2,576,0.8680555555555556,-3.1953152075707747,-3.1823491462024123,3.2055568122540956,5.898850810354794,6.903082783472401,2.2356914092898283,-10.106382978722905,6.251302354658428,0.056,2.8980605007863924,3.4662434011459298,True,K线收盘代理；达到描述性样本门槛,0.002,0.0,0.0,0.0
SKHY,binance|futures|SKHYUSDT::binance|spot|SKHYBUSDT,spot_perp,reference,7,holiday,0,0,0,0,0,,,,,,,,,,,,False,样本不足 / 仅事件观察,,,,
SKHY,binance|futures|SKHYUSDT::binance|spot|SKHYBUSDT,spot_perp,reference,30,all,8408,30,5,8640,0.9731481481481481,-1.1975719081989153,-2.1468441453004194,3.8599396372279715,7.938034490766133,9.146313647934168,4.992281407958126,-20.5570973378566,29.95347651519875,0.329686013320647,2.623677127513435,5.116518202692016,True,K线收盘代理；达到描述性样本门槛,0.03223120837297812,0.0,0.0,0.0
SKHY,binance|futures|SKHYUSDT::binance|spot|SKHYBUSDT,spot_perp,reference,30,regular,1560,20,5,1560,1.0,-1.3927671974748306,-2.4774707901115134,3.954243905454624,7.535252235209791,8.633537614352981,4.6859588765381295,-15.133329854406519,18.621973929238145,0.30256410256410254,3.0132449697685413,4.751855343056582,True,K线收盘代理；达到描述性样本门槛,0.019230769230769232,0.0,0.0,0.0
SKHY,binance|futures|SKHYUSDT::binance|spot|SKHYBUSDT,spot_perp,reference,30,non_regular,6848,30,5,7080,0.9672316384180791,-1.1531056915998459,-2.138580037908122,3.8428814131802325,7.962846585156891,9.299139776174576,5.058416564950237,-20.5570973378566,29.95347651519875,0.3358644859813084,2.6236067614299197,5.424691874599125,True,K线收盘代理；达到描述性样本门槛,0.03519275700934579,0.0,0.0,0.0
SKHY,binance|futures|SKHYUSDT::binance|spot|SKHYBUSDT,spot_perp,reference,30,pre_market,1314,20,5,1320,0.9954545454545455,-1.6103723425941308,-2.674871439318216,4.358391839898723,8.070085592262854,9.287408423685916,5.062897495988954,-16.19608054850619,16.763938904755804,0.3158295281582953,3.1680525373627146,6.35078831374411,True,K线收盘代理；达到描述性样本门槛,0.030441400304414,0.0,0.0,0.0
SKHY,binance|futures|SKHYUSDT::binance|spot|SKHYBUSDT,spot_perp,reference,30,after_market,912,20,5,960,0.95,-1.1884361895810327,-2.1306647538971157,3.3746740420187438,7.146029387789854,8.525386255992196,4.374238931045703,-14.253716147424322,12.780719371918714,0.29276315789473684,2.383392855249827,4.508619171884748,True,K线收盘代理；达到描述性样本门槛,0.019736842105263157,0.0,0.0,0.0
SKHY,binance|futures|SKHYUSDT::binance|spot|SKHYBUSDT,spot_perp,reference,30,overnight,1895,20,5,1920,0.9869791666666666,-1.9082599759965004,-2.8041052100280517,4.505011825656213,8.940054020442291,10.858946786492352,5.569354102577513,-20.5570973378566,22.60880487345407,0.3108179419525066,3.211329397449086,6.099257463204194,True,K线收盘代理；达到描述性样本门槛,0.06649076517150396,0.0,0.0,0.0
SKHY,binance|futures|SKHYUSDT::binance|spot|SKHYBUSDT,spot_perp,reference,30,weekend,2441,9,5,2592,0.9417438271604939,-0.39523011009908265,-1.608406605190238,3.747724595780655,7.401011471568353,8.64731315626921,4.986691760960074,-13.81139163582068,29.95347651519875,0.37484637443670626,2.6139690506066238,4.813351003815636,True,K线收盘代理；达到描述性样本门槛,0.023351085620647277,0.0,0.0,0.0
SKHY,binance|futures|SKHYUSDT::binance|spot|SKHYBUSDT,spot_perp,reference,30,holiday,286,1,1,288,0.9930555555555556,-0.40445929980393847,-0.5566846573407114,1.670239123862105,3.8953816251408035,4.989210325637705,2.4336558636329775,-6.7012899983254215,6.667037057614955,0.3986013986013986,1.670239123862105,1.670239123862105,False,样本不足 / 仅事件观察,0.0,0.0,0.0,0.0
MSTR,binance|futures|MSTRUSDT::bitget|futures|MSTRUSDT,perp_perp,comparable,7,all,2016,7,2,2016,1.0,-3.7269702027867995,-2.9551700726176966,2.9892686568766536,8.763693305075538,11.711589779627996,3.949751816730975,-19.01723820624479,5.916109566348471,0.11607142857142858,1.802391899414224,5.21125128091271,True,K线收盘代理；达到描述性样本门槛,0.0679563492063492,0.0,0.0,0.0
MSTR,binance|futures|MSTRUSDT::bitget|futures|MSTRUSDT,perp_perp,comparable,7,regular,390,5,1,390,1.0,-2.398510573115937,-1.8605833637352909,1.8974306809266261,6.257943848120062,6.940636977052494,2.5408723798751858,-10.050882593127808,4.291056212835098,0.11794871794871795,1.8324628719623703,2.6572066416913342,True,K线收盘代理；达到描述性样本门槛,0.002564102564102564,0.0,0.0,0.0
MSTR,binance|futures|MSTRUSDT::bitget|futures|MSTRUSDT,perp_perp,comparable,7,non_regular,1626,7,2,1626,1.0,-4.045604431305641,-3.081856022107421,3.107713776721588,9.405568688000688,12.325137117151774,4.155604752782893,-19.01723820624479,5.916109566348471,0.11562115621156212,1.8359598488418283,5.303658051229176,True,K线收盘代理；达到描述性样本门槛,0.08364083640836409,0.0,0.0,0.0
MSTR,binance|futures|MSTRUSDT::bitget|futures|MSTRUSDT,perp_perp,comparable,7,pre_market,330,5,1,330,1.0,-4.656554660888391,-2.7481594535266884,2.9689524682430246,14.08922822913439,15.397408522125566,5.044580270214803,-19.01723820624479,3.6879955744062443,0.05757575757575758,1.8275967103265067,3.1181091159410146,True,K线收盘代理；达到描述性样本门槛,0.19696969696969696,0.0,0.0,0.0
MSTR,binance|futures|MSTRUSDT::bitget|futures|MSTRUSDT,perp_perp,comparable,7,after_market,240,5,1,240,1.0,-2.249477081779185,-1.8635856536364237,2.384655790577672,5.943655318276562,6.334332496723873,2.493674715780311,-9.413832057236782,5.916109566348471,0.13333333333333333,1.2387478549025221,2.7926906140512964,True,K线收盘代理；达到描述性样本门槛,0.0,0.0,0.0,0.0
MSTR,binance|futures|MSTRUSDT::bitget|futures|MSTRUSDT,perp_perp,comparable,7,overnight,480,5,1,480,1.0,-4.785911394687222,-3.821047917696996,3.973515137508099,11.096247653091806,12.939680202315895,4.200426242614349,-16.152078026960837,4.68933177022457,0.07708333333333334,3.192965464509645,5.1820109656197655,True,K线收盘代理；达到描述性样本门槛,0.125,0.0,0.0,0.0
MSTR,binance|futures|MSTRUSDT::bitget|futures|MSTRUSDT,perp_perp,comparable,7,weekend,576,2,2,576,1.0,-3.8270447884252303,-3.8505969059476897,3.8541833988681162,8.703777550383984,9.389971472420488,3.8487808891088418,-12.4540755962399,3.9108330074300035,0.1736111111111111,2.8326937591097168,5.934718142268369,True,K线收盘代理；达到描述性样本门槛,0.019097222222222224,0.0,0.0,0.0
MSTR,binance|futures|MSTRUSDT::bitget|futures|MSTRUSDT,perp_perp,comparable,7,holiday,0,0,0,0,0,,,,,,,,,,,,False,样本不足 / 仅事件观察,,,,
MSTR,binance|futures|MSTRUSDT::bitget|futures|MSTRUSDT,perp_perp,comparable,30,all,8640,30,5,8640,1.0,-1.0565113642257615,-0.7620789513784754,1.5499070055779995,5.013128272861268,6.925229556924983,3.1144870472502446,-19.01723820624479,11.826854845069512,0.30439814814814814,1.4030138736421949,2.1789636841298976,True,K线收盘代理；达到描述性样本门槛,0.016435185185185185,0.0,0.0,0.0
MSTR,binance|futures|MSTRUSDT::bitget|futures|MSTRUSDT,perp_perp,comparable,30,regular,1560,20,5,1560,1.0,-0.6214494660443937,-0.7318501523745358,1.5288766779769647,4.157658454320701,5.294279516317222,2.491697863255313,-10.050882593127808,8.688097306690512,0.32243589743589746,0.8775071774715093,1.9279638398918275,True,K线收盘代理；达到描述性样本门槛,0.000641025641025641,0.0,0.0,0.0
MSTR,binance|futures|MSTRUSDT::bitget|futures|MSTRUSDT,perp_perp,comparable,30,non_regular,7080,30,5,7080,1.0,-1.1523724604352157,-0.765990046623366,1.5526744817961902,5.431830821434504,7.503845743235869,3.22776113560295,-19.01723820624479,11.826854845069512,0.30042372881355933,1.4295365066897825,2.0472692158282624,True,K线收盘代理；达到描述性样本门槛,0.019915254237288134,0.0,0.0,0.0
MSTR,binance|futures|MSTRUSDT::bitget|futures|MSTRUSDT,perp_perp,comparable,30,pre_market,1320,20,5,1320,1.0,-1.3776622991054366,-0.775704951019307,1.794642137847302,4.634816744821136,9.197801395174503,3.725409103421023,-19.01723820624479,6.600660066007347,0.3106060606060606,1.5198474972727416,2.1900908945053645,True,K线收盘代理；达到描述性样本门槛,0.04924242424242424,0.0,0.0,0.0
MSTR,binance|futures|MSTRUSDT::bitget|futures|MSTRUSDT,perp_perp,comparable,30,after_market,960,20,5,960,1.0,-0.7828116792740827,-0.7512301912887542,1.5312763188118916,3.9002582724176893,5.031794656243482,2.302971929830976,-9.413832057236782,6.52145558888817,0.29583333333333334,1.2238374761588955,1.9558610986825098,True,K线收盘代理；达到描述性样本门槛,0.0,0.0,0.0,0.0
MSTR,binance|futures|MSTRUSDT::bitget|futures|MSTRUSDT,perp_perp,comparable,30,overnight,1920,20,5,1920,1.0,-1.4744798870840337,-0.7959882193731005,1.8465516086768607,6.063251851253781,8.502937271830158,3.5038535838705256,-16.152078026960837,9.734728644439361,0.2833333333333333,1.4486476797162529,2.693805493893392,True,K线收盘代理；达到描述性样本门槛,0.03177083333333333,0.0,0.0,0.0
MSTR,binance|futures|MSTRUSDT::bitget|futures|MSTRUSDT,perp_perp,comparable,30,weekend,2592,9,5,2592,1.0,-1.2919636046062613,-0.7724692081612083,1.5213174807271468,6.262289823167233,7.529813420792841,2.9235847837780384,-12.4540755962399,11.826854845069512,0.25308641975308643,1.279877426623166,1.5308662691154717,True,K线收盘代理；达到描述性样本门槛,0.005787037037037037,0.0,0.0,0.0
MSTR,binance|futures|MSTRUSDT::bitget|futures|MSTRUSDT,perp_perp,comparable,30,holiday,288,1,1,288,1.0,2.052039838131053,2.1155067585232334,2.116402126935979,4.263273202542717,5.578355676940204,2.0578108616280604,-3.5060654933039004,8.2981813152605,0.8090277777777778,2.116402126935979,2.116402126935979,False,样本不足 / 仅事件观察,0.0,0.0,0.0,0.0
MSTR,binance|futures|MSTRUSDT::bybit|futures|MSTRUSDT,perp_perp,comparable,7,all,2016,7,2,2016,1.0,-1.9376146591372263,-1.8837121687809155,2.368335408176603,4.882068323781574,5.660377627236535,2.3941308766435583,-14.890184886462432,8.35636690878605,0.16666666666666666,1.9161082086441295,2.480945875633356,True,K线收盘代理；达到描述性样本门槛,0.00248015873015873,0.0,0.0,0.0
MSTR,binance|futures|MSTRUSDT::bybit|futures|MSTRUSDT,perp_perp,comparable,7,regular,390,5,1,390,1.0,-2.652732286086651,-2.48495120220793,2.516831947089737,5.322483781664444,6.412407660239696,2.2618129100745237,-11.133102424543129,6.541778174249391,0.0641025641025641,2.516831947089737,2.952029728670591,True,K线收盘代理；达到描述性样本门槛,0.005128205128205128,0.0,0.0,0.0
MSTR,binance|futures|MSTRUSDT::bybit|futures|MSTRUSDT,perp_perp,comparable,7,non_regular,1626,7,2,1626,1.0,-1.7660919810866265,-1.8581604211831415,1.9233235109178404,4.781544951225625,5.538377468557732,2.3932297019399953,-14.890184886462432,8.35636690878605,0.19126691266912668,1.8911333255211549,2.4630546336132375,True,K线收盘代理；达到描述性样本门槛,0.0018450184501845018,0.0,0.0,0.0
MSTR,binance|futures|MSTRUSDT::bybit|futures|MSTRUSDT,perp_perp,comparable,7,pre_market,330,5,1,330,1.0,-1.9986029416993438,-1.8796997204040267,2.388773313226067,4.41490006058598,5.037201929719848,2.134889406657243,-8.387753879335325,4.412506303581587,0.13333333333333333,1.808870592318046,3.081104244218036,True,K线收盘代理；达到描述性样本门槛,0.0,0.0,0.0,0.0
MSTR,binance|futures|MSTRUSDT::bybit|futures|MSTRUSDT,perp_perp,comparable,7,after_market,240,5,1,240,1.0,-2.0756617570084024,-2.380102647767668,2.462068942158391,4.784660503647231,5.569134719707713,2.230941065365757,-10.17233125897632,7.18864194572566,0.15,2.454741466841326,2.790859835055115,True,K线收盘代理；达到描述性样本门槛,0.004166666666666667,0.0,0.0,0.0
MSTR,binance|futures|MSTRUSDT::bybit|futures|MSTRUSDT,perp_perp,comparable,7,overnight,480,5,1,480,1.0,-2.418568298793155,-2.4698981261200847,2.515406906849482,4.970148672145291,6.183721085540494,2.3819789076437776,-14.890184886462432,6.1391122843645896,0.10833333333333334,2.474258467805024,2.716876251765976,True,K线收盘代理；达到描述性样本门槛,0.004166666666666667,0.0,0.0,0.0
MSTR,binance|futures|MSTRUSDT::bybit|futures|MSTRUSDT,perp_perp,comparable,7,weekend,576,2,2,576,1.0,-0.9601649051794097,-0.6513173451688781,1.8716077765845718,4.400993371423967,5.117551899816997,2.3832770278223916,-8.56333574863255,8.35636690878605,0.3107638888888889,1.8786926347663657,1.903574016275944,True,K线收盘代理；达到描述性样本门槛,0.0,0.0,0.0,0.0
MSTR,binance|futures|MSTRUSDT::bybit|futures|MSTRUSDT,perp_perp,comparable,7,holiday,0,0,0,0,0,,,,,,,,,,,,False,样本不足 / 仅事件观察,,,,
MSTR,binance|futures|MSTRUSDT::bybit|futures|MSTRUSDT,perp_perp,comparable,30,all,8639,30,5,8640,0.9998842592592593,-0.510040915390933,-0.7066139061628895,1.9690207403511018,4.786717546219066,5.675762847725309,2.9403805590485828,-14.890184886462432,13.47815745659231,0.3687926843384651,1.5369610102922149,2.3797610798434454,True,K线收盘代理；达到描述性样本门槛,0.003935640699154995,0.0,0.0,0.0
MSTR,binance|futures|MSTRUSDT::bybit|futures|MSTRUSDT,perp_perp,comparable,30,regular,1560,20,5,1560,1.0,-0.9890441329194748,-1.2570711486670216,2.2779048008053637,5.064325318725589,6.052880340293275,3.015700328794926,-11.133102424543129,13.47815745659231,0.2903846153846154,1.534392678139429,2.793661095825406,True,K线收盘代理；达到描述性样本门槛,0.0038461538461538464,0.0,0.0,0.0
MSTR,binance|futures|MSTRUSDT::bybit|futures|MSTRUSDT,perp_perp,comparable,30,non_regular,7079,30,5,7080,0.9998587570621469,-0.4044829242418264,-0.629802242095856,1.899575761413752,4.69814423302739,5.6401976914508545,2.9129490811498293,-14.890184886462432,12.186762129635653,0.3860714790224608,1.5493180465711576,2.3233953657651742,True,K线收盘代理；达到描述性样本门槛,0.00395536092668456,0.0,0.0,0.0
MSTR,binance|futures|MSTRUSDT::bybit|futures|MSTRUSDT,perp_perp,comparable,30,pre_market,1320,20,5,1320,1.0,-0.8669697779423884,-0.7777561840244251,1.8824136648110112,4.563848579296482,5.412866828222507,2.7318784774801785,-14.727540500736325,12.09921355111998,0.31136363636363634,1.5334944667060035,2.471233932795913,True,K线收盘代理；达到描述性样本门槛,0.0030303030303030303,0.0,0.0,0.0
MSTR,binance|futures|MSTRUSDT::bybit|futures|MSTRUSDT,perp_perp,comparable,30,after_market,960,20,5,960,1.0,-0.669074005652897,-0.7624566452507642,1.9535065442466415,4.399614506623517,5.305185728359307,2.680515531733442,-10.17233125897632,10.108078687505184,0.34479166666666666,1.5721919601417722,2.468723697268138,True,K线收盘代理；达到描述性样本门槛,0.0020833333333333333,0.0,0.0,0.0
MSTR,binance|futures|MSTRUSDT::bybit|futures|MSTRUSDT,perp_perp,comparable,30,overnight,1920,20,5,1920,1.0,-0.7697639705330008,-0.7516253909672921,2.1100756762859607,4.819896633701748,5.894483569386652,2.9289304031778935,-14.890184886462432,11.616931677920217,0.35104166666666664,1.5507806514145073,2.412647879724561,True,K线收盘代理；达到描述性样本门槛,0.004166666666666667,0.0,0.0,0.0
MSTR,binance|futures|MSTRUSDT::bybit|futures|MSTRUSDT,perp_perp,comparable,30,weekend,2591,9,5,2592,0.9996141975308642,0.03427798884166967,0.0,1.8960940462653397,4.845967462792089,6.2019878215408,3.0052005070019643,-11.752722714094554,12.186762129635653,0.43959861057506755,1.5699819548820049,1.9160147070307332,True,K线收盘代理；达到描述性样本门槛,0.005017367811655731,0.0,0.0,0.0
MSTR,binance|futures|MSTRUSDT::bybit|futures|MSTRUSDT,perp_perp,comparable,30,holiday,288,1,1,288,1.0,1.085100992838334,1.3836048255388977,1.4114326111214215,4.842783620121027,5.377977038462197,2.432176652301852,-10.389250588724863,7.694998251137619,0.6180555555555556,1.4114326111214215,1.4114326111214215,False,样本不足 / 仅事件观察,0.003472222222222222,0.0,0.0,0.0
MSTR,binance|futures|MSTRUSDT::gateio|futures|MSTR_USDT,perp_perp,comparable,7,all,2016,7,2,2016,1.0,-1.6293153042287298,-2.3211393544125825,3.136369338851974,6.725581414823711,7.869436474922664,3.9632340791505096,-14.968267273380853,14.034192396019662,0.26686507936507936,2.749417437415136,4.01049265076614,True,K线收盘代理；达到描述性样本门槛,0.017857142857142856,0.0,0.0,0.0
MSTR,binance|futures|MSTRUSDT::gateio|futures|MSTR_USDT,perp_perp,comparable,7,regular,390,5,1,390,1.0,-2.076926530411184,-1.8874461664103448,2.5053266534413865,5.951056830817316,6.781011480584407,3.105394163393597,-12.509382036526295,11.339221771304864,0.18974358974358974,1.8279309520136122,3.4585488125882247,True,K线收盘代理；达到描述性样本门槛,0.01282051282051282,0.0,0.0,0.0
MSTR,binance|futures|MSTRUSDT::gateio|futures|MSTR_USDT,perp_perp,comparable,7,non_regular,1626,7,2,1626,1.0,-1.521954678022606,-2.34638994676184,3.2382383295598283,6.9130216189050575,8.257539127781154,4.135462195612469,-14.968267273380853,14.034192396019662,0.2853628536285363,2.7697270789767137,4.067391424275868,True,K线收盘代理；达到描述性样本门槛,0.019065190651906518,0.0,0.0,0.0
MSTR,binance|futures|MSTRUSDT::gateio|futures|MSTR_USDT,perp_perp,comparable,7,pre_market,330,5,1,330,1.0,-2.049068354050061,-2.4469361969808867,3.0656981395144056,6.078067853931723,6.7507497786069575,3.3035746484816575,-14.968267273380853,9.239866945915942,0.22424242424242424,2.946816222066384,3.143472843659123,True,K线收盘代理；达到描述性样本门槛,0.0030303030303030303,0.0,0.0,0.0
MSTR,binance|futures|MSTRUSDT::gateio|futures|MSTR_USDT,perp_perp,comparable,7,after_market,240,5,1,240,1.0,-3.0031099875507254,-3.1026993962224303,3.716781324473173,8.171989227159226,9.452156793835318,4.1235765376328715,-13.178537809852564,7.082570973262481,0.225,2.9539479746365505,5.386802570679361,True,K线收盘代理；达到描述性样本门槛,0.04583333333333333,0.0,0.0,0.0
MSTR,binance|futures|MSTRUSDT::gateio|futures|MSTR_USDT,perp_perp,comparable,7,overnight,480,5,1,480,1.0,-2.300888990642238,-2.5073654252300015,3.1305789193986078,6.386274759801805,7.530168417029802,3.5378504402651973,-12.270691453464266,14.034192396019662,0.19791666666666666,1.8200020226283309,3.7756033435848435,True,K线收盘代理；达到描述性样本门槛,0.016666666666666666,0.0,0.0,0.0
MSTR,binance|futures|MSTRUSDT::gateio|futures|MSTR_USDT,perp_perp,comparable,7,weekend,576,2,2,576,1.0,0.04629750502119956,-0.639346253841766,3.258602711158076,7.157032700242372,8.460236994142223,4.524542958287283,-10.088908506210581,12.356116277556506,0.4184027777777778,3.3134155429294374,3.6783096582664045,True,K线收盘代理；达到描述性样本门槛,0.019097222222222224,0.0,0.0,0.0
MSTR,binance|futures|MSTRUSDT::gateio|futures|MSTR_USDT,perp_perp,comparable,7,holiday,0,0,0,0,0,,,,,,,,,,,,False,样本不足 / 仅事件观察,,,,
MSTR,binance|futures|MSTRUSDT::gateio|futures|MSTR_USDT,perp_perp,comparable,30,all,6732,24,4,8640,0.7791666666666667,-4.421161011128574,-3.5982892698810387,3.965631819942139,11.083633172250254,19.11668454650226,7.511409014751792,-81.76145736211838,60.971183857152496,0.1840463458110517,2.974490439403704,6.017460917305817,True,K线收盘代理；达到描述性样本门槛,0.11942959001782531,0.016488413547237075,0.0014854426619132501,0.0
MSTR,binance|futures|MSTRUSDT::gateio|futures|MSTR_USDT,perp_perp,comparable,30,regular,1236,16,4,1560,0.7923076923076923,-4.598490532210479,-3.160806005531036,3.792763953009981,12.41801921549046,22.40196430227659,8.868858800718725,-81.76145736211838,60.971183857152496,0.1796116504854369,2.882698994148003,5.271288459204326,True,K线收盘代理；达到描述性样本门槛,0.14401294498381878,0.020226537216828478,0.0056634304207119745,0.0
MSTR,binance|futures|MSTRUSDT::gateio|futures|MSTR_USDT,perp_perp,comparable,30,non_regular,5496,24,4,7080,0.7762711864406779,-4.381281228003168,-3.651634344855048,4.151675224318141,10.708276030215735,18.28410689170168,7.170220888323002,-81.57289270027346,30.49025114338466,0.18504366812227074,2.9467812206154798,5.538463153541423,True,K线收盘代理；达到描述性样本门槛,0.11390101892285298,0.01564774381368268,0.0005458515283842794,0.0
MSTR,binance|futures|MSTRUSDT::gateio|futures|MSTR_USDT,perp_perp,comparable,30,pre_market,990,16,4,1320,0.75,-3.898816979401547,-3.034533030082942,3.6083727267605115,9.093733664397586,16.455912463354235,7.059182348879439,-54.02371430576092,30.49025114338466,0.16363636363636364,2.4230187130726275,4.369996679754879,True,K线收盘代理；达到描述性样本门槛,0.08686868686868687,0.01919191919191919,0.00101010101010101,0.0
MSTR,binance|futures|MSTRUSDT::gateio|futures|MSTR_USDT,perp_perp,comparable,30,after_market,751,16,4,960,0.7822916666666667,-5.071143220218537,-3.789888577276912,3.920543648719965,10.767482203742906,19.05674570350679,6.709533969680597,-60.3035974215016,7.082570973262481,0.13581890812250333,2.8422366113182997,5.848406870021111,True,K线收盘代理；达到描述性样本门槛,0.11451398135818908,0.0039946737683089215,0.0013315579227696406,0.0
MSTR,binance|futures|MSTRUSDT::gateio|futures|MSTR_USDT,perp_perp,comparable,30,overnight,1451,16,4,1920,0.7557291666666667,-4.415280549330727,-3.626078758429685,3.7731103005911315,9.708737864077,18.28410689170168,6.8303638886283204,-81.57289270027346,14.034192396019662,0.1447277739490007,2.983553446463949,4.639655204105308,True,K线收盘代理；达到描述性样本门槛,0.09510682288077188,0.014472777394900068,0.0006891798759476223,0.0
MSTR,binance|futures|MSTRUSDT::gateio|futures|MSTR_USDT,perp_perp,comparable,30,weekend,2016,7,4,2592,0.7777777777777778,-5.067446579158201,-4.429961953282824,5.05833031570202,11.907680819036592,20.391302527619228,7.57130959689784,-44.80537664519835,12.356116277556506,0.19345238095238096,3.495862600597921,6.848292314992898,True,K线收盘代理；达到描述性样本门槛,0.14930555555555555,0.02132936507936508,0.0,0.0
MSTR,binance|futures|MSTRUSDT::gateio|futures|MSTR_USDT,perp_perp,comparable,30,holiday,288,1,1,288,1.0,0.7336115262085441,0.7027406921567003,2.822865334715652,8.480637494638232,10.287547790072338,4.959476299680232,-14.538908889505375,16.3759344962644,0.53125,2.822865334715652,2.822865334715652,False,样本不足 / 仅事件观察,0.052083333333333336,0.0,0.0,0.0
MSTR,binance|futures|MSTRUSDT::okx|futures|MSTR-USDT-SWAP,perp_perp,comparable,7,all,2016,7,2,2016,1.0,-0.2728815114487146,-0.5897095685503118,1.2502734985486708,3.095592636568889,3.771035309111659,1.911873011879824,-7.360157016683688,11.331782668337897,0.37003968253968256,1.2100028225539572,1.2872774580535706,True,K线收盘代理；达到描述性样本门槛,0.000496031746031746,0.0,0.0,0.0
MSTR,binance|futures|MSTRUSDT::okx|futures|MSTR-USDT-SWAP,perp_perp,comparable,7,regular,390,5,1,390,1.0,-0.2781028039596305,0.0,1.204347705003883,3.051776890760749,3.584182484810904,1.8567824115757312,-7.360157016683688,11.331782668337897,0.37435897435897436,1.195994321249172,1.2259798948777156,True,K线收盘代理；达到描述性样本门槛,0.002564102564102564,0.0,0.0,0.0
MSTR,binance|futures|MSTRUSDT::okx|futures|MSTR-USDT-SWAP,perp_perp,comparable,7,non_regular,1626,7,2,1626,1.0,-0.27162917191657604,-0.5939829657874984,1.2545477799674742,3.1358776030931956,3.781076267622696,1.9248500874689898,-5.654331846451921,6.482982171798213,0.36900369003690037,1.207251957977551,1.2872774580535706,True,K线收盘代理；达到描述性样本门槛,0.0,0.0,0.0,0.0
MSTR,binance|futures|MSTRUSDT::okx|futures|MSTR-USDT-SWAP,perp_perp,comparable,7,pre_market,330,5,1,330,1.0,-0.636236313937274,-0.6128953543155236,1.210287554068712,3.0442329298304704,3.6100451125806177,1.6340560960569868,-5.435110815871225,3.6964021685559345,0.30606060606060603,1.180358894865008,1.2161754170308958,True,K线收盘代理；达到描述性样本门槛,0.0,0.0,0.0,0.0
MSTR,binance|futures|MSTRUSDT::okx|futures|MSTR-USDT-SWAP,perp_perp,comparable,7,after_market,240,5,1,240,1.0,-0.3691821926356346,-0.5927703604535761,1.2118585224119016,2.974013347652904,3.538059760130996,1.717388748900422,-5.307855626327518,4.142992424243097,0.325,0.894998805132663,1.4757065410581083,True,K线收盘代理；达到描述性样本门槛,0.0,0.0,0.0,0.0
MSTR,binance|futures|MSTRUSDT::okx|futures|MSTR-USDT-SWAP,perp_perp,comparable,7,overnight,480,5,1,480,1.0,-0.5297583357901439,-0.6148549314360929,1.2545477799674742,3.0753144770854224,3.5966289170313273,1.809099205283883,-5.578973468881587,5.275807491647022,0.31875,1.237585993196788,1.2758356723641118,True,K线收盘代理；达到描述性样本门槛,0.0,0.0,0.0,0.0
MSTR,binance|futures|MSTRUSDT::okx|futures|MSTR-USDT-SWAP,perp_perp,comparable,7,weekend,576,2,2,576,1.0,0.19301506506036303,0.0,1.2894906726323985,3.7713316278553677,4.378990100515068,2.1497518530544006,-5.654331846451921,6.482982171798213,0.4652777777777778,1.2710897149767475,1.3034652011303938,True,K线收盘代理；达到描述性样本门槛,0.0,0.0,0.0,0.0
MSTR,binance|futures|MSTRUSDT::okx|futures|MSTR-USDT-SWAP,perp_perp,comparable,7,holiday,0,0,0,0,0,,,,,,,,,,,,False,样本不足 / 仅事件观察,,,,
MSTR,binance|futures|MSTRUSDT::okx|futures|MSTR-USDT-SWAP,perp_perp,comparable,30,all,8637,30,5,8640,0.9996527777777777,-0.6835168305171779,-0.7350238882775084,1.4869888475854687,3.5464357247476674,4.222319835301742,2.052070442318579,-9.702940737422727,11.331782668337897,0.2963992126895913,1.3089935793439422,1.550527554800285,True,K线收盘代理；达到描述性样本门槛,0.0001157809424568716,0.0,0.0,0.0
MSTR,binance|futures|MSTRUSDT::okx|futures|MSTR-USDT-SWAP,perp_perp,comparable,30,regular,1560,20,5,1560,1.0,-0.5638115239735315,-0.6300205513115609,1.4129782065730456,3.146781692212719,3.862242147754213,1.9416384462534602,-9.702940737422727,11.331782668337897,0.30705128205128207,1.2242886321023327,1.5318538729325315,True,K线收盘代理；达到描述性样本门槛,0.000641025641025641,0.0,0.0,0.0
MSTR,binance|futures|MSTRUSDT::okx|futures|MSTR-USDT-SWAP,perp_perp,comparable,30,non_regular,7077,30,5,7080,0.9995762711864407,-0.7099037569278164,-0.7536930961726807,1.5101177891885254,3.6658237933011604,4.374016240095368,2.0746942391213605,-9.673184550541558,9.961576775296965,0.2940511516179172,1.2994066154807526,1.550646645930992,True,K线收盘代理；达到描述性样本门槛,0.0,0.0,0.0,0.0
MSTR,binance|futures|MSTRUSDT::okx|futures|MSTR-USDT-SWAP,perp_perp,comparable,30,pre_market,1320,20,5,1320,1.0,-0.7461239416366753,-0.7568590447598611,1.4414415088292998,3.12154123076203,4.024931576663162,1.9146420622032043,-7.8326936633510424,6.636189352602351,0.2734848484848485,1.1580556444527879,1.5502117307474028,True,K线收盘代理；达到描述性样本门槛,0.0,0.0,0.0,0.0
MSTR,binance|futures|MSTRUSDT::okx|futures|MSTR-USDT-SWAP,perp_perp,comparable,30,after_market,960,20,5,960,1.0,-0.634694967993237,-0.7302202791625856,1.4608670732929596,3.1387565833207454,3.892312099032124,1.8829075763247731,-7.204610951009327,6.2141821445815815,0.29375,1.1321321540498641,1.5541994491748146,True,K线收盘代理；达到描述性样本门槛,0.0,0.0,0.0,0.0
MSTR,binance|futures|MSTRUSDT::okx|futures|MSTR-USDT-SWAP,perp_perp,comparable,30,overnight,1920,20,5,1920,1.0,-0.7741569204127365,-0.7620499153748739,1.5039855957593717,3.253461249024481,3.9703180473522615,1.968418014544218,-7.822889775482844,6.877053564606772,0.2828125,1.2692303534628246,1.5479615134363078,True,K线收盘代理；达到描述性样本门槛,0.0,0.0,0.0,0.0
MSTR,binance|futures|MSTRUSDT::okx|futures|MSTR-USDT-SWAP,perp_perp,comparable,30,weekend,2589,9,5,2592,0.9988425925925926,-0.8796606842078378,-0.7744133818621268,1.5467904098986907,3.8643260889328346,4.6146746654363024,2.2046381480832946,-9.673184550541558,7.100897295204689,0.2719196601004249,1.319652944207217,1.5715860793474867,True,K线收盘代理；达到描述性样本门槛,0.0,0.0,0.0,0.0
MSTR,binance|futures|MSTRUSDT::okx|futures|MSTR-USDT-SWAP,perp_perp,comparable,30,holiday,288,1,1,288,1.0,1.1598079272996817,1.0437172769950376,1.4119806576234906,3.720451127011477,4.2227109840550225,1.9543073712726493,-4.214371005127893,9.961576775296965,0.6631944444444444,1.4119806576234906,1.4119806576234906,False,样本不足 / 仅事件观察,0.0,0.0,0.0,0.0
MSTR,bitget|futures|MSTRUSDT::bybit|futures|MSTRUSDT,perp_perp,comparable,7,all,2016,7,2,2016,1.0,1.7914610219046245,1.2381987641818526,2.6173819146940724,8.111565227998385,9.972576464027384,4.346188440602645,-10.154103452394425,16.590881160132298,0.5887896825396826,1.9137877024616445,4.005070069442452,True,K线收盘代理；达到描述性样本门槛,0.04811507936507937,0.0,0.0,0.0
MSTR,bitget|futures|MSTRUSDT::bybit|futures|MSTRUSDT,perp_perp,comparable,7,regular,390,5,1,390,1.0,-0.2537457871291002,0.0,1.8870352578731486,4.87131075783942,6.2909303903400104,3.065471787236282,-10.154103452394425,8.802263439169344,0.4128205128205128,1.5366815093215136,2.977004789752602,True,K线收盘代理；达到描述性样本门槛,0.002564102564102564,0.0,0.0,0.0
MSTR,bitget|futures|MSTRUSDT::bybit|futures|MSTRUSDT,perp_perp,comparable,7,non_regular,1626,7,2,1626,1.0,2.2820087805289497,1.8227110393509438,3.0933894297546782,8.719482659235167,10.485413059886373,4.463427044031264,-9.36274796652814,16.590881160132298,0.6309963099630996,1.851988101169988,4.105800557407669,True,K线收盘代理；达到描述性样本门槛,0.05904059040590406,0.0,0.0,0.0
MSTR,bitget|futures|MSTRUSDT::bybit|futures|MSTRUSDT,perp_perp,comparable,7,pre_market,330,5,1,330,1.0,2.6613900108905333,1.2305421283076434,2.3898432710434125,11.574853400270646,12.211172691306782,4.804733071658115,-6.610974217199361,16.590881160132298,0.6333333333333333,1.2058401924558426,1.8808232205402842,True,K线收盘代理；达到描述性样本门槛,0.13333333333333333,0.0,0.0,0.0
MSTR,bitget|futures|MSTRUSDT::bybit|futures|MSTRUSDT,perp_perp,comparable,7,after_market,240,5,1,240,1.0,0.17444820810158523,-0.2940657531019797,2.3949236222686743,5.036673322230012,6.549342930088186,3.2609925577291734,-7.072969468349122,10.099097393170275,0.45416666666666666,1.7942049899022372,2.478929112147976,True,K线收盘代理；达到描述性样本门槛,0.008333333333333333,0.0,0.0,0.0
MSTR,bitget|futures|MSTRUSDT::bybit|futures|MSTRUSDT,perp_perp,comparable,7,overnight,480,5,1,480,1.0,2.3700898219136635,1.865324672093438,3.089285398527597,8.634513679237399,10.49820718134442,4.503495985682126,-9.36274796652814,15.50099206349298,0.63125,2.17014445708541,3.6147101458938735,True,K线收盘代理；达到描述性样本门槛,0.06041666666666667,0.0,0.0,0.0
MSTR,bitget|futures|MSTRUSDT::bybit|futures|MSTRUSDT,perp_perp,comparable,7,weekend,576,2,2,576,1.0,2.8694043213250993,3.2071851612158753,4.371721362556036,8.719482659235167,9.944683163595759,4.40406685424483,-9.204470742931736,13.75343835958942,0.703125,3.0342866515688236,5.177314463246513,True,K线收盘代理；达到描述性样本门槛,0.036458333333333336,0.0,0.0,0.0
MSTR,bitget|futures|MSTRUSDT::bybit|futures|MSTRUSDT,perp_perp,comparable,7,holiday,0,0,0,0,0,,,,,,,,,,,,False,样本不足 / 仅事件观察,,,,
MSTR,bitget|futures|MSTRUSDT::bybit|futures|MSTRUSDT,perp_perp,comparable,30,all,8639,30,5,8640,0.9998842592592593,0.547079187055342,0.0,2.2715226773684094,5.7197353914903974,7.341065922771284,3.57812176256126,-12.508277536603662,18.036767256328634,0.48975575876837596,1.6370991715113081,2.428905038615037,True,K线收盘代理；达到描述性样本门槛,0.016089825211251303,0.0,0.0,0.0
MSTR,bitget|futures|MSTRUSDT::bybit|futures|MSTRUSDT,perp_perp,comparable,30,regular,1560,20,5,1560,1.0,-0.36723880164024186,-0.6119951407140833,2.24357941816411,5.296715393188767,6.5091673885720445,3.234218623791175,-11.027790030878615,13.393208855274619,0.38974358974358975,1.5672967012726746,2.975720815547728,True,K线收盘代理；达到描述性样本门槛,0.004487179487179487,0.0,0.0,0.0
MSTR,bitget|futures|MSTRUSDT::bybit|futures|MSTRUSDT,perp_perp,comparable,30,non_regular,7079,30,5,7080,0.9998587570621469,0.7485675416767731,0.6401229035968292,2.2794620469546167,6.016124784627317,7.528844910981824,3.6186203450991075,-12.508277536603662,18.036767256328634,0.5117954513349343,1.5761674499747969,2.3990242093106797,True,K线收盘代理；达到描述性样本门槛,0.018646701511512924,0.0,0.0,0.0
MSTR,bitget|futures|MSTRUSDT::bybit|futures|MSTRUSDT,perp_perp,comparable,30,pre_market,1320,20,5,1320,1.0,0.5118058387529685,0.0,2.181342252599028,5.7167217850628855,8.602301948403168,3.799777569766399,-11.627906976744429,16.590881160132298,0.46060606060606063,1.529970318145113,2.2452125066950437,True,K线收盘代理；达到描述性样本门槛,0.037121212121212124,0.0,0.0,0.0
MSTR,bitget|futures|MSTRUSDT::bybit|futures|MSTRUSDT,perp_perp,comparable,30,after_market,960,20,5,960,1.0,0.11410871446625864,0.0,2.195871808147176,4.909317920126055,5.858885617714803,3.020630574864921,-9.740746291023727,10.099097393170275,0.46145833333333336,1.5631087966061497,2.6091059466450126,True,K线收盘代理；达到描述性样本门槛,0.0020833333333333333,0.0,0.0,0.0
MSTR,bitget|futures|MSTRUSDT::bybit|futures|MSTRUSDT,perp_perp,comparable,30,overnight,1920,20,5,1920,1.0,0.7056777118590862,0.6436886402372277,2.250225478264145,6.157028897769257,7.896165478937232,3.668216597049717,-12.508277536603662,15.50099206349298,0.5135416666666667,1.5652705232133135,2.3447630856725246,True,K线收盘代理；达到描述性样本门槛,0.018229166666666668,0.0,0.0,0.0
MSTR,bitget|futures|MSTRUSDT::bybit|futures|MSTRUSDT,perp_perp,comparable,30,weekend,2591,9,5,2592,0.9996141975308642,1.3266826528771165,0.782656335602816,2.328288707800219,6.293761309101864,7.760963527989606,3.677683746162514,-11.751801942965212,18.036767256328634,0.5804708606715554,1.9018638265499987,2.7617634682064462,True,K线收盘代理；达到描述性样本门槛,0.01775376302585874,0.0,0.0,0.0
MSTR,bitget|futures|MSTRUSDT::bybit|futures|MSTRUSDT,perp_perp,comparable,30,holiday,288,1,1,288,1.0,-0.9665083537698076,-0.7065639828962578,1.4134775098051389,4.4277657484158635,5.5690110365392265,2.5146184803339633,-9.004017176893475,8.394543546694777,0.2847222222222222,1.4134775098051389,1.4134775098051389,False,样本不足 / 仅事件观察,0.0,0.0,0.0,0.0
MSTR,bitget|futures|MSTRUSDT::gateio|futures|MSTR_USDT,perp_perp,comparable,7,all,2016,7,2,2016,1.0,2.0993415336571095,1.8837121687798053,3.105783555064634,7.8830678357344475,9.75310433180998,4.264952184285271,-11.974613818704904,15.975422427034758,0.6468253968253969,2.7045178388318547,4.156640266564371,True,K线收盘代理；达到描述性样本门槛,0.04265873015873016,0.0,0.0,0.0
MSTR,bitget|futures|MSTRUSDT::gateio|futures|MSTR_USDT,perp_perp,comparable,7,regular,390,5,1,390,1.0,0.32199399493688546,0.0,1.8956195413727395,5.048127971346573,6.155594569097532,3.1375228368832104,-8.868393047178902,10.14561947958903,0.49230769230769234,1.8346393095974856,2.3854592611904923,True,K线收盘代理；达到描述性样本门槛,0.002564102564102564,0.0,0.0,0.0
MSTR,bitget|futures|MSTRUSDT::gateio|futures|MSTR_USDT,perp_perp,comparable,7,non_regular,1626,7,2,1626,1.0,2.525642603829857,2.511222025892712,3.521230328629721,8.24624679996222,10.151227792318807,4.387727401071831,-11.974613818704904,15.975422427034758,0.6838868388683886,2.7654953994171727,4.156640266564371,True,K线收盘代理；达到描述性样本门槛,0.05227552275522755,0.0,0.0,0.0
MSTR,bitget|futures|MSTRUSDT::gateio|futures|MSTR_USDT,perp_perp,comparable,7,pre_market,330,5,1,330,1.0,2.6105552000750367,1.8318373396752907,3.02224425479114,9.76312481499031,11.007733071390359,4.745793161445049,-11.974613818704904,15.975422427034758,0.6484848484848484,1.800720606016104,3.3478601914394,True,K线收盘代理；达到描述性样本门槛,0.09090909090909091,0.0,0.0,0.0
MSTR,bitget|futures|MSTRUSDT::gateio|futures|MSTR_USDT,perp_perp,comparable,7,after_market,240,5,1,240,1.0,-0.7537476730614298,-0.621156631923081,2.4667757308449723,5.952604549342766,6.544450764002396,3.4475940818147106,-10.767482203742906,10.640813431070928,0.4125,1.8917308163773905,2.9518571160691565,True,K线收盘代理；达到描述性样本门槛,0.008333333333333333,0.0,0.0,0.0
MSTR,bitget|futures|MSTRUSDT::gateio|futures|MSTR_USDT,perp_perp,comparable,7,overnight,480,5,1,480,1.0,2.4875227881238153,2.511931923112609,3.652857816666133,8.635633156120592,10.531108679118883,4.590326341855917,-9.482605345818573,15.947945904566385,0.6729166666666667,2.495555203424482,4.855259930059974,True,K线收盘代理；达到描述性样本门槛,0.06666666666666667,0.0,0.0,0.0
MSTR,bitget|futures|MSTRUSDT::gateio|futures|MSTR_USDT,perp_perp,comparable,7,weekend,576,2,2,576,1.0,3.8751738906907947,3.8797433098014533,3.954393512844989,8.120940671102472,9.3718015680494,3.5530818326145557,-6.405739542632016,14.13518375739109,0.8263888888888888,4.054539627537935,4.258740905590807,True,K线收盘代理；达到描述性样本门槛,0.036458333333333336,0.0,0.0,0.0
MSTR,bitget|futures|MSTRUSDT::gateio|futures|MSTR_USDT,perp_perp,comparable,7,holiday,0,0,0,0,0,,,,,,,,,,,,False,样本不足 / 仅事件观察,,,,
MSTR,bitget|futures|MSTRUSDT::gateio|futures|MSTR_USDT,perp_perp,comparable,30,all,6732,24,4,8640,0.7791666666666667,-3.132159485549244,-2.207505626337647,3.8631915215309176,11.105498415668437,19.57433681687581,8.20727111706351,-85.05891375583884,59.51948900341009,0.3177361853832442,3.0056949748813455,5.336750884297331,True,K线收盘代理；达到描述性样本门槛,0.12537136066547833,0.016488413547237075,0.0017825311942959,0.0
MSTR,bitget|futures|MSTRUSDT::gateio|futures|MSTR_USDT,perp_perp,comparable,30,regular,1236,16,4,1560,0.7923076923076923,-3.9459503689700597,-2.312592561639626,3.6725325206554693,12.592127063868475,23.221042278863123,9.405962564013135,-82.47866312845242,59.51948900341009,0.28559870550161814,2.254950006182199,5.428490929704488,True,K线收盘代理；达到描述性样本门槛,0.1407766990291262,0.025080906148867314,0.006472491909385114,0.0
MSTR,bitget|futures|MSTRUSDT::gateio|futures|MSTR_USDT,perp_perp,comparable,30,non_regular,5496,24,4,7080,0.7762711864406779,-2.949145378579061,-2.1685702913698535,3.904038729550807,10.968004163749988,18.260037300903143,7.901188985256456,-85.05891375583884,29.687876113295708,0.32496360989810774,2.9177117798157015,5.336750884297331,True,K线收盘代理；达到描述性样本门槛,0.12190684133915575,0.01455604075691412,0.000727802037845706,0.0
MSTR,bitget|futures|MSTRUSDT::gateio|futures|MSTR_USDT,perp_perp,comparable,30,pre_market,990,16,4,1320,0.75,-2.0517247137559282,-1.2758427800807493,3.0852838244088687,10.478304105986158,16.830324284128725,8.268420120737016,-56.83014102294215,29.687876113295708,0.3393939393939394,1.7939482580447974,5.1857729319398915,True,K线收盘代理；达到描述性样本门槛,0.1111111111111111,0.01919191919191919,0.00202020202020202,0.0
MSTR,bitget|futures|MSTRUSDT::gateio|futures|MSTR_USDT,perp_perp,comparable,30,after_market,751,16,4,960,0.7822916666666667,-4.224024577456365,-2.9220542041052955,3.5502958579880506,11.758196154378897,20.573224784616315,7.1645548967241925,-59.61045262355413,10.640813431070928,0.22769640479360853,2.312010179209567,4.280073647625892,True,K线收盘代理；达到描述性样本门槛,0.13315579227696406,0.005326231691078562,0.0013315579227696406,0.0
MSTR,bitget|futures|MSTRUSDT::gateio|futures|MSTR_USDT,perp_perp,comparable,30,overnight,1451,16,4,1920,0.7557291666666667,-2.325476226445959,-1.528701368188612,3.6943992906757206,10.53088025769533,17.57284308775864,7.910484036239298,-85.05891375583884,15.947945904566385,0.36044107512060647,2.8823341043494874,4.58069691891827,True,K线收盘代理；达到描述性样本门槛,0.11026878015161957,0.014472777394900068,0.0006891798759476223,0.0
MSTR,bitget|futures|MSTRUSDT::gateio|futures|MSTR_USDT,perp_perp,comparable,30,weekend,2016,7,4,2592,0.7777777777777778,-3.596823898807897,-3.1162355874114755,5.085500153169109,11.775708552468345,20.209258985453282,8.190305218865609,-45.5054606552785,14.13518375739109,0.32688492063492064,4.156640266564371,6.468302397151793,True,K线收盘代理；达到描述性样本门槛,0.14285714285714285,0.017857142857142856,0.0,0.0
MSTR,bitget|futures|MSTRUSDT::gateio|futures|MSTR_USDT,perp_perp,comparable,30,holiday,288,1,1,288,1.0,-1.3180211521271274,-1.4017873218197252,3.5290796336184815,7.763649005640416,9.45633023695418,4.80483192390376,-16.568864342422216,13.438958834346426,0.3368055555555556,3.5290796336184815,3.5290796336184815,False,样本不足 / 仅事件观察,0.041666666666666664,0.0,0.0,0.0
MSTR,bitget|futures|MSTRUSDT::okx|futures|MSTR-USDT-SWAP,perp_perp,comparable,7,all,2016,7,2,2016,1.0,3.456687100318979,2.9909672895200856,3.067484951210231,8.751367614879824,10.60643984737819,3.7755540906953504,-7.5890251021615285,19.669309730161455,0.8005952380952381,1.8812268140269706,4.543970398403485,True,K线收盘代理；达到描述性样本门槛,0.0625,0.0,0.0,0.0
MSTR,bitget|futures|MSTRUSDT::okx|futures|MSTR-USDT-SWAP,perp_perp,comparable,7,regular,390,5,1,390,1.0,2.1214723154879622,1.844621393203294,2.38912971877836,5.680035257062511,6.913000443636408,2.8472291558183027,-5.5201177625119335,16.699469195442518,0.7307692307692307,1.8376161391298051,2.659245106105823,True,K线收盘代理；达到描述性样本门槛,0.005128205128205128,0.0,0.0,0.0
MSTR,bitget|futures|MSTRUSDT::okx|futures|MSTR-USDT-SWAP,perp_perp,comparable,7,non_regular,1626,7,2,1626,1.0,3.7769415690053854,3.143369090913284,3.2030750045319856,9.34288514166548,11.575837253458566,3.8986244440737545,-7.5890251021615285,19.669309730161455,0.8173431734317343,1.917612655096268,4.851559755079671,True,K线收盘代理；达到描述性样本门槛,0.07626076260762607,0.0,0.0,0.0
MSTR,bitget|futures|MSTRUSDT::okx|futures|MSTR-USDT-SWAP,perp_perp,comparable,7,pre_market,330,5,1,330,1.0,4.02441741615195,2.5421046174600725,2.5421046174600725,12.188732649536238,13.740658936130862,4.660176063909756,-2.513036376201594,19.669309730161455,0.8181818181818182,1.8112124300950772,3.126752523133769,True,K线收盘代理；达到描述性样本门槛,0.17272727272727273,0.0,0.0,0.0
MSTR,bitget|futures|MSTRUSDT::okx|futures|MSTR-USDT-SWAP,perp_perp,comparable,7,after_market,240,5,1,240,1.0,1.881185634462268,1.8527262091450059,2.364695699220154,5.090017068770655,6.200127763400509,2.4662918835977368,-4.1676589664219055,10.099097393170275,0.725,1.5416057083456058,3.1045296551690527,True,K线收盘代理；达到描述性样本门槛,0.004166666666666667,0.0,0.0,0.0
MSTR,bitget|futures|MSTRUSDT::okx|futures|MSTR-USDT-SWAP,perp_perp,comparable,7,overnight,480,5,1,480,1.0,4.259768342263775,3.7277501685017977,3.7474257512748466,10.416283771381929,12.285013166671632,4.142462407447115,-7.5890251021615285,16.72551570339964,0.8416666666666667,3.1957060299303564,5.715956715036663,True,K线收盘代理；达到描述性样本门槛,0.10208333333333333,0.0,0.0,0.0
MSTR,bitget|futures|MSTRUSDT::okx|futures|MSTR-USDT-SWAP,perp_perp,comparable,7,weekend,576,2,2,576,1.0,4.0227011932553065,4.369810849615963,4.390641937298545,8.736354352856246,9.39805477565503,3.441292178435097,-5.116398055770022,13.725123214174406,0.8350694444444444,3.0840585745703364,5.414017847003294,True,K线收盘代理；达到描述性样本门槛,0.029513888888888888,0.0,0.0,0.0
MSTR,bitget|futures|MSTRUSDT::okx|futures|MSTR-USDT-SWAP,perp_perp,comparable,7,holiday,0,0,0,0,0,,,,,,,,,,,,False,样本不足 / 仅事件观察,,,,
MSTR,bitget|futures|MSTRUSDT::okx|futures|MSTR-USDT-SWAP,perp_perp,comparable,30,all,8637,30,5,8640,0.9996527777777777,0.3731559610892732,0.0,1.575175238245352,5.031130117603144,6.772229486760454,3.2269305480212953,-13.75936401161959,19.669309730161455,0.4401991432210258,1.514279038603572,1.9116608928318457,True,K线收盘代理；达到描述性样本门槛,0.015051522519393307,0.0,0.0,0.0
MSTR,bitget|futures|MSTRUSDT::okx|futures|MSTR-USDT-SWAP,perp_perp,comparable,30,regular,1560,20,5,1560,1.0,0.05811113627627119,0.0,1.5516509628843433,4.14450324366933,5.388843940718641,2.6370190174529826,-9.042954031648343,16.699469195442518,0.40705128205128205,1.4736100722233247,1.916788142455328,True,K线收盘代理；达到描述性样本门槛,0.001282051282051282,0.0,0.0,0.0
MSTR,bitget|futures|MSTRUSDT::okx|futures|MSTR-USDT-SWAP,perp_perp,comparable,30,non_regular,7077,30,5,7080,0.9995762711864407,0.4426020437101978,0.0,1.6002560409678068,5.294767264429456,6.928960014086715,3.3389970968934635,-13.75936401161959,19.669309730161455,0.44750600536950685,1.515785251539059,1.9183457967250628,True,K线收盘代理；达到描述性样本门槛,0.018086759926522537,0.0,0.0,0.0
MSTR,bitget|futures|MSTRUSDT::okx|futures|MSTR-USDT-SWAP,perp_perp,comparable,30,pre_market,1320,20,5,1320,1.0,0.6327811266634649,0.0,1.5472691071327649,4.671197491365024,7.988484475335619,3.5913455593390116,-8.060970247693033,19.669309730161455,0.4553030303030303,1.4347608890323549,1.675995115260065,True,K线收盘代理；达到描述性样本门槛,0.04318181818181818,0.0,0.0,0.0
MSTR,bitget|futures|MSTRUSDT::okx|futures|MSTR-USDT-SWAP,perp_perp,comparable,30,after_market,960,20,5,960,1.0,0.1485169541423891,0.0,1.5656802976804496,3.9307874979066515,4.853701406094091,2.452423161846929,-7.29217306757457,10.099097393170275,0.44166666666666665,1.4631120298921885,1.6601991590957377,True,K线收盘代理；达到描述性样本门槛,0.0010416666666666667,0.0,0.0,0.0
MSTR,bitget|futures|MSTRUSDT::okx|futures|MSTR-USDT-SWAP,perp_perp,comparable,30,overnight,1920,20,5,1920,1.0,0.7014958516775386,0.0,1.850082487669935,5.884170122819943,8.002759351218524,3.6037654000412416,-8.62001410547708,16.72551570339964,0.48020833333333335,1.5243500672475208,2.3761518428054575,True,K线收盘代理；达到描述性样本门槛,0.025520833333333333,0.0,0.0,0.0
MSTR,bitget|futures|MSTRUSDT::okx|futures|MSTR-USDT-SWAP,perp_perp,comparable,30,weekend,2589,9,5,2592,0.9988425925925926,0.41112862226854857,0.0,1.9108280254775956,5.670077116650241,7.463150866642287,3.349401640026626,-13.75936401161959,13.725123214174406,0.4395519505600618,1.5258439846727034,1.9190789383538576,True,K线收盘代理；达到描述性样本门槛,0.008111239860950173,0.0,0.0,0.0
MSTR,bitget|futures|MSTRUSDT::okx|futures|MSTR-USDT-SWAP,perp_perp,comparable,30,holiday,288,1,1,288,1.0,-0.891794229547027,-0.7061897540672213,1.4134775098040286,3.53382012803094,4.232653448954459,2.162762181850241,-8.428742010255785,4.910902202892586,0.2847222222222222,1.4134775098040286,1.4134775098040286,False,样本不足 / 仅事件观察,0.0,0.0,0.0,0.0
MSTR,bybit|futures|MSTRUSDT::gateio|futures|MSTR_USDT,perp_perp,comparable,7,all,2016,7,2,2016,1.0,0.3086214008422106,0.0,2.463964518910622,6.519329840602994,7.906431684817639,3.901781673498403,-13.17207520057484,13.166556945358732,0.4558531746031746,1.9931787870744455,2.819516561098634,True,K线收盘代理；达到描述性样本门槛,0.018353174603174604,0.0,0.0,0.0
MSTR,bybit|futures|MSTRUSDT::gateio|futures|MSTR_USDT,perp_perp,comparable,7,regular,390,5,1,390,1.0,0.5763290746368573,0.5948317196069475,1.8848957694050927,5.490354631068396,6.8841586351694986,3.455601448026996,-10.00750562922148,12.451749470800966,0.5153846153846153,1.8451322689405636,2.1437800480772484,True,K线收盘代理；达到描述性样本门槛,0.017948717948717947,0.0,0.0,0.0
MSTR,bybit|futures|MSTRUSDT::gateio|futures|MSTR_USDT,perp_perp,comparable,7,non_regular,1626,7,2,1626,1.0,0.24441107317928798,0.0,2.495166237999058,6.694662552944042,8.161984207085416,3.998744259924372,-13.17207520057484,13.166556945358732,0.44157441574415746,1.9931787870744455,3.0602823341496777,True,K线收盘代理；达到描述性样本门槛,0.01845018450184502,0.0,0.0,0.0
MSTR,bybit|futures|MSTRUSDT::gateio|futures|MSTR_USDT,perp_perp,comparable,7,pre_market,330,5,1,330,1.0,-0.05027641683635393,0.0,2.3777687967446726,4.929713887274923,6.028374957970762,3.2155744705020446,-13.17207520057484,10.346926354229957,0.42727272727272725,1.8380676116985795,2.382016256010089,True,K线收盘代理；达到描述性样本门槛,0.00909090909090909,0.0,0.0,0.0
MSTR,bybit|futures|MSTRUSDT::gateio|futures|MSTR_USDT,perp_perp,comparable,7,after_market,240,5,1,240,1.0,-0.9272979145351495,-0.6296444304887405,2.9932955448175314,7.526814275857774,8.18240009925819,4.346044210224078,-13.161830690996412,9.48316737790389,0.39166666666666666,1.8578153233084205,4.7344282734818055,True,K线收盘代理；达到描述性样本门槛,0.016666666666666666,0.0,0.0,0.0
MSTR,bybit|futures|MSTRUSDT::gateio|futures|MSTR_USDT,perp_perp,comparable,7,overnight,480,5,1,480,1.0,0.11803711693677416,0.0,2.441704455181104,6.042113978312003,7.033675242661072,3.6648810864137014,-11.940673705379545,12.119665752376996,0.44375,1.8748025625647813,2.4388035072231418,True,K线收盘代理；达到描述性样本门槛,0.01875,0.0,0.0,0.0
MSTR,bybit|futures|MSTRUSDT::gateio|futures|MSTR_USDT,perp_perp,comparable,7,weekend,576,2,2,576,1.0,1.0067661560838599,0.0,2.60705650572457,7.8216668456210225,8.973384879669144,4.351468158753042,-9.400852343945942,13.166556945358732,0.46875,2.5266090674566644,3.813939831786295,True,K线收盘代理；达到描述性样本门槛,0.024305555555555556,0.0,0.0,0.0
MSTR,bybit|futures|MSTRUSDT::gateio|futures|MSTR_USDT,perp_perp,comparable,7,holiday,0,0,0,0,0,,,,,,,,,,,,False,样本不足 / 仅事件观察,,,,
MSTR,bybit|futures|MSTRUSDT::gateio|futures|MSTR_USDT,perp_perp,comparable,30,all,6731,24,4,8640,0.779050925925926,-4.020473439424483,-2.8423221772178042,3.7864445285862303,11.751693626433912,22.283348868225026,8.269690735627224,-84.36170954472577,60.971183857152496,0.25107710592779675,2.5750392842791014,4.7980006804243525,True,K线收盘代理；达到描述性样本门槛,0.13088694101916507,0.0245134452533056,0.0010399643440796315,0.0
MSTR,bybit|futures|MSTRUSDT::gateio|futures|MSTR_USDT,perp_perp,comparable,30,regular,1236,16,4,1560,0.7923076923076923,-3.702303881161185,-1.892999991101041,3.6054442500665917,12.329950128318057,24.41000698351681,9.349568377528964,-76.74101699777668,60.971183857152496,0.30097087378640774,2.2594299787417893,5.127809177466053,True,K线收盘代理；达到描述性样本门槛,0.13915857605177995,0.029935275080906147,0.003236245954692557,0.0
MSTR,bybit|futures|MSTRUSDT::gateio|futures|MSTR_USDT,perp_perp,comparable,30,non_regular,5495,24,4,7080,0.7761299435028248,-4.092039876915555,-2.9655990510069064,3.8165511099808036,11.718804937213669,20.750640427699704,8.005010705896547,-84.36170954472577,32.09500120356257,0.23985441310282074,2.574024830070826,4.645948190380167,True,K线收盘代理；达到描述性样本门槛,0.12902638762511373,0.02329390354868062,0.000545950864422202,0.0
MSTR,bybit|futures|MSTRUSDT::gateio|futures|MSTR_USDT,perp_perp,comparable,30,pre_market,990,16,4,1320,0.75,-3.155551673835341,-2.2975301584521324,3.0622244457484404,8.59778580964754,16.045640365836604,7.28259623741132,-57.53174770223745,32.09500120356257,0.25555555555555554,2.2615928135732988,4.659425775187797,True,K线收盘代理；达到描述性样本门槛,0.08585858585858586,0.01919191919191919,0.00101010101010101,0.0
MSTR,bybit|futures|MSTRUSDT::gateio|futures|MSTR_USDT,perp_perp,comparable,30,after_market,751,16,4,960,0.7822916666666667,-4.5332271562633455,-3.083326909735229,3.726013786251592,11.591962905719289,22.39876875364255,7.6149837751185245,-60.3035974215016,11.77948798492201,0.20239680426098536,2.1964775822798375,5.125773295651115,True,K线收盘代理；达到描述性样本门槛,0.12649800266311584,0.010652463382157125,0.0013315579227696406,0.0
MSTR,bybit|futures|MSTRUSDT::gateio|futures|MSTR_USDT,perp_perp,comparable,30,overnight,1451,16,4,1920,0.7557291666666667,-3.6825895354990537,-2.510670348983002,3.6370249136208344,9.807619766127873,20.049293642206422,7.6761095926658385,-84.36170954472577,12.162675788673916,0.2439696760854583,2.4139663891789565,4.72549754616608,True,K线收盘代理；达到描述性样本门槛,0.09510682288077188,0.019986216402481046,0.0006891798759476223,0.0
MSTR,bybit|futures|MSTRUSDT::gateio|futures|MSTR_USDT,perp_perp,comparable,30,weekend,2015,7,4,2592,0.777391975308642,-5.21721616081651,-3.8115566397323164,4.857737682164576,14.012667517408817,23.903766274100846,8.816277829519585,-49.0058807056859,13.166556945358732,0.21985111662531018,3.5163426016554533,7.538063576220388,True,K线收盘代理；达到描述性样本门槛,0.19106699751861042,0.03573200992555831,0.0,0.0
MSTR,bybit|futures|MSTRUSDT::gateio|futures|MSTR_USDT,perp_perp,comparable,30,holiday,288,1,1,288,1.0,-0.3513242782840949,-0.7084413323055205,2.8232641991632335,7.794563679033861,9.204632684397195,4.606377882675853,-14.762741652021294,14.809590973199338,0.4027777777777778,2.8232641991632335,2.8232641991632335,False,样本不足 / 仅事件观察,0.020833333333333332,0.0,0.0,0.0
MSTR,bybit|futures|MSTRUSDT::okx|futures|MSTR-USDT-SWAP,perp_perp,comparable,7,all,2016,7,2,2016,1.0,1.6654705877092444,1.8100097223305855,1.908275585874586,4.824799908001998,5.830809390032221,2.493667989875569,-8.349389852280176,15.506649967198527,0.7142857142857143,1.8121571321425,2.448219332441548,True,K线收盘代理；达到描述性样本门槛,0.001488095238095238,0.0,0.0,0.0
MSTR,bybit|futures|MSTRUSDT::okx|futures|MSTR-USDT-SWAP,perp_perp,comparable,7,regular,390,5,1,390,1.0,2.3756270406092637,2.4592687023172743,2.4998438476409035,4.927581034839702,5.94616088405797,2.3832019876204535,-7.131395970761956,15.506649967198527,0.8051282051282052,2.4393236465691803,2.9730935064176123,True,K线收盘代理；达到描述性样本门槛,0.002564102564102564,0.0,0.0,0.0
MSTR,bybit|futures|MSTRUSDT::okx|futures|MSTR-USDT-SWAP,perp_perp,comparable,7,non_regular,1626,7,2,1626,1.0,1.4951378591538893,1.2908233076647235,1.8830027617378065,4.7286919294375895,5.722737168902814,2.489501797765228,-8.349389852280176,12.423903590508267,0.6924969249692496,1.5333695390934432,2.421681060740255,True,K线收盘代理；达到描述性样本门槛,0.0012300123001230013,0.0,0.0,0.0
MSTR,bybit|futures|MSTRUSDT::okx|futures|MSTR-USDT-SWAP,perp_perp,comparable,7,pre_market,330,5,1,330,1.0,1.3629583572518038,1.2338062971073427,1.8087544763567553,3.8116778221395364,4.81232542687271,2.121136713727779,-4.874185097177852,7.992130825034138,0.706060606060606,1.2328182791621067,1.8079414537930383,True,K线收盘代理；达到描述性样本门槛,0.0,0.0,0.0,0.0
MSTR,bybit|futures|MSTRUSDT::okx|futures|MSTR-USDT-SWAP,perp_perp,comparable,7,after_market,240,5,1,240,1.0,1.7071968909474626,1.8527671446899596,1.8927452329098315,4.718150257355669,5.315245407550128,2.2873560221019433,-6.585249042144747,8.384237633249914,0.75,1.8504819770093217,2.3902014082477496,True,K线收盘代理；达到描述性样本门槛,0.0,0.0,0.0,0.0
MSTR,bybit|futures|MSTRUSDT::okx|futures|MSTR-USDT-SWAP,perp_perp,comparable,7,overnight,480,5,1,480,1.0,1.889657006736725,1.8516804158352773,2.3431638144244538,4.8304806877750295,5.622900260457963,2.32366365302619,-4.34701608395871,12.423903590508267,0.76875,2.366866300285153,2.474788181526799,True,K线收盘代理；达到描述性样本门槛,0.0020833333333333333,0.0,0.0,0.0
MSTR,bybit|futures|MSTRUSDT::okx|futures|MSTR-USDT-SWAP,perp_perp,comparable,7,weekend,576,2,2,576,1.0,1.1537418125522734,0.6508934676330291,1.889347322329149,5.2352627010221475,5.943929112062762,2.821909236621959,-8.349389852280176,11.189363522674522,0.5972222222222222,1.5924949314310988,2.2646851991597883,True,K线收盘代理；达到描述性样本门槛,0.001736111111111111,0.0,0.0,0.0
MSTR,bybit|futures|MSTRUSDT::okx|futures|MSTR-USDT-SWAP,perp_perp,comparable,7,holiday,0,0,0,0,0,,,,,,,,,,,,False,样本不足 / 仅事件观察,,,,
MSTR,bybit|futures|MSTRUSDT::okx|futures|MSTR-USDT-SWAP,perp_perp,comparable,30,all,8636,30,5,8640,0.999537037037037,-0.17151395136511477,0.0,1.9313721179742283,4.852574185426617,5.752728661302109,2.985151852975665,-15.22280653196817,15.506649967198527,0.4380500231588699,1.5205326162495703,2.383915331129194,True,K线收盘代理；达到描述性样本门槛,0.003242241778601204,0.0,0.0,0.0
MSTR,bybit|futures|MSTRUSDT::okx|futures|MSTR-USDT-SWAP,perp_perp,comparable,30,regular,1560,20,5,1560,1.0,0.4259907339572141,0.7192696727276182,1.9556766414885463,4.825469091656599,5.627899827800486,2.999308072730903,-12.589503501455601,15.506649967198527,0.532051282051282,1.517496476979019,2.454453696837111,True,K线收盘代理；达到描述性样本门槛,0.004487179487179487,0.0,0.0,0.0
MSTR,bybit|futures|MSTRUSDT::okx|futures|MSTR-USDT-SWAP,perp_perp,comparable,30,non_regular,7076,30,5,7080,0.9994350282485875,-0.3032419486945146,0.0,1.9306261744156394,4.853758861597113,5.762880836824024,2.9658715653458283,-15.22280653196817,12.423903590508267,0.41732617297908425,1.5326888493194524,2.3184102846339485,True,K线收盘代理；达到描述性样本门槛,0.0029677784058790278,0.0,0.0,0.0
MSTR,bybit|futures|MSTRUSDT::okx|futures|MSTR-USDT-SWAP,perp_perp,comparable,30,pre_market,1320,20,5,1320,1.0,0.12136887054971782,0.0,1.5664775785800833,3.902227509637758,4.818523052081192,2.540295154716724,-12.084592145015227,10.863661053774898,0.471969696969697,1.4322527363938575,2.174885474340582,True,K线收盘代理；达到描述性样本门槛,0.0022727272727272726,0.0,0.0,0.0
MSTR,bybit|futures|MSTRUSDT::okx|futures|MSTR-USDT-SWAP,perp_perp,comparable,30,after_market,960,20,5,960,1.0,0.034916960330230264,0.0,1.7673053568822983,4.459135226558388,5.315245407550126,2.6593939676970173,-8.519206939282542,8.384237633249914,0.4510416666666667,1.4899783358031382,2.3538816928365955,True,K线收盘代理；达到描述性样本门槛,0.0,0.0,0.0,0.0
MSTR,bybit|futures|MSTRUSDT::okx|futures|MSTR-USDT-SWAP,perp_perp,comparable,30,overnight,1920,20,5,1920,1.0,-0.0037598013162045327,0.0,1.9304410674930716,4.590326438129296,5.513457824764864,2.8222267666672733,-10.154493363314643,12.423903590508267,0.4578125,1.546476545061931,2.3908187060300845,True,K线收盘代理；达到描述性样本门槛,0.0010416666666666667,0.0,0.0,0.0
MSTR,bybit|futures|MSTRUSDT::okx|futures|MSTR-USDT-SWAP,perp_perp,comparable,30,weekend,2588,9,5,2592,0.9984567901234568,-0.9095321224485968,-0.7681966685441077,2.3045014595179936,5.549314015022012,6.59265690033295,3.323422661682075,-15.22280653196817,11.189363522674522,0.34389489953632146,1.5695507185248259,2.759381898456148,True,K线收盘代理；达到描述性样本门槛,0.0061823802163833074,0.0,0.0,0.0
MSTR,bybit|futures|MSTRUSDT::okx|futures|MSTR-USDT-SWAP,perp_perp,comparable,30,holiday,288,1,1,288,1.0,0.07507198409391501,0.0,1.4077568024062348,3.7314311491457652,4.637404780045804,2.3166502153843234,-6.990562740302186,6.929046563193264,0.4444444444444444,1.4077568024062348,1.4077568024062348,False,样本不足 / 仅事件观察,0.0,0.0,0.0,0.0
MSTR,gateio|futures|MSTR_USDT::okx|futures|MSTR-USDT-SWAP,perp_perp,comparable,7,all,2016,7,2,2016,1.0,1.3578946278832587,1.8218809915226952,2.6347858304315297,6.150250907691612,7.156571266222766,3.569377448585956,-13.37835255144304,14.910240353074311,0.6478174603174603,2.4343653180788904,3.1616673418863317,True,K线收盘代理；达到描述性样本门槛,0.008432539682539682,0.0,0.0,0.0
MSTR,gateio|futures|MSTR_USDT::okx|futures|MSTR-USDT-SWAP,perp_perp,comparable,7,regular,390,5,1,390,1.0,1.7999949176661652,1.839080751772082,2.457004830218601,5.931868162473153,6.791434349580182,3.122697684394205,-9.5397090388738,14.910240353074311,0.7230769230769231,1.806521557508045,2.8260074813779568,True,K线收盘代理；达到描述性样本门槛,0.005128205128205128,0.0,0.0,0.0
MSTR,gateio|futures|MSTR_USDT::okx|futures|MSTR-USDT-SWAP,perp_perp,comparable,7,non_regular,1626,7,2,1626,1.0,1.2518558129906798,1.7952248630059842,2.954471657228841,6.262332797458692,7.203533017197117,3.660505651833375,-13.37835255144304,13.789795551293338,0.6297662976629766,2.4692379830767996,3.162606164294479,True,K线收盘代理；达到描述性样本门槛,0.00922509225092251,0.0,0.0,0.0
MSTR,gateio|futures|MSTR_USDT::okx|futures|MSTR-USDT-SWAP,perp_perp,comparable,7,pre_market,330,5,1,330,1.0,1.4140659315257738,1.790777535777277,2.982774181059522,5.48195527647144,6.488884685938783,3.2618752740822594,-9.846153846153616,13.789795551293338,0.6636363636363637,2.4960518883571092,3.0602572777593817,True,K线收盘代理；达到描述性样本门槛,0.006060606060606061,0.0,0.0,0.0
MSTR,gateio|futures|MSTR_USDT::okx|futures|MSTR-USDT-SWAP,perp_perp,comparable,7,after_market,240,5,1,240,1.0,2.636098082267553,2.994645033378429,3.1411005576531537,7.214058132777978,8.377439670746334,3.6765217483236095,-7.679130486147878,11.327166320558302,0.7291666666666666,2.3643466668721302,5.376504909616608,True,K线收盘代理；达到描述性样本门槛,0.016666666666666666,0.0,0.0,0.0
MSTR,gateio|futures|MSTR_USDT::okx|futures|MSTR-USDT-SWAP,perp_perp,comparable,7,overnight,480,5,1,480,1.0,1.7726121765346177,2.3344208314868276,2.529778180634379,6.1379851680909425,7.463437521905699,3.4972189246900807,-13.37835255144304,12.920691564635156,0.7020833333333333,2.4579839524552227,2.8076123512865703,True,K线收盘代理；达到描述性样本门槛,0.014583333333333334,0.0,0.0,0.0
MSTR,gateio|futures|MSTR_USDT::okx|futures|MSTR-USDT-SWAP,perp_perp,comparable,7,weekend,576,2,2,576,1.0,0.1481916840946367,0.6238886988629844,2.6347858304315297,5.870078680316193,7.046087841560967,3.6942833227089964,-10.269576379975387,9.46790380609741,0.5086805555555556,2.679714514148973,3.013544352173242,True,K线收盘代理；达到描述性样本门槛,0.003472222222222222,0.0,0.0,0.0
MSTR,gateio|futures|MSTR_USDT::okx|futures|MSTR-USDT-SWAP,perp_perp,comparable,7,holiday,0,0,0,0,0,,,,,,,,,,,,False,样本不足 / 仅事件观察,,,,
MSTR,gateio|futures|MSTR_USDT::okx|futures|MSTR-USDT-SWAP,perp_perp,comparable,30,all,6729,24,4,8640,0.7788194444444444,3.8690338061630416,2.769124264452305,3.2216494845371813,10.077676795943178,19.543792145456873,7.438164882410182,-61.31871302842207,82.95254833040389,0.7338386090057958,2.3782681255411777,4.265293705913442,True,K线收盘代理；达到描述性样本门槛,0.10090652400059444,0.01649576460098083,0.00163471541090801,0.0
MSTR,gateio|futures|MSTR_USDT::okx|futures|MSTR-USDT-SWAP,perp_perp,comparable,30,regular,1236,16,4,1560,0.7923076923076923,4.228795231465496,2.9994058297599935,3.635836018085481,11.877372739212966,21.93921759305495,8.794166296500496,-61.31871302842207,80.97751427951661,0.7508090614886731,2.29340974346251,5.166064947184079,True,K线收盘代理；达到描述性样本门槛,0.11812297734627832,0.020226537216828478,0.0056634304207119745,0.0
MSTR,gateio|futures|MSTR_USDT::okx|futures|MSTR-USDT-SWAP,perp_perp,comparable,30,non_regular,5493,24,4,7080,0.7758474576271186,3.7880825733806214,2.5637738751438377,3.191625175538171,9.857559006910767,18.26663671228612,7.094915830666594,-31.195008798592383,82.95254833040389,0.7300200254869834,2.327138155542724,4.181180186043909,True,K线收盘代理；达到描述性样本门槛,0.0970325869288185,0.015656289823411614,0.0007281995266703076,0.0
MSTR,gateio|futures|MSTR_USDT::okx|futures|MSTR-USDT-SWAP,perp_perp,comparable,30,pre_market,990,16,4,1320,0.75,3.20168091702579,2.263724550713997,3.023134586950804,8.603021646414577,14.649571130670214,7.110253538240962,-31.195008798592383,56.44535384181193,0.7292929292929293,2.314682398867618,3.926009003591968,True,K线收盘代理；达到描述性样本门槛,0.07777777777777778,0.01919191919191919,0.00202020202020202,0.0
MSTR,gateio|futures|MSTR_USDT::okx|futures|MSTR-USDT-SWAP,perp_perp,comparable,30,after_market,751,16,4,960,0.7822916666666667,4.557565136566292,3.1138097462246606,3.647771211789941,10.956331194240665,20.294645803896614,6.841853386293695,-7.679130486147878,59.967924133603745,0.7736351531291611,2.2973290688237116,5.602434576202631,True,K线收盘代理；达到描述性样本门槛,0.11318242343541944,0.0039946737683089215,0.0013315579227696406,0.0
MSTR,gateio|futures|MSTR_USDT::okx|futures|MSTR-USDT-SWAP,perp_perp,comparable,30,overnight,1451,16,4,1920,0.7557291666666667,3.6131943895902516,2.447980416155904,3.0983733539891034,8.40207760464562,18.31953517028473,7.1485843759908185,-13.37835255144304,82.95254833040389,0.729841488628532,2.4239834455705433,4.280080329663038,True,K线收盘代理；达到描述性样本门槛,0.08132322536181943,0.01722949689869056,0.0006891798759476223,0.0
MSTR,gateio|futures|MSTR_USDT::okx|futures|MSTR-USDT-SWAP,perp_perp,comparable,30,weekend,2013,7,4,2592,0.7766203703703703,4.39614496368551,3.1184220784274963,3.8282396478017677,11.095546533551826,20.365170950009222,7.252350587787002,-10.269576379975387,45.007032348804984,0.7456532538499752,2.7953941217701006,5.70617471491619,True,K线收盘代理；达到描述性样本门槛,0.12071535022354694,0.019374068554396422,0.0,0.0
MSTR,gateio|futures|MSTR_USDT::okx|futures|MSTR-USDT-SWAP,perp_perp,comparable,30,holiday,288,1,1,288,1.0,0.4283235380852412,0.7028398915676082,2.824759016267775,7.796190620144472,9.501509350535889,4.732244719479105,-13.420922511830913,13.858093126386528,0.5104166666666666,2.824759016267775,2.824759016267775,False,样本不足 / 仅事件观察,0.034722222222222224,0.0,0.0,0.0
MSTR,okx|futures|MSTR-USDT-SWAP::okx|spot|XMSTR-USDT,spot_perp,comparable,7,all,2004,7,2,2016,0.9940476190476191,4.9374014268245325,4.968481202195507,5.008451762349431,9.688284643311729,11.337332518197128,3.9526582389376306,-11.619373776907693,21.47878156730121,0.8877245508982036,4.726763178890536,5.744068105689726,True,K线收盘代理；达到描述性样本门槛,0.09131736526946108,0.0,0.0,0.0
MSTR,okx|futures|MSTR-USDT-SWAP::okx|spot|XMSTR-USDT,spot_perp,comparable,7,regular,390,5,1,390,1.0,6.481499820667343,6.594929169854158,6.631504015770506,11.19374442812804,13.019414411861044,3.928454783523866,-11.619373776907693,20.292450014920416,0.9487179487179487,5.898712314198473,7.322882499620764,True,K线收盘代理；达到描述性样本门槛,0.15897435897435896,0.0,0.0,0.0
MSTR,okx|futures|MSTR-USDT-SWAP::okx|spot|XMSTR-USDT,spot_perp,comparable,7,non_regular,1614,7,2,1626,0.992619926199262,4.56429214950192,4.586705112546996,4.726875442189193,9.312895244400377,11.048381803136161,3.86707528154299,-9.869070333574648,21.47878156730121,0.8729863692688972,4.06342437909657,5.524347251437134,True,K线收盘代理；达到描述性样本门槛,0.07496902106567534,0.0,0.0,0.0
MSTR,okx|futures|MSTR-USDT-SWAP::okx|spot|XMSTR-USDT,spot_perp,comparable,7,pre_market,330,5,1,330,1.0,4.002880027394583,4.166923202241213,4.284628690339742,8.643914900756672,10.18746016134331,3.932972359718996,-9.613651384966504,19.708074151627564,0.8545454545454545,3.1533849517151324,4.801489434328454,True,K线收盘代理；达到描述性样本门槛,0.06060606060606061,0.0,0.0,0.0
MSTR,okx|futures|MSTR-USDT-SWAP::okx|spot|XMSTR-USDT,spot_perp,comparable,7,after_market,237,5,1,240,0.9875,5.092437141323502,4.958165478774479,4.961855734044729,9.95821802256325,11.282370599979162,3.533875673130775,-5.589714924538747,15.551169328309467,0.9282700421940928,4.928232612577688,6.193211363078044,True,K线收盘代理；达到描述性样本门槛,0.10126582278481013,0.0,0.0,0.0
MSTR,okx|futures|MSTR-USDT-SWAP::okx|spot|XMSTR-USDT,spot_perp,comparable,7,overnight,479,5,1,480,0.9979166666666667,5.374651622393498,5.102366222335952,5.130836326321386,9.806817353987363,11.245293990845616,3.6594098518670215,-6.916933911841339,20.04761308106673,0.9311064718162839,4.867071244245569,5.806722652353935,True,K线收盘代理；达到描述性样本门槛,0.09394572025052192,0.0,0.0,0.0
MSTR,okx|futures|MSTR-USDT-SWAP::okx|spot|XMSTR-USDT,spot_perp,comparable,7,weekend,568,2,2,576,0.9861111111111112,3.9867101947812187,3.845414738277153,4.366812838860756,8.965801123441697,10.364954378195065,3.9769060866052843,-9.869070333574648,21.47878156730121,0.8116197183098591,3.6512887721842913,4.660401026000683,True,K线收盘代理；达到描述性样本门槛,0.056338028169014086,0.0,0.0,0.0
MSTR,okx|futures|MSTR-USDT-SWAP::okx|spot|XMSTR-USDT,spot_perp,comparable,7,holiday,0,0,0,0,0,,,,,,,,,,,,False,样本不足 / 仅事件观察,,,,
MSTR,okx|futures|MSTR-USDT-SWAP::okx|spot|XMSTR-USDT,spot_perp,comparable,30,all,8604,30,5,8640,0.9958333333333333,2.9935672108480125,3.8497568547579686,5.0264787737230865,11.333866986497187,13.945058013178018,6.603063085632968,-33.08519437551727,35.04847129008226,0.7553463505346351,4.049846583049909,5.876236717631822,True,K线收盘代理；达到描述性样本门槛,0.1407484890748489,0.00046490004649000463,0.0,0.0
MSTR,okx|futures|MSTR-USDT-SWAP::okx|spot|XMSTR-USDT,spot_perp,comparable,30,regular,1560,20,5,1560,1.0,5.132705718572089,6.096275855005384,6.748834721616026,12.794978772821654,15.564650390651629,6.789831507515156,-28.231344422402493,35.04847129008226,0.8269230769230769,5.86437703896353,7.683919127838834,True,K线收盘代理；达到描述性样本门槛,0.21794871794871795,0.001282051282051282,0.0,0.0
MSTR,okx|futures|MSTR-USDT-SWAP::okx|spot|XMSTR-USDT,spot_perp,comparable,30,non_regular,7044,30,5,7080,0.9949152542372881,2.5198227372464284,3.5310735167704,4.650261640065101,10.815728800433465,13.669761599979232,6.465959881449197,-33.08519437551727,30.04051977085309,0.7394946053378763,3.8533763185105707,5.575423508148159,True,K线收盘代理；达到描述性样本门槛,0.12365133446905167,0.00028392958546280523,0.0,0.0
MSTR,okx|futures|MSTR-USDT-SWAP::okx|spot|XMSTR-USDT,spot_perp,comparable,30,pre_market,1320,20,5,1320,1.0,3.24816177455756,3.7944909462772625,4.69387939828203,10.727068271446319,13.13929505360961,6.019322552536439,-23.18213430183014,27.055891776435192,0.7553030303030303,3.4612609731060617,6.037332886192348,True,K线收盘代理；达到描述性样本门槛,0.12348484848484849,0.0,0.0,0.0
MSTR,okx|futures|MSTR-USDT-SWAP::okx|spot|XMSTR-USDT,spot_perp,comparable,30,after_market,954,20,5,960,0.99375,4.492168679106742,4.658927677171354,4.955862925145604,10.209978356298333,11.448460008592786,4.557968838459255,-14.983045501143488,22.702364177236145,0.8438155136268344,4.295249018546055,6.1393197510159485,True,K线收盘代理；达到描述性样本门槛,0.10796645702306079,0.0,0.0,0.0
MSTR,okx|futures|MSTR-USDT-SWAP::okx|spot|XMSTR-USDT,spot_perp,comparable,30,overnight,1914,20,5,1920,0.996875,3.7212821535394953,3.8942333560376685,4.520120281601425,9.43101935852142,11.45882035349721,4.858331704599922,-23.201856148492574,27.36940882076988,0.7763845350052246,3.861403486116466,5.063407794989594,True,K线收盘代理；达到描述性样本门槛,0.08463949843260188,0.0,0.0,0.0
MSTR,okx|futures|MSTR-USDT-SWAP::okx|spot|XMSTR-USDT,spot_perp,comparable,30,weekend,2568,9,5,2592,0.9907407407407407,0.22684380335615256,2.5021120398693864,4.677633231363054,13.111115593841818,16.280144292660726,7.738565650237754,-33.08519437551727,30.04051977085309,0.6452492211838006,3.1467326452760958,5.164957152908878,True,K线收盘代理；达到描述性样本门槛,0.16277258566978192,0.000778816199376947,0.0,0.0
MSTR,okx|futures|MSTR-USDT-SWAP::okx|spot|XMSTR-USDT,spot_perp,comparable,30,holiday,288,1,1,288,1.0,5.109236006898735,4.9078049514106326,4.925068818593115,9.856387726068228,11.679830939195988,4.28344698765351,-9.202236851421075,24.002823861630773,0.9166666666666666,4.925068818593115,4.925068818593115,False,样本不足 / 仅事件观察,0.08680555555555555,0.0,0.0,0.0
MSTR,gateio|futures|MSTR_USDT::gateio|spot|MSTRG_USDT,spot_perp,reference,7,all,1703,7,2,2016,0.8447420634920635,8.574674284207672,8.816676113105881,9.429810775130054,19.354538363549608,22.03281154073422,8.921104060143298,-36.57128191967285,41.36893569010924,0.8561362301820317,8.301745391703086,10.616506643669199,True,K线收盘代理；达到描述性样本门槛,0.46271285965942455,0.012331180270111567,0.0,0.0
MSTR,gateio|futures|MSTR_USDT::gateio|spot|MSTRG_USDT,spot_perp,reference,7,regular,387,5,1,390,0.9923076923076923,8.517200348822882,8.78900119279491,9.439305267133768,20.814936790587435,24.911353521741784,10.041686924219203,-27.605668363903657,39.0600390600393,0.8294573643410853,8.421052631577552,10.657824619575429,True,K线收盘代理；达到描述性样本门槛,0.48578811369509045,0.023255813953488372,0.0,0.0
MSTR,gateio|futures|MSTR_USDT::gateio|spot|MSTRG_USDT,spot_perp,reference,7,non_regular,1316,7,2,1626,0.8093480934809348,8.591575813838306,8.832538513530164,9.423941947654392,18.863590983784206,21.484489061749933,8.563642517543888,-36.57128191967285,41.36893569010924,0.8639817629179332,8.163826004629893,10.54756239010468,True,K线收盘代理；达到描述性样本门槛,0.45592705167173253,0.00911854103343465,0.0,0.0
MSTR,gateio|futures|MSTR_USDT::gateio|spot|MSTRG_USDT,spot_perp,reference,7,pre_market,328,5,1,330,0.9939393939393939,7.844717292578634,8.472531794161409,9.107013070931425,18.843266936995786,21.011345554946324,8.815946498450481,-26.070984179652477,35.70780124674711,0.8414634146341463,8.448239454934559,9.618274721971964,True,K线收盘代理；达到描述性样本门槛,0.4298780487804878,0.006097560975609756,0.0,0.0
MSTR,gateio|futures|MSTR_USDT::gateio|spot|MSTRG_USDT,spot_perp,reference,7,after_market,229,5,1,240,0.9541666666666667,10.312235277199926,10.464758387196404,10.464758387196404,17.871389401387553,21.705356073551393,6.37072224055833,-10.06512729425757,27.70257508027507,0.9475982532751092,8.029647930820616,11.321654153260141,True,K线收盘代理；达到描述性样本门槛,0.5283842794759825,0.0,0.0,0.0
MSTR,gateio|futures|MSTR_USDT::gateio|spot|MSTRG_USDT,spot_perp,reference,7,overnight,438,5,1,480,0.9125,8.799224451501402,8.807344440470155,9.237597703039002,18.631564057777663,21.092295785846368,7.997944788485752,-26.50644990281115,38.98273621681714,0.8767123287671232,9.203354973410516,9.913115143307394,True,K线收盘代理；达到描述性样本门槛,0.4429223744292237,0.0045662100456621,0.0,0.0
MSTR,gateio|futures|MSTR_USDT::gateio|spot|MSTRG_USDT,spot_perp,reference,7,weekend,321,2,2,576,0.5572916666666666,7.843876357660498,8.124492219236945,9.119927040583953,19.564531397917584,22.737320785699566,10.084776488574253,-36.57128191967285,41.36893569010924,0.8099688473520249,8.880061818447722,10.016451297471946,False,样本不足 / 仅事件观察,0.4485981308411215,0.024922118380062305,0.0,0.0
MSTR,gateio|futures|MSTR_USDT::gateio|spot|MSTRG_USDT,spot_perp,reference,7,holiday,0,0,0,0,0,,,,,,,,,,,,False,样本不足 / 仅事件观察,,,,
MSTR,gateio|futures|MSTR_USDT::gateio|spot|MSTRG_USDT,spot_perp,reference,30,all,5641,24,4,8640,0.6528935185185185,10.562793752446629,10.115434963702263,10.64836725035434,22.359692926885444,27.121001390819632,10.175746237124038,-64.90228600273818,86.0821759259256,0.8780358092536784,8.940053269580195,11.840797681834935,False,样本不足 / 仅事件观察,0.5275660343910654,0.03580925367842581,0.0028363765289842226,0.0
MSTR,gateio|futures|MSTR_USDT::gateio|spot|MSTRG_USDT,spot_perp,reference,30,regular,1232,16,4,1560,0.7897435897435897,11.035461165495848,10.505599325221215,11.28570996937972,24.954494918182146,30.100841769214128,11.99891024724192,-64.90228600273818,86.0821759259256,0.8538961038961039,8.637909192645843,13.256601678191815,True,K线收盘代理；达到描述性样本门槛,0.5511363636363636,0.05194805194805195,0.006493506493506494,0.0
MSTR,gateio|futures|MSTR_USDT::gateio|spot|MSTRG_USDT,spot_perp,reference,30,non_regular,4409,24,4,7080,0.6227401129943503,10.430717033717519,10.079863534155908,10.440748750837336,21.555178064328846,26.3187994882008,9.60047893894618,-36.57128191967285,75.50200803212891,0.884781129507825,9.309191648335657,11.937184133702372,False,样本不足 / 仅事件观察,0.5209798140167838,0.031299614425039694,0.0018144704014515763,0.0
MSTR,gateio|futures|MSTR_USDT::gateio|spot|MSTRG_USDT,spot_perp,reference,30,pre_market,983,16,4,1320,0.7446969696969697,9.735855826867779,9.335324869306216,9.95237079690181,21.150747833572407,27.05516483766556,9.952487720494188,-35.97697473616934,59.368153226375675,0.873855544252289,8.921560707496612,10.901851396932226,True,K线收盘代理；达到描述性样本门槛,0.49643947100712105,0.03560528992878942,0.002034587995930824,0.0
MSTR,gateio|futures|MSTR_USDT::gateio|spot|MSTRG_USDT,spot_perp,reference,30,after_market,732,16,4,960,0.7625,12.221888655715153,11.778872218594083,11.799850890934493,22.64356544855306,26.510394865355558,8.584889711998159,-20.156601286922537,60.669456066946296,0.9467213114754098,9.668928817703481,13.158445880684933,True,K线收盘代理；达到描述性样本门槛,0.6024590163934426,0.030054644808743168,0.00273224043715847,0.0
MSTR,gateio|futures|MSTR_USDT::gateio|spot|MSTRG_USDT,spot_perp,reference,30,overnight,1333,16,4,1920,0.6942708333333333,10.506991229543395,9.777376654631631,9.982970227260246,20.97884792194637,25.620353534055333,9.279269157276122,-30.41946845981358,75.50200803212891,0.8912228057014253,9.151253063041931,10.976076678118895,False,样本不足 / 仅事件观察,0.4973743435858965,0.03075768942235559,0.002250562640660165,0.0
MSTR,gateio|futures|MSTR_USDT::gateio|spot|MSTRG_USDT,spot_perp,reference,30,weekend,1087,7,4,2592,0.4193672839506173,10.824669470005706,10.780840905588729,11.43205548357562,22.78810022448496,26.6220248174558,10.092431638700905,-36.57128191967285,44.26644182124795,0.8739650413983441,9.448256557959834,13.469717963184857,False,样本不足 / 仅事件观察,0.5565777368905244,0.03403863845446182,0.0,0.0
MSTR,gateio|futures|MSTR_USDT::gateio|spot|MSTRG_USDT,spot_perp,reference,30,holiday,274,1,1,288,0.9513888888888888,6.20448031017693,6.3521226261109565,7.409954609496339,16.843984830400732,19.129873570456247,8.892551983526484,-32.61023677867625,54.73188305390009,0.7700729927007299,7.409954609496339,7.409954609496339,False,样本不足 / 仅事件观察,0.36496350364963503,0.010948905109489052,0.0036496350364963502,0.0
MSTR,gateio|futures|MSTR_USDT::gateio|spot|MSTRX_USDT,spot_perp,reference,7,all,1700,7,2,2016,0.8432539682539683,6.481477135879461,6.916499240067209,8.164293868843654,18.156233128746823,21.947960222505,9.346884758578275,-32.88849535133864,44.495219770308566,0.7841176470588235,7.216237089366362,9.109782925160737,True,K线收盘代理；达到描述性样本门槛,0.3905882352941176,0.010588235294117647,0.0,0.0
MSTR,gateio|futures|MSTR_USDT::gateio|spot|MSTRX_USDT,spot_perp,reference,7,regular,377,5,1,390,0.9666666666666667,9.834961588504758,9.736505811477336,10.010599458250002,22.858094811587755,27.108762377242794,9.892572401315585,-25.96789423984891,44.495219770308566,0.8488063660477454,9.59093208631967,10.467658104752475,True,K线收盘代理；达到描述性样本门槛,0.5039787798408488,0.03183023872679045,0.0,0.0
MSTR,gateio|futures|MSTR_USDT::gateio|spot|MSTRX_USDT,spot_perp,reference,7,non_regular,1323,7,2,1626,0.8136531365313653,5.525873478555398,6.168270416975208,7.7071290944119575,17.192687300604966,20.244662442272514,8.95850275384728,-32.88849535133864,38.517975055025744,0.7656840513983371,7.004839630072035,8.471006606314834,True,K线收盘代理；达到描述性样本门槛,0.35827664399092973,0.0045351473922902496,0.0,0.0
MSTR,gateio|futures|MSTR_USDT::gateio|spot|MSTRX_USDT,spot_perp,reference,7,pre_market,313,5,1,330,0.9484848484848485,4.197120044597463,5.634155502691751,7.742703990469835,18.45544955565526,21.559472433651187,9.86027079374872,-32.88849535133864,25.94268476621364,0.7156549520766773,6.288517167651886,8.35200949544146,True,K线收盘代理；达到描述性样本门槛,0.3450479233226837,0.003194888178913738,0.0,0.0
MSTR,gateio|futures|MSTR_USDT::gateio|spot|MSTRX_USDT,spot_perp,reference,7,after_market,209,5,1,240,0.8708333333333333,7.7504306985981195,8.667120658700789,8.981498113884712,18.008663502445454,19.938127070509456,7.99051701989264,-27.106658809662456,25.63643951588812,0.861244019138756,6.155183688729693,11.36091844056386,True,K线收盘代理；达到描述性样本门槛,0.4449760765550239,0.0,0.0,0.0
MSTR,gateio|futures|MSTR_USDT::gateio|spot|MSTRX_USDT,spot_perp,reference,7,overnight,421,5,1,480,0.8770833333333333,6.650534293478809,7.54954388172413,8.743988507899925,17.358958462492247,20.993701889432394,9.003234341995123,-22.606074658011455,38.517975055025744,0.7838479809976246,8.419610648635611,9.277060144221583,True,K线收盘代理；达到描述性样本门槛,0.40617577197149646,0.007125890736342043,0.0,0.0
MSTR,gateio|futures|MSTR_USDT::gateio|spot|MSTRX_USDT,spot_perp,reference,7,weekend,380,2,2,576,0.6597222222222222,4.150834433179472,4.440498211278898,5.829073736653423,15.39906968047833,18.31007944646468,8.181807842275044,-31.669622498099457,32.5317343879572,0.7342105263157894,5.882231793150061,6.115992227784806,False,样本不足 / 仅事件观察,0.26842105263157895,0.005263157894736842,0.0,0.0
MSTR,gateio|futures|MSTR_USDT::gateio|spot|MSTRX_USDT,spot_perp,reference,7,holiday,0,0,0,0,0,,,,,,,,,,,,False,样本不足 / 仅事件观察,,,,
MSTR,gateio|futures|MSTR_USDT::gateio|spot|MSTRX_USDT,spot_perp,reference,30,all,5688,24,4,8640,0.6583333333333333,10.017224005184387,9.138679513819303,9.830982734213567,24.021966273023452,31.005349683367097,11.280441325746528,-58.44999278395213,90.75559307724967,0.8496835443037974,7.810931935263721,10.577327211162835,False,样本不足 / 仅事件观察,0.48874824191279886,0.05573136427566807,0.003340365682137834,0.0
MSTR,gateio|futures|MSTR_USDT::gateio|spot|MSTRX_USDT,spot_perp,reference,30,regular,1202,16,4,1560,0.7705128205128206,12.410240486437171,11.619547498288307,12.278889381264202,28.01975651427236,33.806707812583326,12.754514080305649,-58.44999278395213,89.73152905420223,0.870216306156406,9.593655037893889,12.966839705812472,True,K线收盘代理；达到描述性样本门槛,0.6023294509151415,0.07903494176372712,0.008319467554076539,0.0
MSTR,gateio|futures|MSTR_USDT::gateio|spot|MSTRX_USDT,spot_perp,reference,30,non_regular,4486,24,4,7080,0.6336158192090395,9.376027881585223,8.487981903132491,9.224133793676037,22.37741856062403,29.81516725494626,10.761493606395483,-33.07064452575226,90.75559307724967,0.8441818992420865,7.620990681847239,9.825124687441733,False,样本不足 / 仅事件观察,0.45831475702184576,0.049487293802942485,0.0020062416406598305,0.0
MSTR,gateio|futures|MSTR_USDT::gateio|spot|MSTRX_USDT,spot_perp,reference,30,pre_market,937,16,4,1320,0.7098484848484848,7.759488186817248,6.974581525107659,8.481764206955678,21.48806097618383,27.119111251827636,11.509999364887802,-32.88849535133864,69.23348640056392,0.80042689434365,6.8037284667454845,9.838380864583968,True,K线收盘代理；达到描述性样本门槛,0.41728922091782283,0.042689434364994665,0.004268943436499467,0.0
MSTR,gateio|futures|MSTR_USDT::gateio|spot|MSTRX_USDT,spot_perp,reference,30,after_market,670,16,4,960,0.6979166666666666,10.881701458050621,10.226443149963238,10.4572751164822,22.719382191395578,29.393954154257045,9.68786452885704,-27.106658809662456,64.17858388559682,0.9044776119402985,7.394282687481074,12.892029943313565,False,样本不足 / 仅事件观察,0.5313432835820896,0.04626865671641791,0.0029850746268656717,0.0
MSTR,gateio|futures|MSTR_USDT::gateio|spot|MSTRX_USDT,spot_perp,reference,30,overnight,1269,16,4,1920,0.6609375,9.242739938407363,8.333333333334636,9.079903147699575,21.855938395356493,29.282212261887267,10.545910973229379,-29.997857295906982,90.75559307724967,0.8408195429472025,7.231680015765546,9.926096870351008,False,样本不足 / 仅事件观察,0.4397163120567376,0.04964539007092199,0.0015760441292356187,0.0
MSTR,gateio|futures|MSTR_USDT::gateio|spot|MSTRX_USDT,spot_perp,reference,30,weekend,1380,7,4,2592,0.5324074074074074,10.376915823221504,9.153694152219671,9.910425019163949,24.522447685091052,32.02899887055665,11.033494936349364,-31.669622498099457,52.2119523036757,0.8565217391304348,5.999112010467433,12.195925797119367,False,样本不足 / 仅事件观察,0.4905797101449275,0.06159420289855073,0.0007246376811594203,0.0
MSTR,gateio|futures|MSTR_USDT::gateio|spot|MSTRX_USDT,spot_perp,reference,30,holiday,230,1,1,288,0.7986111111111112,6.305651525934865,6.355483655052785,7.627237487103367,15.67315085898979,19.274883796053672,8.29704043992051,-33.07064452575226,34.88209850704527,0.7913043478260869,7.627237487103367,7.627237487103367,False,样本不足 / 仅事件观察,0.3217391304347826,0.013043478260869565,0.0,0.0
MSTR,gateio|futures|MSTR_USDT::gateio|spot|MSTRON_USDT,spot_perp,reference,7,all,1551,7,2,2016,0.7693452380952381,17.455814682737188,17.89902481175165,18.120318917613787,30.997386494864276,36.18820636759224,12.196757002342455,-40.32504429644979,94.22492401215843,0.9316569954867827,15.506369242679341,20.440898492155025,True,K线收盘代理；达到描述性样本门槛,0.8065764023210832,0.1154094132817537,0.009026434558349452,0.0
MSTR,gateio|futures|MSTR_USDT::gateio|spot|MSTRON_USDT,spot_perp,reference,7,regular,352,5,1,390,0.9025641025641026,18.48740695476866,18.51963704709525,18.871485260558707,34.03129457801436,40.35519253946585,14.016431370886899,-40.32504429644979,82.94986679583394,0.9232954545454546,17.63890638780463,20.801970425917695,True,K线收盘代理；达到描述性样本门槛,0.8039772727272727,0.16477272727272727,0.022727272727272728,0.0
MSTR,gateio|futures|MSTR_USDT::gateio|spot|MSTRON_USDT,spot_perp,reference,7,non_regular,1199,7,2,1626,0.7373923739237392,17.15296190562703,17.805210991748144,17.904550225349425,30.03992005086742,34.81947526715067,11.591083975939258,-38.25136612021885,94.22492401215843,0.9341117597998332,15.039288354321556,20.25017596023443,True,K线收盘代理；达到描述性样本门槛,0.8073394495412844,0.10091743119266056,0.0050041701417848205,0.0
MSTR,gateio|futures|MSTR_USDT::gateio|spot|MSTRON_USDT,spot_perp,reference,7,pre_market,307,5,1,330,0.9303030303030303,15.851016507990803,16.57763860747785,17.32584538176596,30.925975813334016,36.69801969824293,14.100649740392177,-38.25136612021885,94.22492401215843,0.8827361563517915,16.770795832752317,18.974851308949383,True,K线收盘代理；达到描述性样本门槛,0.7980456026058632,0.10749185667752444,0.006514657980456026,0.0
MSTR,gateio|futures|MSTR_USDT::gateio|spot|MSTRON_USDT,spot_perp,reference,7,after_market,187,5,1,240,0.7791666666666667,19.612254109233653,20.129062814517873,20.129062814517873,30.22539150051129,33.109973486569174,8.997898209255242,-11.80916391119613,44.396448284136355,0.9572192513368984,15.462648171533644,23.341297127623672,True,K线收盘代理；达到描述性样本门槛,0.8983957219251337,0.10695187165775401,0.0,0.0
MSTR,gateio|futures|MSTR_USDT::gateio|spot|MSTRON_USDT,spot_perp,reference,7,overnight,400,5,1,480,0.8333333333333334,17.41053193305408,17.78758628346533,17.862092481008006,30.039577484973325,36.43216787329569,10.898500372599427,-37.1159111651953,58.73624335352989,0.9575,16.399203467261092,19.272063601726288,True,K线收盘代理；达到描述性样本门槛,0.7975,0.1025,0.0075,0.0
MSTR,gateio|futures|MSTR_USDT::gateio|spot|MSTRON_USDT,spot_perp,reference,7,weekend,305,2,2,576,0.5295138888888888,16.617819558181342,16.98433666729615,17.194629984789156,28.48189466703621,33.689938737168745,10.808786716013504,-17.311021350260305,69.35891618590651,0.940983606557377,15.488669994990767,18.99240973682548,False,样本不足 / 仅事件观察,0.7737704918032787,0.08852459016393442,0.003278688524590164,0.0
MSTR,gateio|futures|MSTR_USDT::gateio|spot|MSTRON_USDT,spot_perp,reference,7,holiday,0,0,0,0,0,,,,,,,,,,,,False,样本不足 / 仅事件观察,,,,
MSTR,gateio|futures|MSTR_USDT::gateio|spot|MSTRON_USDT,spot_perp,reference,30,all,4957,24,4,8640,0.5737268518518519,18.120281760083962,17.708842208110642,17.90959237767842,33.67433047142224,40.48238107057011,12.962722961732004,-73.70078740157382,94.22492401215843,0.9358482953399233,14.815253474426694,20.572939772979247,False,样本不足 / 仅事件观察,0.7954407908008876,0.1466612870687916,0.01432317934234416,0.0
MSTR,gateio|futures|MSTR_USDT::gateio|spot|MSTRON_USDT,spot_perp,reference,30,regular,1092,16,4,1560,0.7,19.867707588334525,19.751979285513865,20.155889910166145,40.22044271475211,46.99485557017181,16.204410164155398,-40.32504429644979,82.94986679583394,0.9075091575091575,15.972768436721962,22.970711475542306,True,K线收盘代理；达到描述性样本门槛,0.8040293040293041,0.22985347985347984,0.037545787545787544,0.0
MSTR,gateio|futures|MSTR_USDT::gateio|spot|MSTRON_USDT,spot_perp,reference,30,non_regular,3865,24,4,7080,0.5459039548022598,17.626571797742535,17.295878809566734,17.38646637457375,31.85083049993764,37.70897057452593,11.841105218359385,-73.70078740157382,94.22492401215843,0.9438551099611902,14.410399299200904,20.218065714396744,False,样本不足 / 仅事件观察,0.7930142302716688,0.12315653298835705,0.007761966364812419,0.0
MSTR,gateio|futures|MSTR_USDT::gateio|spot|MSTRON_USDT,spot_perp,reference,30,pre_market,865,16,4,1320,0.6553030303030303,17.72342615061598,17.32584538176596,17.770827409724355,34.1812523702516,42.357791300883875,13.896923027839478,-38.25136612021885,94.22492401215843,0.9144508670520232,16.438195451828342,19.27718364381631,False,样本不足 / 仅事件观察,0.7884393063583816,0.15375722543352602,0.015028901734104046,0.0
MSTR,gateio|futures|MSTR_USDT::gateio|spot|MSTRON_USDT,spot_perp,reference,30,after_market,582,16,4,960,0.60625,19.387869499339768,19.551816282913357,19.551816282913357,32.2536384856813,35.885804402290034,10.290657641428583,-18.624864193699242,59.0154828855094,0.9690721649484536,15.410868661068777,22.703155453658862,False,样本不足 / 仅事件观察,0.8505154639175257,0.14776632302405499,0.003436426116838488,0.0
MSTR,gateio|futures|MSTR_USDT::gateio|spot|MSTRON_USDT,spot_perp,reference,30,overnight,1142,16,4,1920,0.5947916666666667,18.240268933269366,17.8701335275111,17.888450189460503,32.66657132423201,39.3961036997922,11.702849559907527,-37.1159111651953,88.6262924667669,0.9527145359019265,15.047799907524361,20.62587312582881,False,样本不足 / 仅事件观察,0.7933450087565674,0.1295971978984238,0.008756567425569177,0.0
MSTR,gateio|futures|MSTR_USDT::gateio|spot|MSTRON_USDT,spot_perp,reference,30,weekend,1056,7,4,2592,0.4074074074074074,17.364723499998195,16.93209299359677,17.158292500372152,29.67754934865119,35.90006719604244,10.91681517490455,-73.70078740157382,69.35891618590651,0.9573863636363636,14.294804714610198,20.013718215917685,False,样本不足 / 仅事件观察,0.8143939393939394,0.09848484848484848,0.004734848484848485,0.0
MSTR,gateio|futures|MSTR_USDT::gateio|spot|MSTRON_USDT,spot_perp,reference,30,holiday,220,1,1,288,0.7638888888888888,10.657550870839174,11.09223901904488,11.3074530239754,21.843926608678842,24.98230566559201,9.039618794398217,-21.837137221752954,36.819372654535165,0.8818181818181818,11.3074530239754,11.3074530239754,False,样本不足 / 仅事件观察,0.5545454545454546,0.022727272727272728,0.0,0.0
MSTR,bitget|futures|MSTRUSDT::bitget|spot|RMSTRUSDT,spot_perp,reference,7,all,0,0,0,2016,0.0,,,,,,,,,,,,False,样本不足 / 仅事件观察,,,,
MSTR,bitget|futures|MSTRUSDT::bitget|spot|RMSTRUSDT,spot_perp,reference,7,regular,0,0,0,390,0.0,,,,,,,,,,,,False,样本不足 / 仅事件观察,,,,
MSTR,bitget|futures|MSTRUSDT::bitget|spot|RMSTRUSDT,spot_perp,reference,7,non_regular,0,0,0,1626,0.0,,,,,,,,,,,,False,样本不足 / 仅事件观察,,,,
MSTR,bitget|futures|MSTRUSDT::bitget|spot|RMSTRUSDT,spot_perp,reference,7,pre_market,0,0,0,330,0.0,,,,,,,,,,,,False,样本不足 / 仅事件观察,,,,
MSTR,bitget|futures|MSTRUSDT::bitget|spot|RMSTRUSDT,spot_perp,reference,7,after_market,0,0,0,240,0.0,,,,,,,,,,,,False,样本不足 / 仅事件观察,,,,
MSTR,bitget|futures|MSTRUSDT::bitget|spot|RMSTRUSDT,spot_perp,reference,7,overnight,0,0,0,480,0.0,,,,,,,,,,,,False,样本不足 / 仅事件观察,,,,
MSTR,bitget|futures|MSTRUSDT::bitget|spot|RMSTRUSDT,spot_perp,reference,7,weekend,0,0,0,576,0.0,,,,,,,,,,,,False,样本不足 / 仅事件观察,,,,
MSTR,bitget|futures|MSTRUSDT::bitget|spot|RMSTRUSDT,spot_perp,reference,7,holiday,0,0,0,0,0,,,,,,,,,,,,False,样本不足 / 仅事件观察,,,,
MSTR,bitget|futures|MSTRUSDT::bitget|spot|RMSTRUSDT,spot_perp,reference,30,all,0,0,0,8640,0.0,,,,,,,,,,,,False,样本不足 / 仅事件观察,,,,
MSTR,bitget|futures|MSTRUSDT::bitget|spot|RMSTRUSDT,spot_perp,reference,30,regular,0,0,0,1560,0.0,,,,,,,,,,,,False,样本不足 / 仅事件观察,,,,
MSTR,bitget|futures|MSTRUSDT::bitget|spot|RMSTRUSDT,spot_perp,reference,30,non_regular,0,0,0,7080,0.0,,,,,,,,,,,,False,样本不足 / 仅事件观察,,,,
MSTR,bitget|futures|MSTRUSDT::bitget|spot|RMSTRUSDT,spot_perp,reference,30,pre_market,0,0,0,1320,0.0,,,,,,,,,,,,False,样本不足 / 仅事件观察,,,,
MSTR,bitget|futures|MSTRUSDT::bitget|spot|RMSTRUSDT,spot_perp,reference,30,after_market,0,0,0,960,0.0,,,,,,,,,,,,False,样本不足 / 仅事件观察,,,,
MSTR,bitget|futures|MSTRUSDT::bitget|spot|RMSTRUSDT,spot_perp,reference,30,overnight,0,0,0,1920,0.0,,,,,,,,,,,,False,样本不足 / 仅事件观察,,,,
MSTR,bitget|futures|MSTRUSDT::bitget|spot|RMSTRUSDT,spot_perp,reference,30,weekend,0,0,0,2592,0.0,,,,,,,,,,,,False,样本不足 / 仅事件观察,,,,
MSTR,bitget|futures|MSTRUSDT::bitget|spot|RMSTRUSDT,spot_perp,reference,30,holiday,0,0,0,288,0.0,,,,,,,,,,,,False,样本不足 / 仅事件观察,,,,
MSTR,binance|futures|MSTRUSDT::binance|spot|MSTRBUSDT,spot_perp,reference,7,all,2016,7,2,2016,1.0,7.2263569972329185,7.164610519907466,7.173347817363007,11.15565167411181,12.596332248534514,3.361664526557963,-9.14076782449813,22.310660877955524,0.9781746031746031,6.067533609561138,7.928341549857665,True,K线收盘代理；达到描述性样本门槛,0.1736111111111111,0.0,0.0,0.0
MSTR,binance|futures|MSTRUSDT::binance|spot|MSTRBUSDT,spot_perp,reference,7,regular,390,5,1,390,1.0,6.646619040026283,6.5181326250174365,6.5181326250174365,10.709767218763933,12.442122444681347,3.3930837299935352,-4.907975460123337,19.352019476870375,0.9615384615384616,6.160486134522136,6.950371723309923,True,K线收盘代理；达到描述性样本门槛,0.15384615384615385,0.0,0.0,0.0
MSTR,binance|futures|MSTRUSDT::binance|spot|MSTRBUSDT,spot_perp,reference,7,non_regular,1626,7,2,1626,1.0,7.365408536784325,7.338103100349436,7.351599741972636,11.19857505909816,12.631389010238081,3.339151990244718,-9.14076782449813,22.310660877955524,0.9821648216482165,6.096174121181797,7.920679106070971,True,K线收盘代理；达到描述性样本门槛,0.17835178351783518,0.0,0.0,0.0
MSTR,binance|futures|MSTRUSDT::binance|spot|MSTRBUSDT,spot_perp,reference,7,pre_market,330,5,1,330,1.0,6.30887579359364,6.137793607766673,6.1409981316784545,10.262029198502278,11.925351522718564,3.1909741669132567,-8.453085376163294,22.310660877955524,0.9727272727272728,6.053156360227296,6.50806433975748,True,K线收盘代理；达到描述性样本门槛,0.11515151515151516,0.0,0.0,0.0
MSTR,binance|futures|MSTRUSDT::binance|spot|MSTRBUSDT,spot_perp,reference,7,after_market,240,5,1,240,1.0,6.699271652809193,6.825515016133377,6.825515016133377,9.42568180372394,10.647258766322551,2.4781610214582654,-2.9907883718149897,14.800781481261183,0.9916666666666667,6.154225458097073,7.243716135731937,True,K线收盘代理；达到描述性样本门槛,0.07083333333333333,0.0,0.0,0.0
MSTR,binance|futures|MSTRUSDT::binance|spot|MSTRBUSDT,spot_perp,reference,7,overnight,480,5,1,480,1.0,6.309989727161481,6.191775439055025,6.206557563971371,10.046421178093292,11.058590245035969,3.3054497960062417,-9.14076782449813,19.192706771429258,0.9625,5.870296331906832,6.295049449157597,True,K线收盘代理；达到描述性样本门槛,0.10208333333333333,0.0,0.0,0.0
MSTR,binance|futures|MSTRUSDT::binance|spot|MSTRBUSDT,spot_perp,reference,7,weekend,576,2,2,576,1.0,9.127786463912663,8.79258911214209,8.79258911214209,12.57029886623684,15.18954081993984,3.0198023668064717,1.2550200803196354,21.546095586315595,1.0,8.469363895616254,8.987211890260639,True,K线收盘代理；达到描述性样本门槛,0.3229166666666667,0.0,0.0,0.0
MSTR,binance|futures|MSTRUSDT::binance|spot|MSTRBUSDT,spot_perp,reference,7,holiday,0,0,0,0,0,,,,,,,,,,,,False,样本不足 / 仅事件观察,,,,
MSTR,binance|futures|MSTRUSDT::binance|spot|MSTRBUSDT,spot_perp,reference,30,all,8624,30,5,8640,0.9981481481481481,6.825791256285961,6.705024453570463,6.731488406881425,11.460898780564,13.20214591381985,3.8074892842792636,-17.033011598670544,41.98499552618973,0.9626623376623377,5.575196857593722,7.6825672980518345,True,K线收盘代理；达到描述性样本门槛,0.16975881261595546,0.00011595547309833024,0.0,0.0
MSTR,binance|futures|MSTRUSDT::binance|spot|MSTRBUSDT,spot_perp,reference,30,regular,1560,20,5,1560,1.0,6.628800622198197,6.5490506424958905,6.588448272735192,11.594371722515985,13.655244206215999,4.22708901302481,-17.033011598670544,41.98499552618973,0.941025641025641,6.019525607683374,7.4835932063188615,True,K线收盘代理；达到描述性样本门槛,0.17051282051282052,0.000641025641025641,0.0,0.0
MSTR,binance|futures|MSTRUSDT::binance|spot|MSTRBUSDT,spot_perp,reference,30,non_regular,7064,30,5,7080,0.9977401129943503,6.8692942841988875,6.766917446253684,6.771244866737858,11.43876828740198,13.066419774279247,3.707020313447436,-10.10611419909102,27.452680248520878,0.967440543601359,5.503773511040117,7.678736076158488,True,K线收盘代理；达到描述性样本门槛,0.16959229898074746,0.0,0.0,0.0
MSTR,binance|futures|MSTRUSDT::binance|spot|MSTRBUSDT,spot_perp,reference,30,pre_market,1320,20,5,1320,1.0,6.523406895591023,6.184531025141826,6.188837116954948,11.46094974661294,12.966618213062109,3.930372938052663,-9.081964731704195,27.452680248520878,0.9613636363636363,5.304272695227374,7.121603952829069,True,K线收盘代理；达到描述性样本门槛,0.14924242424242423,0.0,0.0,0.0
MSTR,binance|futures|MSTRUSDT::binance|spot|MSTRBUSDT,spot_perp,reference,30,after_market,960,20,5,960,1.0,6.43935136193856,6.514870198124356,6.515294661115778,9.756464770972695,11.181400693687777,2.8548434588009797,-7.291582273353248,14.800781481261183,0.9822916666666667,5.56991444394389,7.253035122781471,True,K线收盘代理；达到描述性样本门槛,0.08645833333333333,0.0,0.0,0.0
MSTR,binance|futures|MSTRUSDT::binance|spot|MSTRBUSDT,spot_perp,reference,30,overnight,1917,20,5,1920,0.9984375,6.262361632578919,6.172839506173311,6.175126590095559,10.317597300408822,11.637721037788037,3.4773867859790215,-10.10611419909102,24.52859113904582,0.9561815336463224,5.48675295342832,6.987642625476964,True,K线收盘代理；达到描述性样本门槛,0.11841418883672405,0.0,0.0,0.0
MSTR,binance|futures|MSTRUSDT::binance|spot|MSTRBUSDT,spot_perp,reference,30,weekend,2579,9,5,2592,0.9949845679012346,6.994310768561547,6.942997986529864,6.942997986529864,11.10921422313016,12.472926759541368,3.4702734316974357,-6.805293005671675,21.546095586315595,0.9701434664598682,5.141388174807471,8.2970338104138,True,K线收盘代理；达到描述性样本门槛,0.17758821248545947,0.0,0.0,0.0
MSTR,binance|futures|MSTRUSDT::binance|spot|MSTRBUSDT,spot_perp,reference,30,holiday,288,1,1,288,1.0,12.80814476446441,12.703342459682299,12.703342459682299,16.98297485375777,18.421560176980044,3.4255332912621634,-2.8332625017724045,23.512646954044758,0.9965277777777778,12.703342459682299,12.703342459682299,False,样本不足 / 仅事件观察,0.8090277777777778,0.0,0.0,0.0
INTC,binance|futures|INTCUSDT::bitget|futures|INTCUSDT,perp_perp,comparable,7,all,1997,7,2,2016,0.9905753968253969,-5.217095122505135,-4.859086491739717,4.863813229571967,9.748806528036003,11.301259283177378,3.5951474537135737,-17.852360974739412,7.276696379843184,0.037055583375062595,3.5887684186419744,6.143051153825462,True,K线收盘代理；达到描述性样本门槛,0.08963445167751627,0.0,0.0,0.0
INTC,binance|futures|INTCUSDT::bitget|futures|INTCUSDT,perp_perp,comparable,7,regular,390,5,1,390,1.0,-3.1397840642026775,-2.4643693309739367,2.46457178481152,7.25607603499745,8.80397952430878,2.662977960057128,-11.90759704691624,2.469948954388901,0.038461538461538464,2.0581421923043797,2.4740229124392554,True,K线收盘代理；达到描述性样本门槛,0.010256410256410256,0.0,0.0,0.0
INTC,binance|futures|INTCUSDT::bitget|futures|INTCUSDT,perp_perp,comparable,7,non_regular,1607,7,2,1626,0.9883148831488315,-5.72123408500542,-5.489335006273466,5.496662740478442,10.48285729945242,11.370643968918737,3.6110150848980247,-17.852360974739412,7.276696379843184,0.03671437461107654,4.121301247462794,6.939963060947074,True,K线收盘代理；达到描述性样本门槛,0.1088985687616677,0.0,0.0,0.0
INTC,binance|futures|INTCUSDT::bitget|futures|INTCUSDT,perp_perp,comparable,7,pre_market,330,5,1,330,1.0,-6.051826617498392,-5.668264493489117,5.668264493489117,9.575627151027112,10.442094440806127,2.5835390861839547,-13.940925328917997,-0.8171937566403553,0.0,4.88559887482809,6.911121744891391,True,K线收盘代理；达到描述性样本门槛,0.08787878787878788,0.0,0.0,0.0
INTC,binance|futures|INTCUSDT::bitget|futures|INTCUSDT,perp_perp,comparable,7,after_market,240,5,1,240,1.0,-3.741164819569556,-3.1379933305636376,3.1389783398977356,8.930093608916057,9.724512663133511,3.324381770713386,-12.159533073929918,3.2846115946782994,0.0625,1.6182544231679863,4.698145270028986,True,K线收盘代理；达到描述性样本门槛,0.029166666666666667,0.0,0.0,0.0
INTC,binance|futures|INTCUSDT::bitget|futures|INTCUSDT,perp_perp,comparable,7,overnight,480,5,1,480,1.0,-5.2817530839658025,-4.661280298322579,4.661280298322579,9.055143222843398,9.96715019974781,2.6607055284020547,-17.02472638832497,0.0,0.0,4.0262516862205056,5.908720456397898,True,K线收盘代理；达到描述性样本门槛,0.04791666666666667,0.0,0.0,0.0
INTC,binance|futures|INTCUSDT::bitget|futures|INTCUSDT,perp_perp,comparable,7,weekend,557,2,2,576,0.9670138888888888,-6.757269935060974,-7.330184069066492,7.330184069066492,11.472259121594337,12.90135304282014,4.4507405640590285,-17.852360974739412,7.276696379843184,0.07899461400359066,5.838211458305542,8.425377200284023,True,K线收盘代理；达到描述性样本门槛,0.20825852782764812,0.0,0.0,0.0
INTC,binance|futures|INTCUSDT::bitget|futures|INTCUSDT,perp_perp,comparable,7,holiday,0,0,0,0,0,,,,,,,,,,,,False,样本不足 / 仅事件观察,,,,
INTC,binance|futures|INTCUSDT::bitget|futures|INTCUSDT,perp_perp,comparable,30,all,8304,30,5,8640,0.9611111111111111,-2.067063401472103,-1.93610849464676,2.219509488402549,7.00926418049208,8.927013556268015,3.5165059340106635,-17.852360974739412,23.561751423522015,0.18942678227360307,1.8845760400801326,2.7055425114681784,True,K线收盘代理；达到描述性样本门槛,0.028179190751445087,0.0,0.0,0.0
INTC,binance|futures|INTCUSDT::bitget|futures|INTCUSDT,perp_perp,comparable,30,regular,1559,20,5,1560,0.9993589743589744,-1.4127188876901147,-1.1204481792725929,1.974723538704648,5.06816810944111,6.652995685328953,2.869187391291968,-13.361541031066126,11.15573404729897,0.2155227710070558,1.8108229031051082,2.2260608393580297,True,K线收盘代理；达到描述性样本门槛,0.008338678640153944,0.0,0.0,0.0
INTC,binance|futures|INTCUSDT::bitget|futures|INTCUSDT,perp_perp,comparable,30,non_regular,6745,30,5,7080,0.952683615819209,-2.2183047798243822,-2.0032051282059538,2.23164472216153,7.309941520468044,9.057656762205152,3.6330960801767738,-17.852360974739412,23.561751423522015,0.18339510748702742,1.9604934984938927,2.9031124772055383,True,K线收盘代理；达到描述性样本门槛,0.03276501111934767,0.0,0.0,0.0
INTC,binance|futures|INTCUSDT::bitget|futures|INTCUSDT,perp_perp,comparable,30,pre_market,1320,20,5,1320,1.0,-2.032256698475191,-1.659477536520293,2.2181556104361455,6.674678690726689,8.508038164835474,3.4288933076046275,-13.940925328917997,7.816862088219079,0.2,1.0916566053438548,3.440255031896128,True,K线收盘代理；达到描述性样本门槛,0.024242424242424242,0.0,0.0,0.0
INTC,binance|futures|INTCUSDT::bitget|futures|INTCUSDT,perp_perp,comparable,30,after_market,949,20,5,960,0.9885416666666667,-1.852713891502109,-1.832676624209384,2.0605810838647542,5.218118213176526,8.103071383134264,2.891015175829422,-12.159533073929918,9.837140671111744,0.19810326659641728,1.4889922389242638,2.8551335534209024,True,K线收盘代理；达到描述性样本门槛,0.007376185458377239,0.0,0.0,0.0
INTC,binance|futures|INTCUSDT::bitget|futures|INTCUSDT,perp_perp,comparable,30,overnight,1884,20,5,1920,0.98125,-2.0549036485537386,-2.2003410595211603,2.8504917162536225,7.105254380184059,8.936488337911717,3.7808146466580905,-17.02472638832497,23.561751423522015,0.18312101910828024,2.1705274509918606,3.351374364461285,True,K线收盘代理；达到描述性样本门槛,0.026008492569002124,0.0,0.0,0.0
INTC,binance|futures|INTCUSDT::bitget|futures|INTCUSDT,perp_perp,comparable,30,weekend,2311,9,5,2592,0.8915895061728395,-2.7971296458999855,-2.0749040356882187,2.2227161591481526,8.843296781039234,10.490639736854268,3.805366756527841,-17.852360974739412,8.884940026654409,0.14971873647771528,1.8395879323029884,2.9050063214197674,True,K线收盘代理；达到描述性样本门槛,0.05452185201211597,0.0,0.0,0.0
INTC,binance|futures|INTCUSDT::bitget|futures|INTCUSDT,perp_perp,comparable,30,holiday,281,1,1,288,0.9756944444444444,-0.6621221684789793,-0.9929500546113079,2.0319008432401198,5.111951743175247,7.057163020465218,3.5316485010625094,-13.195290296386109,16.313213703098572,0.33451957295373663,2.0319008432401198,2.0319008432401198,False,样本不足 / 仅事件观察,0.02491103202846975,0.0,0.0,0.0
INTC,binance|futures|INTCUSDT::bybit|futures|INTCUSDT,perp_perp,comparable,7,all,2016,7,2,2016,1.0,0.20694853835764,0.0,1.6233766340723044,3.6409976635193297,4.620538806688335,2.330400997563243,-8.947454042622649,12.51668891855795,0.47966269841269843,1.6109118884910512,1.666824694645519,True,K线收盘代理；达到描述性样本门槛,0.001488095238095238,0.0,0.0,0.0
INTC,binance|futures|INTCUSDT::bybit|futures|INTCUSDT,perp_perp,comparable,7,regular,390,5,1,390,1.0,-0.29680894611298453,0.0,1.6096581145114142,4.070965940866755,5.073624142802656,2.4698044251618887,-8.947454042622649,12.51668891855795,0.3871794871794872,1.605719168038533,1.6452780965275915,True,K线收盘代理；达到描述性样本门槛,0.002564102564102564,0.0,0.0,0.0
INTC,binance|futures|INTCUSDT::bybit|futures|INTCUSDT,perp_perp,comparable,7,non_regular,1626,7,2,1626,1.0,0.32777597928232854,0.7700304173430261,1.6240357287866658,3.6348766488780715,4.505825319902623,2.2792106001064574,-8.564310183741819,11.633704503906106,0.5018450184501845,1.5854478115112647,1.6937598430488698,True,K线收盘代理；达到描述性样本门槛,0.0012300123001230013,0.0,0.0,0.0
INTC,binance|futures|INTCUSDT::bybit|futures|INTCUSDT,perp_perp,comparable,7,pre_market,330,5,1,330,1.0,0.15139714482229985,0.0,1.6500288867360435,3.473520010399578,4.33334121858775,2.260484479626376,-5.234231876471984,9.162848812993563,0.49393939393939396,1.5444015812382528,1.6416324898516077,True,K线收盘代理；达到描述性样本门槛,0.0,0.0,0.0,0.0
INTC,binance|futures|INTCUSDT::bybit|futures|INTCUSDT,perp_perp,comparable,7,after_market,240,5,1,240,1.0,-0.07558005265286456,0.0,1.569673922002801,3.2386303851217324,4.03061846111874,1.9401389006280099,-5.487613671998348,7.2939460248000465,0.4166666666666667,0.8208158909961405,1.6204829996502301,True,K线收盘代理；达到描述性样本门槛,0.0,0.0,0.0,0.0
INTC,binance|futures|INTCUSDT::bybit|futures|INTCUSDT,perp_perp,comparable,7,overnight,480,5,1,480,1.0,0.09944720906399317,0.0,1.62449763814132,4.032973601534984,4.641079436659478,2.4860177536769235,-8.564310183741819,11.633704503906106,0.46041666666666664,1.5546659622922565,1.6310568548749682,True,K线收盘代理；达到描述性样本门槛,0.004166666666666667,0.0,0.0,0.0
INTC,binance|futures|INTCUSDT::bybit|futures|INTCUSDT,perp_perp,comparable,7,weekend,576,2,2,576,1.0,0.7871653416799965,0.8135041705548129,1.6253555572598444,3.6400037605760494,4.548452396132552,2.162933515081504,-5.4535538992916965,6.496670456390685,0.5763888888888888,1.6674457043380775,1.765956375699429,True,K线收盘代理；达到描述性样本门槛,0.0,0.0,0.0,0.0
INTC,binance|futures|INTCUSDT::bybit|futures|INTCUSDT,perp_perp,comparable,7,holiday,0,0,0,0,0,,,,,,,,,,,,False,样本不足 / 仅事件观察,,,,
INTC,binance|futures|INTCUSDT::bybit|futures|INTCUSDT,perp_perp,comparable,30,all,8561,30,5,8640,0.9908564814814815,-1.4631379209734774,-1.6219284729535044,2.0831163420487186,5.183495749533362,6.214396685655377,2.8236395422428537,-13.974845278498238,12.51668891855795,0.24015885994626796,1.8200822997263555,2.244343861982079,True,K线收盘代理；达到描述性样本门槛,0.003270645952575634,0.0,0.0,0.0
INTC,binance|futures|INTCUSDT::bybit|futures|INTCUSDT,perp_perp,comparable,30,regular,1560,20,5,1560,1.0,-1.2694918541367337,-1.1088320126573237,1.96473304663769,4.939118703591653,6.191095676299882,2.8586409753991937,-13.45442314160783,12.51668891855795,0.25384615384615383,1.6354521290713742,2.238726463199697,True,K线收盘代理；达到描述性样本门槛,0.007051282051282051,0.0,0.0,0.0
INTC,binance|futures|INTCUSDT::bybit|futures|INTCUSDT,perp_perp,comparable,30,non_regular,7001,30,5,7080,0.9888418079096045,-1.50628716597638,-1.7139429257007066,2.1755683672375348,5.186721991702337,6.214396685655377,2.8139661429615566,-13.974845278498238,12.257633162469084,0.2371089844307956,1.8192842414105348,2.25609967078419,True,K线收盘代理；达到描述性样本门槛,0.002428224539351521,0.0,0.0,0.0
INTC,binance|futures|INTCUSDT::bybit|futures|INTCUSDT,perp_perp,comparable,30,pre_market,1320,20,5,1320,1.0,-1.403482728348569,-1.738223588065857,2.064196533496654,4.7680351903336415,5.72464459498212,2.559782644411703,-9.779419754428753,9.162848812993563,0.22954545454545455,1.7552775784263064,2.2695692310395477,True,K线收盘代理；达到描述性样本门槛,0.0,0.0,0.0,0.0
INTC,binance|futures|INTCUSDT::bybit|futures|INTCUSDT,perp_perp,comparable,30,after_market,955,20,5,960,0.9947916666666666,-1.483376912776881,-1.6193020808041858,1.9928258270218713,4.545254625671015,5.593216605770612,2.3932766932044776,-8.992805755395628,8.191499044323258,0.2031413612565445,1.1390847081785282,2.7875585701150896,True,K线收盘代理；达到描述性样本门槛,0.0,0.0,0.0,0.0
INTC,binance|futures|INTCUSDT::bybit|futures|INTCUSDT,perp_perp,comparable,30,overnight,1907,20,5,1920,0.9932291666666667,-1.7112128537520788,-1.914425193835223,2.2182786157931567,5.103082580658169,6.539527364837205,2.848125954472407,-13.974845278498238,12.257633162469084,0.20555846879916098,1.8516719243495683,2.3599148061999307,True,K线收盘代理；达到描述性样本门槛,0.007865757734661772,0.0,0.0,0.0
INTC,binance|futures|INTCUSDT::bybit|futures|INTCUSDT,perp_perp,comparable,30,weekend,2532,9,5,2592,0.9768518518518519,-1.6768656513521465,-1.933772232163844,2.222592661194067,5.615896306172098,6.323911778367315,2.950101726261243,-10.006671114076715,10.172939979653517,0.24170616113744076,1.8152117113801047,3.070153647080631,True,K线收盘代理；达到描述性样本门槛,0.0007898894154818325,0.0,0.0,0.0
INTC,binance|futures|INTCUSDT::bybit|futures|INTCUSDT,perp_perp,comparable,30,holiday,287,1,1,288,0.9965277777777778,0.8111931897221101,1.0089799212997796,2.018570851836099,4.09727909154789,6.068276153826213,2.7065234448106366,-6.128702757915994,9.173376821935975,0.554006968641115,2.018570851836099,2.018570851836099,False,样本不足 / 仅事件观察,0.0,0.0,0.0,0.0
INTC,binance|futures|INTCUSDT::gateio|futures|INTC_USDT,perp_perp,comparable,7,all,2016,7,2,2016,1.0,0.8193806300176555,0.8104384525220443,1.6286644951146734,4.546694703445597,5.682164436866255,2.65668694844058,-8.597780209472772,14.393666786614023,0.5441468253968254,1.5898573487987955,1.6355702191622745,True,K线收盘代理；达到描述性样本门槛,0.001488095238095238,0.0,0.0,0.0
INTC,binance|futures|INTCUSDT::gateio|futures|INTC_USDT,perp_perp,comparable,7,regular,390,5,1,390,1.0,0.3147622616172191,0.0,1.6207470756157694,3.3363311273038057,4.156556742333338,2.273041642324661,-7.752605736928153,7.295719844357951,0.49230769230769234,1.6021148146566633,1.6404872495390244,True,K线收盘代理；达到描述性样本门槛,0.0,0.0,0.0,0.0
INTC,binance|futures|INTCUSDT::gateio|futures|INTC_USDT,perp_perp,comparable,7,non_regular,1626,7,2,1626,1.0,0.9404145560177601,0.8120838124048291,1.6299254552676334,4.884404546393051,6.188941257825875,2.7268819869774967,-8.597780209472772,14.393666786614023,0.5565805658056581,1.5684826157832954,1.628364224059431,True,K线收盘代理；达到描述性样本门槛,0.0018450184501845018,0.0,0.0,0.0
INTC,binance|futures|INTCUSDT::gateio|futures|INTC_USDT,perp_perp,comparable,7,pre_market,330,5,1,330,1.0,-0.34850739784641366,0.0,1.6183193779772953,4.131905301869244,5.153971959184158,2.518489608826726,-8.597780209472772,9.996667777407708,0.37575757575757573,0.8739348935193902,1.6815914535706078,True,K线收盘代理；达到描述性样本门槛,0.0,0.0,0.0,0.0
INTC,binance|futures|INTCUSDT::gateio|futures|INTC_USDT,perp_perp,comparable,7,after_market,240,5,1,240,1.0,1.0086789785603845,0.8165932222881089,1.620351712022794,3.263441298850811,3.9309912192987384,1.9528849074395347,-6.557377049180024,7.34454055818512,0.625,1.5708451146734248,1.6247613658559867,True,K线收盘代理；达到描述性样本门槛,0.0,0.0,0.0,0.0
INTC,binance|futures|INTCUSDT::gateio|futures|INTC_USDT,perp_perp,comparable,7,overnight,480,5,1,480,1.0,0.6008517982974669,0.8048289738438186,1.6205485583464796,4.077220512160419,5.230040289461834,2.3679410836000017,-7.465781833264629,8.199409642506428,0.55,1.540536160930528,1.6194338779118578,True,K线收盘代理；达到描述性样本门槛,0.0,0.0,0.0,0.0
INTC,binance|futures|INTCUSDT::gateio|futures|INTC_USDT,perp_perp,comparable,7,weekend,576,2,2,576,1.0,1.9333848807932608,1.7720289504608022,2.43072435585856,5.9414188292994385,7.191983078703168,3.0098990291564256,-7.300454250487309,14.393666786614023,0.6371527777777778,1.5212638618869456,2.935193398849456,True,K线收盘代理；达到描述性样本门槛,0.005208333333333333,0.0,0.0,0.0
INTC,binance|futures|INTCUSDT::gateio|futures|INTC_USDT,perp_perp,comparable,7,holiday,0,0,0,0,0,,,,,,,,,,,,False,样本不足 / 仅事件观察,,,,
INTC,binance|futures|INTCUSDT::gateio|futures|INTC_USDT,perp_perp,comparable,30,all,8640,30,5,8640,1.0,-0.19787234742847287,0.0,2.064409578860782,5.666492920422318,6.834947742400227,3.4107996971088137,-15.10288842741181,20.368672980954905,0.3908564814814815,1.6332462528576008,2.245203732325063,True,K线收盘代理；达到描述性样本门槛,0.0060185185185185185,0.0,0.0,0.0
INTC,binance|futures|INTCUSDT::gateio|futures|INTC_USDT,perp_perp,comparable,30,regular,1560,20,5,1560,1.0,-0.9499202976923716,-0.9441535009335755,1.9300362286184258,5.405464531506477,6.953991903406171,3.1498013237322104,-15.10288842741181,12.814194184327388,0.31346153846153846,1.6363909085637118,2.0703115813039408,True,K线收盘代理；达到描述性样本门槛,0.010256410256410256,0.0,0.0,0.0
INTC,binance|futures|INTCUSDT::gateio|futures|INTC_USDT,perp_perp,comparable,30,non_regular,7080,30,5,7080,1.0,-0.032166866861851114,0.0,2.077274615703839,5.739935030744436,6.806193712652062,3.443655848968762,-13.254486133768006,20.368672980954905,0.40790960451977404,1.6153474511697297,2.2697472343598255,True,K线收盘代理；达到描述性样本门槛,0.005084745762711864,0.0,0.0,0.0
INTC,binance|futures|INTCUSDT::gateio|futures|INTC_USDT,perp_perp,comparable,30,pre_market,1320,20,5,1320,1.0,-1.4461724926552841,-1.116507734837402,1.9995012491252906,5.0682087380210605,6.4337089956545945,2.818540369518421,-11.355893708835385,11.933174224343368,0.23257575757575757,1.0293809267566956,2.9876655826262253,True,K线收盘代理；达到描述性样本门槛,0.004545454545454545,0.0,0.0,0.0
INTC,binance|futures|INTCUSDT::gateio|futures|INTC_USDT,perp_perp,comparable,30,after_market,960,20,5,960,1.0,-0.8981438854278473,-0.9159606309833146,1.897623572844065,5.461381749675143,6.712385613665939,2.976846026435655,-11.265874641540607,7.687133660037038,0.32916666666666666,1.609108312659313,2.119226748579228,True,K线收盘代理；达到描述性样本门槛,0.004166666666666667,0.0,0.0,0.0
INTC,binance|futures|INTCUSDT::gateio|futures|INTC_USDT,perp_perp,comparable,30,overnight,1920,20,5,1920,1.0,-0.8624346734112005,-0.9152901500353305,2.0026034044778873,5.086211399684459,6.1425375877108275,2.9612664994229263,-13.254486133768006,9.626492106278306,0.334375,1.726580689018764,2.2194201301119207,True,K线收盘代理；达到描述性样本门槛,0.0026041666666666665,0.0,0.0,0.0
INTC,binance|futures|INTCUSDT::gateio|futures|INTC_USDT,perp_perp,comparable,30,weekend,2592,9,5,2592,1.0,1.2912633029327274,0.9705440470442195,2.222716159145932,6.311025587417474,7.291760595564131,3.495115363870679,-7.359028608223683,14.393666786614023,0.5432098765432098,1.8209960999548969,3.0950170555354983,True,K线收盘代理；达到描述性样本门槛,0.004629629629629629,0.0,0.0,0.0
INTC,binance|futures|INTCUSDT::gateio|futures|INTC_USDT,perp_perp,comparable,30,holiday,288,1,1,288,1.0,2.959529495422494,3.066387292722794,4.048583659554961,8.067539692397819,8.220097430115313,4.02524294748534,-8.132560740062855,20.368672980954905,0.7465277777777778,4.048583659554961,4.048583659554961,False,样本不足 / 仅事件观察,0.03125,0.0,0.0,0.0
INTC,binance|futures|INTCUSDT::okx|futures|INTC-USDT-SWAP,perp_perp,comparable,7,all,2016,7,2,2016,1.0,1.2747479277274785,1.571956309325273,1.6250253937033499,3.545946466565475,4.095592957658045,1.830733632737198,-6.617586235420081,7.926442612555817,0.6875,1.2221804898546185,1.6291288476860677,True,K线收盘代理；达到描述性样本门槛,0.0,0.0,0.0,0.0
INTC,binance|futures|INTCUSDT::okx|futures|INTC-USDT-SWAP,perp_perp,comparable,7,regular,390,5,1,390,1.0,0.9831838789346046,0.8209507106615721,1.6192374878715166,3.2833444325430783,4.017836594958689,1.8901442475641712,-5.736764464840949,7.926442612555817,0.6051282051282051,0.8318429494902357,1.630988811357481,True,K线收盘代理；达到描述性样本门槛,0.0,0.0,0.0,0.0
INTC,binance|futures|INTCUSDT::okx|futures|INTC-USDT-SWAP,perp_perp,comparable,7,non_regular,1626,7,2,1626,1.0,1.3446802641538136,1.614205014551784,1.6256858388974393,3.601981206432514,4.122527400016174,1.8092218387254406,-6.617586235420081,7.48939003079041,0.7072570725707257,1.1953490373897702,1.6309581637807824,True,K线收盘代理；达到描述性样本门槛,0.0,0.0,0.0,0.0
INTC,binance|futures|INTCUSDT::okx|futures|INTC-USDT-SWAP,perp_perp,comparable,7,pre_market,330,5,1,330,1.0,0.5347572705329077,0.8090615734090978,0.8689607295370161,2.545192736485237,3.356086481106413,1.6560496082022624,-5.5122450586653216,6.671114076051143,0.5272727272727272,0.8112299709295279,1.2335300064991728,True,K线收盘代理；达到描述性样本门槛,0.0,0.0,0.0,0.0
INTC,binance|futures|INTCUSDT::okx|futures|INTC-USDT-SWAP,perp_perp,comparable,7,after_market,240,5,1,240,1.0,1.5988263553797835,1.6217969510234909,1.6241676140976713,4.038576947758221,4.708485870032364,1.687293447928722,-3.2478077297815044,5.504010064474318,0.7916666666666666,1.6218627119884976,2.3515595000678235,True,K线收盘代理；达到描述性样本门槛,0.0,0.0,0.0,0.0
INTC,binance|futures|INTCUSDT::okx|futures|INTC-USDT-SWAP,perp_perp,comparable,7,overnight,480,5,1,480,1.0,1.0085197540339828,0.8192366551962316,1.5684449563524439,3.2560297620551903,4.048681389898667,1.7688150820166606,-6.617586235420081,7.48939003079041,0.6270833333333333,1.2500757448430377,1.6084281869832573,True,K线收盘代理；达到描述性样本门槛,0.0,0.0,0.0,0.0
INTC,binance|futures|INTCUSDT::okx|futures|INTC-USDT-SWAP,perp_perp,comparable,7,weekend,576,2,2,576,1.0,1.9829381996714959,1.8171906232966606,1.8188432157151269,4.058112273148673,4.545456349922539,1.7237225306247301,-5.641976303698559,7.322431047107614,0.8420138888888888,1.6767268622544518,1.7721883190921495,True,K线收盘代理；达到描述性样本门槛,0.0,0.0,0.0,0.0
INTC,binance|futures|INTCUSDT::okx|futures|INTC-USDT-SWAP,perp_perp,comparable,7,holiday,0,0,0,0,0,,,,,,,,,,,,False,样本不足 / 仅事件观察,,,,
INTC,binance|futures|INTCUSDT::okx|futures|INTC-USDT-SWAP,perp_perp,comparable,30,all,8607,30,5,8640,0.9961805555555555,1.562232635700653,1.6366612111284873,1.9038553069972153,4.047436038841391,4.874672654938904,1.9567826696917396,-6.617586235420081,10.951812027080177,0.7129080980597189,1.1281447862784844,2.0483076558655555,True,K线收盘代理；达到描述性样本门槛,0.0002323690019751365,0.0,0.0,0.0
INTC,binance|futures|INTCUSDT::okx|futures|INTC-USDT-SWAP,perp_perp,comparable,30,regular,1560,20,5,1560,1.0,1.256617889808728,1.1132138483804788,1.8181074744888504,3.962082898457897,4.82644131214538,2.10035903691604,-5.736764464840949,10.951812027080177,0.6519230769230769,1.1113482244455575,2.116913525370412,True,K线收盘代理；达到描述性样本门槛,0.001282051282051282,0.0,0.0,0.0
INTC,binance|futures|INTCUSDT::okx|futures|INTC-USDT-SWAP,perp_perp,comparable,30,non_regular,7047,30,5,7080,0.9953389830508474,1.6298868152935866,1.7728924740700869,1.91993856196504,4.051748969756908,4.895912931345503,1.9169753740340818,-6.617586235420081,9.349677955536873,0.7264084007379027,1.1160272018831408,2.0293956303121807,True,K线收盘代理；达到描述性样本门槛,0.0,0.0,0.0,0.0
INTC,binance|futures|INTCUSDT::okx|futures|INTC-USDT-SWAP,perp_perp,comparable,30,pre_market,1320,20,5,1320,1.0,0.8727229472380095,0.9639484129830844,1.124543157898783,3.20756129444999,3.9512615030458105,1.789578184867082,-5.5122450586653216,9.176182707992808,0.5840909090909091,0.9999487987819022,1.9198424470803777,True,K线收盘代理；达到描述性样本门槛,0.0,0.0,0.0,0.0
INTC,binance|futures|INTCUSDT::okx|futures|INTC-USDT-SWAP,perp_perp,comparable,30,after_market,959,20,5,960,0.9989583333333333,1.5904463535802975,1.8304960644321966,1.917361710286336,3.8508744165812754,4.4703226505606874,1.7682993401756564,-4.430660168365241,7.6716532412723915,0.7455683003128258,1.4954073897650855,2.2656483948887973,True,K线收盘代理；达到描述性样本门槛,0.0,0.0,0.0,0.0
INTC,binance|futures|INTCUSDT::okx|futures|INTC-USDT-SWAP,perp_perp,comparable,30,overnight,1918,20,5,1920,0.9989583333333333,1.188500236789589,1.0806141040964334,1.590702489741025,3.5004863882144295,4.101337076604538,1.8414423636923674,-6.617586235420081,8.110300081103361,0.6506777893639207,1.1162277419324296,1.9210046812734305,True,K线收盘代理；达到描述性样本门槛,0.0,0.0,0.0,0.0
INTC,binance|futures|INTCUSDT::okx|futures|INTC-USDT-SWAP,perp_perp,comparable,30,weekend,2563,9,5,2592,0.9888117283950617,2.2972310655744015,2.206774798632072,2.2099447513812542,4.849566456059495,5.196425364424107,1.8362800352933224,-5.641976303698559,9.349677955536873,0.8412017167381974,1.628996133835603,2.729631406251931,True,K线收盘代理；达到描述性样本门槛,0.0,0.0,0.0,0.0
INTC,binance|futures|INTCUSDT::okx|futures|INTC-USDT-SWAP,perp_perp,comparable,30,holiday,287,1,1,288,0.9965277777777778,2.234262608733812,2.0372822654568523,2.037489812551918,5.071617777208548,5.133692677081303,1.99825494068324,-2.043735949315284,8.224529659710544,0.7979094076655052,2.037489812551918,2.037489812551918,False,样本不足 / 仅事件观察,0.0,0.0,0.0,0.0
INTC,bitget|futures|INTCUSDT::bybit|futures|INTCUSDT,perp_perp,comparable,7,all,1997,7,2,2016,0.9905753968253969,5.425041584301174,5.3730426773102025,5.385443914449617,10.56979322435847,12.170582902603755,3.985713202585045,-9.085953116482193,23.267409007812212,0.9083625438157236,3.771915535086545,5.7460920771051915,True,K线收盘代理；达到描述性样本门槛,0.12118177265898848,0.0,0.0,0.0
INTC,bitget|futures|INTCUSDT::bybit|futures|INTCUSDT,perp_perp,comparable,7,regular,390,5,1,390,1.0,2.844456561529486,2.4616394518739426,2.47473706339707,8.004547141372997,8.8860884820664,3.2829745806033683,-6.507239303725765,16.688918558078747,0.7743589743589744,1.6351917325474474,3.2930081036686154,True,K线收盘代理；达到描述性样本门槛,0.023076923076923078,0.0,0.0,0.0
INTC,bitget|futures|INTCUSDT::bybit|futures|INTCUSDT,perp_perp,comparable,7,non_regular,1607,7,2,1626,0.9883148831488315,6.051319218950184,5.773672055426893,5.792304509724122,11.048166060130741,12.407668439833317,3.888080747309671,-9.085953116482193,23.267409007812212,0.940883634100809,4.732062866598663,6.296211012548625,True,K线收盘代理；达到描述性样本门槛,0.1449906658369633,0.0,0.0,0.0
INTC,bitget|futures|INTCUSDT::bybit|futures|INTCUSDT,perp_perp,comparable,7,pre_market,330,5,1,330,1.0,6.2073681068613595,6.086691986507686,6.086691986507686,9.277413588607343,10.835029216597292,2.4877772462200163,-0.8569714628492431,13.940520446096283,0.990909090909091,5.78155110504408,6.93962526023606,True,K线收盘代理；达到描述性样本门槛,0.07878787878787878,0.0,0.0,0.0
INTC,bitget|futures|INTCUSDT::bybit|futures|INTCUSDT,perp_perp,comparable,7,after_market,240,5,1,240,1.0,3.6678227678380213,3.23180227125075,3.238210893788951,8.91923230262881,9.732478524678955,3.166621796258588,-3.2727867779402953,12.18323586744674,0.8875,2.8545832081938727,3.2289388194095547,True,K线收盘代理；达到描述性样本门槛,0.029166666666666667,0.0,0.0,0.0
INTC,bitget|futures|INTCUSDT::bybit|futures|INTCUSDT,perp_perp,comparable,7,overnight,480,5,1,480,1.0,5.384513141546254,5.4077021209353315,5.4077021209353315,8.634562874363372,10.744557444616998,2.9120408608028403,-4.9672986174353895,23.267409007812212,0.975,4.927929046131263,6.124236158262519,True,K线收盘代理；达到描述性样本门槛,0.06041666666666667,0.0,0.0,0.0
INTC,bitget|futures|INTCUSDT::bybit|futures|INTCUSDT,perp_perp,comparable,7,weekend,557,2,2,576,0.9670138888888888,7.56049324482113,8.155941603458228,8.840951286357424,13.117597636664877,14.759079070911303,4.816262329608677,-9.085953116482193,19.36108422071703,0.9048473967684022,6.027532431114868,9.008585219460464,True,K线收盘代理；达到描述性样本门槛,0.30700179533213645,0.0,0.0,0.0
INTC,bitget|futures|INTCUSDT::bybit|futures|INTCUSDT,perp_perp,comparable,7,holiday,0,0,0,0,0,,,,,,,,,,,,False,样本不足 / 仅事件观察,,,,
INTC,bitget|futures|INTCUSDT::bybit|futures|INTCUSDT,perp_perp,comparable,30,all,8247,30,5,8640,0.9545138888888889,0.6743169774075373,0.0,2.2647491790284136,7.26839772712884,9.04543710095329,4.364155715313977,-24.603877571105492,23.267409007812212,0.46028858979022674,2.0082123142557693,2.971361523000371,True,K线收盘代理；达到描述性样本门槛,0.03601309567115315,0.0,0.0,0.0
INTC,bitget|futures|INTCUSDT::bybit|futures|INTCUSDT,perp_perp,comparable,30,regular,1559,20,5,1560,0.9993589743589744,0.14520780355550736,0.0,2.1105951878441775,5.648714762703122,7.59545319244391,3.541790888152571,-15.754233950373564,16.688918558078747,0.4400256574727389,1.7930809782910895,2.4208750347676222,True,K线收盘代理；达到描述性样本门槛,0.010904425914047467,0.0,0.0,0.0
INTC,bitget|futures|INTCUSDT::bybit|futures|INTCUSDT,perp_perp,comparable,30,non_regular,6688,30,5,7080,0.9446327683615819,0.7976544777118606,0.0,2.4729026416092648,7.574834825384239,9.735755431233505,4.5255858114391305,-24.603877571105492,23.267409007812212,0.46501196172248804,1.9792645303433332,3.4393252687922593,True,K线收盘代理；达到描述性样本门槛,0.041866028708133975,0.0,0.0,0.0
INTC,bitget|futures|INTCUSDT::bybit|futures|INTCUSDT,perp_perp,comparable,30,pre_market,1320,20,5,1320,1.0,0.6300283921328048,0.0,2.731618534907998,6.993662982174301,8.25544864700678,4.162485229186135,-9.055236945366696,13.940520446096283,0.42272727272727273,1.7130386373698236,3.740889914795875,True,K线收盘代理；达到描述性样本门槛,0.019696969696969695,0.0,0.0,0.0
INTC,bitget|futures|INTCUSDT::bybit|futures|INTCUSDT,perp_perp,comparable,30,after_market,945,20,5,960,0.984375,0.37900900119349307,0.0,2.0569782988799634,5.118130524897957,6.53520122640483,3.266581798517427,-8.198401311744208,12.18323586744674,0.4486772486772487,1.091514914620395,2.424941504750311,True,K线收盘代理；达到描述性样本门槛,0.007407407407407408,0.0,0.0,0.0
INTC,bitget|futures|INTCUSDT::bybit|futures|INTCUSDT,perp_perp,comparable,30,overnight,1872,20,5,1920,0.975,0.3834061002100909,0.0,2.737601091513664,7.212340952147623,8.681776605447096,4.573313414464795,-24.603877571105492,23.267409007812212,0.4636752136752137,2.022363990077242,4.243521295574926,True,K线收盘代理；达到描述性样本门槛,0.030982905982905984,0.0,0.0,0.0
INTC,bitget|futures|INTCUSDT::bybit|futures|INTCUSDT,perp_perp,comparable,30,weekend,2271,9,5,2592,0.8761574074074074,1.3267748685379683,0.0,2.9066950876843745,9.702457956015653,11.370558394385721,5.1340230800175695,-12.021638950109326,19.36108422071703,0.47864376926464114,2.0114653525099557,2.90923196276216,True,K线收盘代理；达到描述性样本门槛,0.07926023778071334,0.0,0.0,0.0
INTC,bitget|futures|INTCUSDT::bybit|futures|INTCUSDT,perp_perp,comparable,30,holiday,280,1,1,288,0.9722222222222222,1.478822204109835,1.0230703006974817,2.992071376413108,6.110850925438838,8.135829087870583,3.644804894281206,-11.202770139525642,12.193882735493933,0.6178571428571429,2.992071376413108,2.992071376413108,False,样本不足 / 仅事件观察,0.03214285714285714,0.0,0.0,0.0
INTC,bitget|futures|INTCUSDT::gateio|futures|INTC_USDT,perp_perp,comparable,7,all,1997,7,2,2016,0.9905753968253969,6.036945889858968,5.718019931382212,5.725971370142968,11.39174588452585,13.081243257276665,4.006764654024648,-6.550397117824902,22.365360529612577,0.9334001001502253,4.538083660348691,7.986298633235744,True,K线收盘代理；达到描述性样本门槛,0.15923885828743115,0.0,0.0,0.0
INTC,bitget|futures|INTCUSDT::gateio|futures|INTC_USDT,perp_perp,comparable,7,regular,390,5,1,390,1.0,3.456143573747188,3.2520367334210043,3.267440048000392,7.211249653497731,8.04343583440048,2.883921958677829,-6.550397117824902,13.513513513514486,0.8717948717948718,2.478215938375161,3.2832635639823415,True,K线收盘代理；达到描述性样本门槛,0.017948717948717947,0.0,0.0,0.0
INTC,bitget|futures|INTCUSDT::gateio|futures|INTC_USDT,perp_perp,comparable,7,non_regular,1607,7,2,1626,0.9883148831488315,6.663276259046021,6.506180871830303,6.506180871830303,11.942951277359473,13.29693008556476,3.990382867855829,-6.374647117749488,22.365360529612577,0.9483509645301804,5.299953986891426,8.06509331983063,True,K线收盘代理；达到描述性样本门槛,0.19352831362787803,0.0,0.0,0.0
INTC,bitget|futures|INTCUSDT::gateio|futures|INTC_USDT,perp_perp,comparable,7,pre_market,330,5,1,330,1.0,5.707343320845037,5.680019846753259,5.680019846753259,10.028082888246193,11.338865930549892,3.3279864440249356,-3.32529719843766,14.81481481481417,0.9303030303030303,5.062009942089496,6.159110379120314,True,K线收盘代理；达到描述性样本门槛,0.10303030303030303,0.0,0.0,0.0
INTC,bitget|futures|INTCUSDT::gateio|futures|INTC_USDT,perp_perp,comparable,7,after_market,240,5,1,240,1.0,4.752462518930995,4.716796080526109,4.782114548620431,8.921330089213253,10.553832717803413,3.0942377668433867,-5.737704918031827,12.176313012419726,0.9375,2.4282650086315805,5.502282915433865,True,K线收盘代理；达到描述性样本门槛,0.058333333333333334,0.0,0.0,0.0
INTC,bitget|futures|INTCUSDT::gateio|futures|INTC_USDT,perp_perp,comparable,7,overnight,480,5,1,480,1.0,5.886315563740521,5.635844707418958,5.635844707418958,10.48476902829987,11.70210554145532,3.250311088030234,-4.1220115416318315,15.792244253376442,0.9645833333333333,5.629725093379001,6.7622855942994775,True,K线收盘代理；达到描述性样本门槛,0.10625,0.0,0.0,0.0
INTC,bitget|futures|INTCUSDT::gateio|futures|INTC_USDT,perp_perp,comparable,7,weekend,557,2,2,576,0.9670138888888888,8.722511987915986,8.951094474733967,8.951094474733967,13.724952048554506,14.69404654565617,4.390142052997731,-6.374647117749488,22.365360529612577,0.9497307001795332,8.964798997320722,9.002399594434385,True,K线收盘代理；达到描述性样本门槛,0.38061041292639136,0.0,0.0,0.0
INTC,bitget|futures|INTCUSDT::gateio|futures|INTC_USDT,perp_perp,comparable,7,holiday,0,0,0,0,0,,,,,,,,,,,,False,样本不足 / 仅事件观察,,,,
INTC,bitget|futures|INTCUSDT::gateio|futures|INTC_USDT,perp_perp,comparable,30,all,8304,30,5,8640,0.9611111111111111,1.857585124232687,1.8140590912341104,3.070467295132051,8.689834879323397,10.539116335630538,4.7405916318644,-21.653543307086352,22.405540279051284,0.6040462427745664,2.0318243277014925,4.178326846055736,True,K线收盘代理；达到描述性样本门槛,0.0575626204238921,0.0,0.0,0.0
INTC,bitget|futures|INTCUSDT::gateio|futures|INTC_USDT,perp_perp,comparable,30,regular,1559,20,5,1560,0.9993589743589744,0.4644238646940121,0.8223007976315699,2.4582104228110246,6.705580337584394,8.04673560831004,4.059391502950452,-13.767783386873234,15.771315919170803,0.5118665811417575,2.037642761709563,2.910086772722198,True,K线收盘代理；达到描述性样本门槛,0.021167415009621552,0.0,0.0,0.0
INTC,bitget|futures|INTCUSDT::gateio|futures|INTC_USDT,perp_perp,comparable,30,non_regular,6745,30,5,7080,0.952683615819209,2.179592300455192,1.9704433497524931,3.208213025345241,8.938729075247398,10.823293427369311,4.827676227030233,-21.653543307086352,22.405540279051284,0.6253521126760564,2.073961371887034,4.096057541875808,True,K线收盘代理；达到描述性样本门槛,0.06597479614529281,0.0,0.0,0.0
INTC,bitget|futures|INTCUSDT::gateio|futures|INTC_USDT,perp_perp,comparable,30,pre_market,1320,20,5,1320,1.0,0.5873418707833449,0.0,2.968533660692163,7.278176277487061,8.692591998135434,4.3539811266139985,-14.128569986880946,14.81481481481417,0.4553030303030303,2.120632001734318,3.400358767031708,True,K线收盘代理；达到描述性样本门槛,0.030303030303030304,0.0,0.0,0.0
INTC,bitget|futures|INTCUSDT::gateio|futures|INTC_USDT,perp_perp,comparable,30,after_market,949,20,5,960,0.9885416666666667,0.9608324215016416,1.0428616122637457,2.7543150936470973,7.072580503496795,8.921330089213253,4.139880855797289,-16.383370878557677,12.176313012419726,0.5774499473129611,1.908950321613534,3.304019596136465,True,K线收盘代理；达到描述性样本门槛,0.02845100105374078,0.0,0.0,0.0
INTC,bitget|futures|INTCUSDT::gateio|futures|INTC_USDT,perp_perp,comparable,30,overnight,1884,20,5,1920,0.98125,1.199501572526174,1.1033873993171461,3.0545232477469098,7.86940391027291,9.883100556512423,4.7909185334139455,-21.653543307086352,15.792244253376442,0.5642250530785563,2.1179274629012923,3.602703350154002,True,K线收盘代理；达到描述性样本门槛,0.04617834394904458,0.0,0.0,0.0
INTC,bitget|futures|INTCUSDT::gateio|futures|INTC_USDT,perp_perp,comparable,30,weekend,2311,9,5,2592,0.8915895061728395,4.220466896374061,3.6357025995270575,3.940886699508317,10.761366693570196,12.398158376889512,4.722162627835743,-10.382059800664312,22.365360529612577,0.771960190393769,2.01918223119546,7.74165007741523,True,K线收盘代理；达到描述性样本门槛,0.12115967113803548,0.0,0.0,0.0
INTC,bitget|futures|INTCUSDT::gateio|futures|INTC_USDT,perp_perp,comparable,30,holiday,281,1,1,288,0.9756944444444444,3.561810921606507,3.0674846625777796,4.0514534589286555,8.074283407346616,9.171507184346783,3.9614586986367004,-7.025291047773052,22.405540279051284,0.7900355871886121,4.0514534589286555,4.0514534589286555,False,样本不足 / 仅事件观察,0.03914590747330961,0.0,0.0,0.0
INTC,bitget|futures|INTCUSDT::okx|futures|INTC-USDT-SWAP,perp_perp,comparable,7,all,1997,7,2,2016,0.9905753968253969,6.491504229018327,5.895729807123828,5.895729807123828,11.522584426231223,13.000097555663004,3.792046382171763,-5.457522284882943,19.67623647258776,0.9659489233850777,4.557352224860978,7.170894249440285,True,K线收盘代理；达到描述性样本门槛,0.19228843264897347,0.0,0.0,0.0
INTC,bitget|futures|INTCUSDT::okx|futures|INTC-USDT-SWAP,perp_perp,comparable,7,regular,390,5,1,390,1.0,4.124865714619592,3.3228111211180966,3.325298669230037,8.159786498940681,10.427488200223877,2.9214250755342546,-4.088641753210442,12.021157236736801,0.9282051282051282,2.486635574749929,4.047951339429812,True,K线收盘代理；达到描述性样本门槛,0.05641025641025641,0.0,0.0,0.0
INTC,bitget|futures|INTCUSDT::okx|futures|INTC-USDT-SWAP,perp_perp,comparable,7,non_regular,1607,7,2,1626,0.9883148831488315,7.065859562319825,6.600660066007347,6.600660066007347,12.18462140249521,13.374816438019607,3.756185117587523,-5.457522284882943,19.67623647258776,0.9751088985687617,5.226372926823708,7.3994147831207835,True,K线收盘代理；达到描述性样本门槛,0.2252644679527069,0.0,0.0,0.0
INTC,bitget|futures|INTCUSDT::okx|futures|INTC-USDT-SWAP,perp_perp,comparable,7,pre_market,330,5,1,330,1.0,6.5912015839177505,6.165229907610925,6.165229907610925,10.468555084856002,11.962325145648549,2.9404763124938835,-3.3726812816181617,15.708176978792565,0.9848484848484849,5.06885190504347,6.954103958678459,True,K线收盘代理；达到描述性样本门槛,0.13333333333333333,0.0,0.0,0.0
INTC,bitget|futures|INTCUSDT::okx|futures|INTC-USDT-SWAP,perp_perp,comparable,7,after_market,240,5,1,240,1.0,5.342822944460146,4.86144871171712,4.86144871171712,9.745163985524163,10.600937893779236,2.9070269860344182,0.0,13.809910641755518,0.9875,3.2335023517160444,6.2821491027609255,True,K线收盘代理；达到描述性样本门槛,0.09166666666666666,0.0,0.0,0.0
INTC,bitget|futures|INTCUSDT::okx|futures|INTC-USDT-SWAP,perp_perp,comparable,7,overnight,480,5,1,480,1.0,6.29420187588237,5.730425238386072,5.730425238386072,10.576500869634797,11.444687507830897,2.8534392424746082,0.0,16.240357287859997,0.9958333333333333,5.2816945885625355,6.7355208922004195,True,K线收盘代理；达到描述性样本门槛,0.12083333333333333,0.0,0.0,0.0
INTC,bitget|futures|INTCUSDT::okx|futures|INTC-USDT-SWAP,perp_perp,comparable,7,weekend,557,2,2,576,0.9670138888888888,8.754480048224647,9.734513274335388,9.734513274335388,13.788628981335371,14.630581390076001,4.488641027827547,-5.457522284882943,19.67623647258776,0.9461400359066428,7.578100406809285,10.109177223675548,True,K线收盘代理；达到描述性样本门槛,0.4272890484739677,0.0,0.0,0.0
INTC,bitget|futures|INTCUSDT::okx|futures|INTC-USDT-SWAP,perp_perp,comparable,7,holiday,0,0,0,0,0,,,,,,,,,,,,False,样本不足 / 仅事件观察,,,,
INTC,bitget|futures|INTCUSDT::okx|futures|INTC-USDT-SWAP,perp_perp,comparable,30,all,8282,30,5,8640,0.9585648148148148,3.6093872294712543,3.3141847105611077,3.348027464249448,8.149959250203231,10.541509272429805,3.6430464533645357,-21.551724137930385,19.67623647258776,0.8360299444578604,2.2436685312160476,4.165802092582771,True,K线收盘代理；达到描述性样本门槛,0.05674957739676407,0.0,0.0,0.0
INTC,bitget|futures|INTCUSDT::okx|futures|INTC-USDT-SWAP,perp_perp,comparable,30,regular,1559,20,5,1560,0.9993589743589744,2.6704316769838123,2.4764735017335227,2.905850445564795,6.230223217142952,7.880727784382312,2.9524860276691838,-11.47578609134614,13.93866985264891,0.7940987812700449,2.170448752628479,3.4603540151267875,True,K线收盘代理；达到描述性样本门槛,0.01924310455420141,0.0,0.0,0.0
INTC,bitget|futures|INTCUSDT::okx|futures|INTC-USDT-SWAP,perp_perp,comparable,30,non_regular,6723,30,5,7080,0.9495762711864407,3.827122125548589,3.386769022353242,3.6781609195402076,8.835484145486296,10.679093474277755,3.7518138750794274,-21.551724137930385,19.67623647258776,0.8457533839059943,2.251602028075783,4.966492684480572,True,K线收盘代理；达到描述性样本门槛,0.06544697307749517,0.0,0.0,0.0
INTC,bitget|futures|INTCUSDT::okx|futures|INTC-USDT-SWAP,perp_perp,comparable,30,pre_market,1320,20,5,1320,1.0,2.9065757730274244,2.2777747988533825,2.894217529004761,7.515851056921766,9.377234421860337,3.3990724894758286,-8.06957769210137,15.708176978792565,0.781060606060606,1.8847573216108915,3.5503316040244592,True,K线收盘代理；达到描述性样本门槛,0.03636363636363636,0.0,0.0,0.0
INTC,bitget|futures|INTCUSDT::okx|futures|INTC-USDT-SWAP,perp_perp,comparable,30,after_market,948,20,5,960,0.9875,3.438495249576142,3.2806198850043877,3.324286189859693,7.057774418550712,8.16136803523837,2.9505769848624386,-8.736485748607192,13.809910641755518,0.8438818565400844,2.154387637685884,4.898849721001463,True,K线收盘代理；达到描述性样本门槛,0.02531645569620253,0.0,0.0,0.0
INTC,bitget|futures|INTCUSDT::okx|futures|INTC-USDT-SWAP,perp_perp,comparable,30,overnight,1883,20,5,1920,0.9807291666666667,3.227707075880723,3.2921810699604315,3.3825684970123504,7.734550247470828,9.77716232466408,3.7557385333789357,-21.551724137930385,16.240357287859997,0.8263409453000531,2.2312410110908454,4.457308025540008,True,K线收盘代理；达到描述性样本门槛,0.04142326075411577,0.0,0.0,0.0
INTC,bitget|futures|INTCUSDT::okx|futures|INTC-USDT-SWAP,perp_perp,comparable,30,weekend,2292,9,5,2592,0.8842592592592593,5.128033141035271,4.552490212146321,4.555186088802676,10.628592753279653,12.302181197903803,3.903873727100764,-6.2318238471126275,19.67623647258776,0.9057591623036649,3.1326685200006033,6.041687644748883,True,K线收盘代理；达到描述性样本门槛,0.12172774869109948,0.0,0.0,0.0
INTC,bitget|futures|INTCUSDT::okx|futures|INTC-USDT-SWAP,perp_perp,comparable,30,holiday,280,1,1,288,0.9722222222222222,2.864800535473353,3.0264817227065866,3.052503558148567,7.12592965429959,8.23404537373452,3.5665495592727345,-12.219959266802638,14.230534661516803,0.7964285714285714,3.052503558148567,3.052503558148567,False,样本不足 / 仅事件观察,0.039285714285714285,0.0,0.0,0.0
INTC,bybit|futures|INTCUSDT::gateio|futures|INTC_USDT,perp_perp,comparable,7,all,2016,7,2,2016,1.0,0.6128378615557438,0.7854225573367124,1.81793392185714,5.242009181912755,6.536083576582641,3.1616484435293892,-10.836042343919106,14.393666786614023,0.5059523809523809,1.638807306149348,2.391955875951368,True,K线收盘代理；达到描述性样本门槛,0.004464285714285714,0.0,0.0,0.0
INTC,bybit|futures|INTCUSDT::gateio|futures|INTC_USDT,perp_perp,comparable,7,regular,390,5,1,390,1.0,0.6120311114257975,0.8046023266028435,1.6468362424121308,4.836486932195294,5.6182038732940365,2.811033282360103,-10.836042343919106,12.427506213752437,0.5333333333333333,1.627140774305147,1.651254953765613,True,K线收盘代理；达到描述性样本门槛,0.005128205128205128,0.0,0.0,0.0
INTC,bybit|futures|INTCUSDT::gateio|futures|INTC_USDT,perp_perp,comparable,7,non_regular,1626,7,2,1626,1.0,0.613031362509421,0.0,2.3167812738950078,5.40832900216448,6.74579067096448,3.2401078155844782,-10.401317500217111,14.393666786614023,0.4993849938499385,1.6410895077748067,2.3936150787481902,True,K线收盘代理；达到描述性样本门槛,0.004305043050430504,0.0,0.0,0.0
INTC,bybit|futures|INTCUSDT::gateio|futures|INTC_USDT,perp_perp,comparable,7,pre_market,330,5,1,330,1.0,-0.49941021212764014,-0.8089633466018542,2.4556033664902,5.238300248677996,6.583396864258796,3.3118892678488763,-10.401317500217111,11.153054221002545,0.37575757575757573,1.6874077469170023,2.615290912031387,True,K线收盘代理；达到描述性样本门槛,0.006060606060606061,0.0,0.0,0.0
INTC,bybit|futures|INTCUSDT::gateio|futures|INTC_USDT,perp_perp,comparable,7,after_market,240,5,1,240,1.0,1.084515673089967,0.8188359421534841,1.6276704210005377,4.078103883911499,4.710926048040243,2.2401187565317047,-7.288629737609575,5.718487051711296,0.6208333333333333,1.6219284836216374,2.4469820554640087,True,K线收盘代理；达到描述性样本门槛,0.0,0.0,0.0,0.0
INTC,bybit|futures|INTCUSDT::gateio|futures|INTC_USDT,perp_perp,comparable,7,overnight,480,5,1,480,1.0,0.5018704399981528,0.3855942006636415,1.655766217159571,4.882534387030235,5.7587313864414895,2.9738404669750347,-8.302889405512603,9.351620947630757,0.5,1.6340657314284357,2.627776197849929,True,K线收盘代理；达到描述性样本门槛,0.0,0.0,0.0,0.0
INTC,bybit|futures|INTCUSDT::gateio|futures|INTC_USDT,perp_perp,comparable,7,weekend,576,2,2,576,1.0,1.1465499873294,0.8122817046518627,2.4317094917725157,6.3694310231904305,8.099535273463632,3.5769398574749856,-8.111615833873431,14.393666786614023,0.5190972222222222,2.1036038393745793,3.064848684397048,True,K线收盘代理；达到描述性样本门槛,0.008680555555555556,0.0,0.0,0.0
INTC,bybit|futures|INTCUSDT::gateio|futures|INTC_USDT,perp_perp,comparable,7,holiday,0,0,0,0,0,,,,,,,,,,,,False,样本不足 / 仅事件观察,,,,
INTC,bybit|futures|INTCUSDT::gateio|futures|INTC_USDT,perp_perp,comparable,30,all,8561,30,5,8640,0.9908564814814815,1.2546543493226125,1.0347682119205004,2.4441909727879185,6.702412868633267,8.111615833874541,3.8103522616956007,-14.128569986880946,16.705646508519134,0.5709613362924892,1.952901412485969,3.4880157970249015,True,K线收盘代理；达到描述性样本门槛,0.016353229762878167,0.0,0.0,0.0
INTC,bybit|futures|INTCUSDT::gateio|futures|INTC_USDT,perp_perp,comparable,30,regular,1560,20,5,1560,1.0,0.3202449435336773,0.0,2.228039888826361,6.136978166997321,7.846946628051687,3.7956159661399096,-13.364517206816418,15.491866769945517,0.48333333333333334,1.8095918854078852,2.611483000865278,True,K线收盘代理；达到描述性样本门槛,0.015384615384615385,0.0,0.0,0.0
INTC,bybit|futures|INTCUSDT::gateio|futures|INTC_USDT,perp_perp,comparable,30,non_regular,7001,30,5,7080,0.9888418079096045,1.4628644154604127,1.105460977228745,2.6075619295951036,6.7868916036450955,8.135041692088896,3.7823081033949517,-14.128569986880946,16.705646508519134,0.5904870732752464,1.9742689256906087,3.266656393726697,True,K线收盘代理；达到描述性样本门槛,0.016569061562633908,0.0,0.0,0.0
INTC,bybit|futures|INTCUSDT::gateio|futures|INTC_USDT,perp_perp,comparable,30,pre_market,1320,20,5,1320,1.0,-0.042200418309037056,0.0,2.2572167886480976,5.427959296063993,6.7028978009771025,3.3614237863852723,-14.128569986880946,14.9164677804281,0.4265151515151515,2.016614129310007,2.7000206284083506,True,K线收盘代理；达到描述性样本门槛,0.005303030303030303,0.0,0.0,0.0
INTC,bybit|futures|INTCUSDT::gateio|futures|INTC_USDT,perp_perp,comparable,30,after_market,955,20,5,960,0.9947916666666666,0.5798736505767856,0.9173470323808885,2.186748305269548,5.5803571428580945,6.972319904563262,3.3302949284348595,-12.295081967211852,12.286384452138144,0.543455497382199,1.4839824006294966,2.7934189148622055,True,K线收盘代理；达到描述性样本门槛,0.004188481675392671,0.0,0.0,0.0
INTC,bybit|futures|INTCUSDT::gateio|futures|INTC_USDT,perp_perp,comparable,30,overnight,1907,20,5,1920,0.9932291666666667,0.858040323136927,0.9673986649882949,2.2294058633387515,5.753966245944043,7.084519537261968,3.440045979883027,-12.278727105290432,12.514439738160466,0.5464079706345044,1.9967726034270106,2.754138033519288,True,K线收盘代理；达到描述性样本门槛,0.007865757734661772,0.0,0.0,0.0
INTC,bybit|futures|INTCUSDT::gateio|futures|INTC_USDT,perp_perp,comparable,30,weekend,2532,9,5,2592,0.9768518518518519,2.9591783481028116,2.912055938912861,3.1279324706634526,8.071608674239398,9.287925696592758,3.8405962978007904,-8.111615833873431,16.705646508519134,0.7176145339652449,2.0102522866627393,4.41257589484656,True,K线收盘代理；达到描述性样本门槛,0.0339652448657188,0.0,0.0,0.0
INTC,bybit|futures|INTCUSDT::gateio|futures|INTC_USDT,perp_perp,comparable,30,holiday,287,1,1,288,0.9965277777777778,2.1411725257387113,2.0360378703032644,3.047232097510566,7.160686436600283,8.168268073004192,3.959951151353228,-8.144151481217499,13.23963743762091,0.6724738675958188,3.047232097510566,3.047232097510566,False,样本不足 / 仅事件观察,0.013937282229965157,0.0,0.0,0.0
INTC,bybit|futures|INTCUSDT::okx|futures|INTC-USDT-SWAP,perp_perp,comparable,7,all,2016,7,2,2016,1.0,1.0681711128541673,0.8259002368860013,1.6316541137673113,4.374648252176705,5.229785772319362,2.407713631140703,-12.50104175347877,9.944476671914781,0.5942460317460317,1.6148067166418811,1.7482808297131225,True,K线收盘代理；达到描述性样本门槛,0.000496031746031746,0.0,0.0,0.0
INTC,bybit|futures|INTCUSDT::okx|futures|INTC-USDT-SWAP,perp_perp,comparable,7,regular,390,5,1,390,1.0,1.280475207323613,0.8470107385094572,1.6419013659929593,4.817576404589463,5.731968026244981,2.5219204614167747,-12.50104175347877,9.28818711475099,0.6256410256410256,1.6130343583659057,1.6456185195357076,True,K线收盘代理；达到描述性样本门槛,0.002564102564102564,0.0,0.0,0.0
INTC,bybit|futures|INTCUSDT::okx|futures|INTC-USDT-SWAP,perp_perp,comparable,7,non_regular,1626,7,2,1626,1.0,1.0172494665792082,0.8213889701325083,1.6287971441197868,4.35843846571804,5.008049531794456,2.376687747401233,-9.961813049974566,9.944476671914781,0.5867158671586716,1.5915775041158708,1.7511793987751156,True,K线收盘代理；达到描述性样本门槛,0.0,0.0,0.0,0.0
INTC,bybit|futures|INTCUSDT::okx|futures|INTC-USDT-SWAP,perp_perp,comparable,7,pre_market,330,5,1,330,1.0,0.3837768070171171,0.0,1.6382031139994258,4.335385709315798,5.055189330062826,2.4663218397430957,-8.322929671245038,6.954102920722072,0.44242424242424244,1.5434480629739067,1.6909044046231614,True,K线收盘代理；达到描述性样本门槛,0.0,0.0,0.0,0.0
INTC,bybit|futures|INTCUSDT::okx|futures|INTC-USDT-SWAP,perp_perp,comparable,7,after_market,240,5,1,240,1.0,1.6746578131532075,1.6221257985227222,1.6248273620922404,4.088679334952161,4.906250050200067,1.9640725310554614,-4.050550874918901,7.353541956043319,0.7208333333333333,1.6219284836216374,2.435065512618184,True,K线收盘代理；达到描述性样本门槛,0.0,0.0,0.0,0.0
INTC,bybit|futures|INTCUSDT::okx|futures|INTC-USDT-SWAP,perp_perp,comparable,7,overnight,480,5,1,480,1.0,0.9095183534547496,0.8114577852436078,1.6152479827002963,4.6601951880898,5.393934653573349,2.4587500393266253,-9.961813049974566,9.944476671914781,0.55625,1.5556334525157478,1.687141395384506,True,K线收盘代理；达到描述性样本门槛,0.0,0.0,0.0,0.0
INTC,bybit|futures|INTCUSDT::okx|futures|INTC-USDT-SWAP,perp_perp,comparable,7,weekend,576,2,2,576,1.0,1.1960322943178718,0.9093802592352596,1.7708518352388403,4.4875250067144545,4.876265385316825,2.3160158655005123,-8.865962762956148,7.25491974244985,0.6388888888888888,1.6726586560629475,1.7695088332590758,True,K线收盘代理；达到描述性样本门槛,0.0,0.0,0.0,0.0
INTC,bybit|futures|INTCUSDT::okx|futures|INTC-USDT-SWAP,perp_perp,comparable,7,holiday,0,0,0,0,0,,,,,,,,,,,,False,样本不足 / 仅事件观察,,,,
INTC,bybit|futures|INTCUSDT::okx|futures|INTC-USDT-SWAP,perp_perp,comparable,30,all,8536,30,5,8640,0.9879629629629629,3.0186663016585373,2.9947592385970445,3.0755036864427154,6.909769932801346,8.29273349227666,3.02750895279165,-12.50104175347877,17.754981258630842,0.80470946579194,2.0842703646044294,4.002838763476346,True,K线收盘代理；达到描述性样本门槛,0.01183223992502343,0.0,0.0,0.0
INTC,bybit|futures|INTCUSDT::okx|futures|INTC-USDT-SWAP,perp_perp,comparable,30,regular,1560,20,5,1560,1.0,2.527054804446446,2.26090900094289,2.596512095417447,6.118266134935713,7.4151499536868615,2.9537395016345966,-12.50104175347877,17.754981258630842,0.764102564102564,2.046746036338809,3.3373401397290836,True,K线收盘代理；达到描述性样本门槛,0.010256410256410256,0.0,0.0,0.0
INTC,bybit|futures|INTCUSDT::okx|futures|INTC-USDT-SWAP,perp_perp,comparable,30,non_regular,6976,30,5,7080,0.9853107344632769,3.1286023589479384,3.067014269629853,3.13152404247119,7.113100098574687,8.31514395593036,3.0328780076698947,-10.018924635423199,15.996800639872522,0.8137901376146789,2.0882150470535876,4.134186534563988,True,K线收盘代理；达到描述性样本门槛,0.012184633027522936,0.0,0.0,0.0
INTC,bybit|futures|INTCUSDT::okx|futures|INTC-USDT-SWAP,perp_perp,comparable,30,pre_market,1320,20,5,1320,1.0,2.2770873392191056,2.219016975482102,2.42600685627814,5.8289222791476645,6.899781402948334,2.809297879530171,-8.322929671245038,11.685655857436306,0.7363636363636363,1.9000664729572347,3.3677867186771016,True,K线收盘代理；达到描述性样本门槛,0.0030303030303030303,0.0,0.0,0.0
INTC,bybit|futures|INTCUSDT::okx|futures|INTC-USDT-SWAP,perp_perp,comparable,30,after_market,954,20,5,960,0.99375,3.0782268914237583,3.0712531034415846,3.0753461056931553,6.6892699480354265,7.768272499973139,2.5271412000101656,-5.460303592879079,10.693107805967994,0.8574423480083857,2.150449372409491,3.8020368435967566,True,K线收盘代理；达到描述性样本门槛,0.0010482180293501049,0.0,0.0,0.0
INTC,bybit|futures|INTCUSDT::okx|futures|INTC-USDT-SWAP,perp_perp,comparable,30,overnight,1905,20,5,1920,0.9921875,2.9010616409722965,2.8862805464702213,2.977371973005294,6.69002868173596,7.9279698146881294,2.9429103674733175,-10.018924635423199,15.996800639872522,0.7973753280839895,2.2168243968251344,4.191067038485374,True,K线收盘代理；达到描述性样本门槛,0.008923884514435695,0.0,0.0,0.0
INTC,bybit|futures|INTCUSDT::okx|futures|INTC-USDT-SWAP,perp_perp,comparable,30,weekend,2510,9,5,2592,0.9683641975308642,3.9632181087473164,4.0120362697737555,4.026575397624299,8.290413178315248,9.342447434722011,3.1749405331267875,-9.034443817051985,13.296398891966543,0.8669322709163346,2.7629397679129752,5.048465472431429,True,K线收盘代理；达到描述性样本门槛,0.0250996015936255,0.0,0.0,0.0
INTC,bybit|futures|INTCUSDT::okx|futures|INTC-USDT-SWAP,perp_perp,comparable,30,holiday,287,1,1,288,0.9965277777777778,1.4235067415517182,2.021835826930829,2.0414412575275875,5.106000776360808,6.098182031756161,2.778895224998646,-7.135575942914807,8.144980655671041,0.6689895470383276,2.0414412575275875,2.0414412575275875,False,样本不足 / 仅事件观察,0.0,0.0,0.0,0.0
INTC,gateio|futures|INTC_USDT::okx|futures|INTC-USDT-SWAP,perp_perp,comparable,7,all,2016,7,2,2016,1.0,0.4558861568690463,0.7967812184606071,1.6437905810801068,4.507347012198681,5.503581002934688,2.723525421786475,-11.681193278821889,10.435690060006664,0.5158730158730159,1.6272401342121157,1.9856566904510875,True,K线收盘代理；达到描述性样本门槛,0.001984126984126984,0.0,0.0,0.0
INTC,gateio|futures|INTC_USDT::okx|futures|INTC-USDT-SWAP,perp_perp,comparable,7,regular,390,5,1,390,1.0,0.6688309494351963,0.7976710867518833,1.6426430153776428,4.156834326691228,5.629973990491588,2.6482796227143446,-7.3758400262247115,10.347503664740465,0.517948717948718,1.6295290012613428,1.6514596152494843,True,K线收盘代理；达到描述性样本门槛,0.002564102564102564,0.0,0.0,0.0
INTC,gateio|futures|INTC_USDT::okx|futures|INTC-USDT-SWAP,perp_perp,comparable,7,non_regular,1626,7,2,1626,1.0,0.4048108376188628,0.7863180765976807,1.6488046166518444,4.516524871325811,5.4605023662177015,2.738805493892991,-11.681193278821889,10.435690060006664,0.5153751537515375,1.622718988210925,1.9865613078248745,True,K线收盘代理；达到描述性样本门槛,0.0018450184501845018,0.0,0.0,0.0
INTC,gateio|futures|INTC_USDT::okx|futures|INTC-USDT-SWAP,perp_perp,comparable,7,pre_market,330,5,1,330,1.0,0.8838346778318488,0.8311870730381976,1.673430608356563,4.200636956020357,5.783583096672707,2.6802463449175185,-9.428302048513082,10.435690060006664,0.6,1.303238770756221,2.3371730593213513,True,K线收盘代理；达到描述性样本门槛,0.0030303030303030303,0.0,0.0,0.0
INTC,gateio|futures|INTC_USDT::okx|futures|INTC-USDT-SWAP,perp_perp,comparable,7,after_market,240,5,1,240,1.0,0.5903263657999434,0.8053806288588206,1.592713718364669,3.243699145195289,4.054641400528358,1.9502328187424336,-5.709159122420093,7.382495283405621,0.5333333333333333,1.2172703870849677,1.6299255635232601,True,K线收盘代理；达到描述性样本门槛,0.0,0.0,0.0,0.0
INTC,gateio|futures|INTC_USDT::okx|futures|INTC-USDT-SWAP,perp_perp,comparable,7,overnight,480,5,1,480,1.0,0.40807974883988923,0.38511900177118363,1.626346821146929,4.099167535712267,5.255521370952024,2.4994778139550933,-7.854088489397393,7.863489816779534,0.5,1.555210715058486,1.643994262135462,True,K线收盘代理；达到描述性样本门槛,0.0,0.0,0.0,0.0
INTC,gateio|futures|INTC_USDT::okx|futures|INTC-USDT-SWAP,perp_perp,comparable,7,weekend,576,2,2,576,1.0,0.050347866403867216,0.0,2.424536628108376,5.314203466457168,5.693140020835985,3.1617738365101706,-11.681193278821889,8.930746123243516,0.4722222222222222,2.2829313350007654,2.377334863739172,True,K线收盘代理；达到描述性样本门槛,0.003472222222222222,0.0,0.0,0.0
INTC,gateio|futures|INTC_USDT::okx|futures|INTC-USDT-SWAP,perp_perp,comparable,7,holiday,0,0,0,0,0,,,,,,,,,,,,False,样本不足 / 仅事件观察,,,,
INTC,gateio|futures|INTC_USDT::okx|futures|INTC-USDT-SWAP,perp_perp,comparable,30,all,8607,30,5,8640,0.9961805555555555,1.760110091988041,1.9372336303757898,2.750022916857553,6.2059122293951505,7.707215207544137,3.439423731462699,-15.253203172667096,16.17305165268368,0.6619031021261763,1.9654314652797766,3.1395644846687887,True,K线收盘代理；达到描述性样本门槛,0.010108051585918439,0.0,0.0,0.0
INTC,gateio|futures|INTC_USDT::okx|futures|INTC-USDT-SWAP,perp_perp,comparable,30,regular,1560,20,5,1560,1.0,2.207562827682296,2.1055956728710523,2.4597235437323617,6.650194349129948,8.091907247651964,3.2845951272890703,-11.814512159100676,15.283217117203485,0.7006410256410256,1.7800022141138683,2.961323482954248,True,K线收盘代理；达到描述性样本门槛,0.021794871794871794,0.0,0.0,0.0
INTC,gateio|futures|INTC_USDT::okx|futures|INTC-USDT-SWAP,perp_perp,comparable,30,non_regular,7047,30,5,7080,0.9953389830508474,1.661057123677691,1.9151584793641874,2.7644673792859287,6.174364056196202,7.363529265506535,3.464962508833867,-15.253203172667096,16.17305165268368,0.6533276571590748,1.973280487960194,3.310326927866425,True,K线收盘代理；达到描述性样本门槛,0.007520930892578402,0.0,0.0,0.0
INTC,gateio|futures|INTC_USDT::okx|futures|INTC-USDT-SWAP,perp_perp,comparable,30,pre_market,1320,20,5,1320,1.0,2.3199289166001758,2.2301534250068755,2.7344845646565252,6.085193261555545,7.518610817364149,3.0361313678181814,-9.934432743889943,16.17305165268368,0.75,1.9065248852953576,3.8401942688123802,True,K线收盘代理；达到描述性样本门槛,0.005303030303030303,0.0,0.0,0.0
INTC,gateio|futures|INTC_USDT::okx|futures|INTC-USDT-SWAP,perp_perp,comparable,30,after_market,959,20,5,960,0.9989583333333333,2.4915639468190616,2.245677071637253,2.4473813020065016,6.8394373863682825,8.26841475438699,3.205315428516441,-6.697176024109686,14.11148069750956,0.7278415015641293,1.6148780499519733,3.225503953498965,True,K线收盘代理；达到描述性样本门槛,0.022940563086548488,0.0,0.0,0.0
INTC,gateio|futures|INTC_USDT::okx|futures|INTC-USDT-SWAP,perp_perp,comparable,30,overnight,1918,20,5,1920,0.9989583333333333,2.051141711626087,2.039775964155499,2.4175027236150726,6.081060550075623,7.12968938334113,3.0271412090881067,-7.938082952966274,14.294465999591388,0.7059436913451512,1.9609900274208947,2.9297719849044612,True,K线收盘代理；达到描述性样本门槛,0.007820646506777894,0.0,0.0,0.0
INTC,gateio|futures|INTC_USDT::okx|futures|INTC-USDT-SWAP,perp_perp,comparable,30,weekend,2563,9,5,2592,0.9888117283950617,0.9852828287092624,1.1096316023073705,3.047851264856849,6.232859679042413,7.2585311955950536,3.7879906838951776,-11.681193278821889,13.88613370363112,0.573156457276629,2.2357295706315616,3.884249405436968,True,K线收盘代理；达到描述性样本门槛,0.0031213421771361686,0.0,0.0,0.0
INTC,gateio|futures|INTC_USDT::okx|futures|INTC-USDT-SWAP,perp_perp,comparable,30,holiday,287,1,1,288,0.9965277777777778,-0.7164325339222924,-1.0143016533126215,2.049180327868827,6.111099855121704,7.126171240092516,3.693094755421108,-15.253203172667096,9.157509157509125,0.3240418118466899,2.049180327868827,2.049180327868827,False,样本不足 / 仅事件观察,0.003484320557491289,0.0,0.0,0.0
INTC,okx|futures|INTC-USDT-SWAP::okx|spot|XINTC-USDT,spot_perp,comparable,7,all,1788,7,2,2016,0.8869047619047619,6.7460556627820925,6.497198254745706,6.521829573504778,12.396623975789112,15.329132703928993,4.923079498505657,-17.608452056987467,29.732408325073845,0.9250559284116331,6.294253724590249,7.272583518557751,True,K线收盘代理；达到描述性样本门槛,0.191834451901566,0.0,0.0,0.0
INTC,okx|futures|INTC-USDT-SWAP::okx|spot|XINTC-USDT,spot_perp,comparable,7,regular,383,5,1,390,0.982051282051282,7.28436496279168,6.67334000667319,7.2335637357334726,13.98441875721712,16.82226619041493,5.300150486398011,-17.608452056987467,24.99193808448874,0.9242819843342036,6.5711142437563375,8.145312372729308,True,K线收盘代理；达到描述性样本门槛,0.2454308093994778,0.0,0.0,0.0
INTC,okx|futures|INTC-USDT-SWAP::okx|spot|XINTC-USDT,spot_perp,comparable,7,non_regular,1405,7,2,1626,0.8640836408364083,6.599313697014354,6.469351447517813,6.491925667451159,11.794578373943045,14.69271721093612,4.804721946929218,-14.266532393421016,29.732408325073845,0.9252669039145908,6.264112336386574,6.999575680409764,True,K线收盘代理；达到描述性样本门槛,0.17722419928825622,0.0,0.0,0.0
INTC,okx|futures|INTC-USDT-SWAP::okx|spot|XINTC-USDT,spot_perp,comparable,7,pre_market,314,5,1,330,0.9515151515151515,6.947103627395857,6.984765560675843,7.2736175805976355,13.33177920291595,17.15862706385984,5.661995205528806,-14.266532393421016,24.12043583132295,0.8949044585987261,6.525817766538378,7.826441454991118,True,K线收盘代理；达到描述性样本门槛,0.267515923566879,0.0,0.0,0.0
INTC,okx|futures|INTC-USDT-SWAP::okx|spot|XINTC-USDT,spot_perp,comparable,7,after_market,205,5,1,240,0.8541666666666666,6.597821750674674,6.491398896462108,6.491398896462108,11.04151116131424,13.64857373310534,3.864108375346384,-6.48035641960254,22.091310751104487,0.9463414634146341,6.53541377338529,7.2609923356203865,True,K线收盘代理；达到描述性样本门槛,0.13170731707317074,0.0,0.0,0.0
INTC,okx|futures|INTC-USDT-SWAP::okx|spot|XINTC-USDT,spot_perp,comparable,7,overnight,436,5,1,480,0.9083333333333333,7.058803655516307,6.628277992928311,6.957061239240003,13.13682936186722,16.493518780104633,5.202748749736758,-9.102946044355908,28.17808550036327,0.9220183486238532,6.614057147575347,7.246960302762506,True,K线收盘代理；达到描述性样本门槛,0.22247706422018348,0.0,0.0,0.0
INTC,okx|futures|INTC-USDT-SWAP::okx|spot|XINTC-USDT,spot_perp,comparable,7,weekend,450,2,2,576,0.78125,5.912118561354333,5.691519673368672,5.696614621060192,9.902063129207495,11.676486581051016,3.9897863259968447,-8.042895442359477,29.732408325073845,0.94,5.839546475908675,6.1522352708698325,True,K线收盘代理；达到描述性样本门槛,0.09111111111111111,0.0,0.0,0.0
INTC,okx|futures|INTC-USDT-SWAP::okx|spot|XINTC-USDT,spot_perp,comparable,7,holiday,0,0,0,0,0,,,,,,,,,,,,False,样本不足 / 仅事件观察,,,,
INTC,okx|futures|INTC-USDT-SWAP::okx|spot|XINTC-USDT,spot_perp,comparable,30,all,6805,30,5,8640,0.7876157407407407,7.515711019068722,7.2727272727268755,7.327796775769002,14.565005790108998,17.252806381940815,5.673038589086494,-19.254837777992194,34.29493645350057,0.9171197648787656,6.099950023987222,8.137644424376644,True,K线收盘代理；达到描述性样本门槛,0.2884643644379133,0.000881704628949302,0.0,0.0
INTC,okx|futures|INTC-USDT-SWAP::okx|spot|XINTC-USDT,spot_perp,comparable,30,regular,1489,20,5,1560,0.9544871794871795,7.563833431809824,7.414730598120922,7.493443237167607,14.980374126163822,17.965133603185627,6.121478161623032,-19.254837777992194,31.908721717268662,0.9053055742108798,6.313690312939324,8.325874455306636,True,K线收盘代理；达到描述性样本门槛,0.3022162525184688,0.001343183344526528,0.0,0.0
INTC,okx|futures|INTC-USDT-SWAP::okx|spot|XINTC-USDT,spot_perp,comparable,30,non_regular,5316,30,5,7080,0.7508474576271187,7.502232036267461,7.2455436927254535,7.297124820851986,14.499739103002174,17.06686966005233,5.540854021148877,-17.223561832587777,34.29493645350057,0.9204288939051919,6.10200193826016,8.166344041880546,True,K线收盘代理；达到描述性样本门槛,0.2846124905944319,0.0007524454477050414,0.0,0.0
INTC,okx|futures|INTC-USDT-SWAP::okx|spot|XINTC-USDT,spot_perp,comparable,30,pre_market,1237,20,5,1320,0.9371212121212121,7.169553020562617,7.281553398057472,7.618632999566444,14.557113802417645,17.22577465212583,6.039751663635649,-17.223561832587777,27.297543221111997,0.8868229587712207,6.1834200719876335,9.032564156485067,True,K线收盘代理；达到描述性样本门槛,0.2837510105092967,0.0,0.0,0.0
INTC,okx|futures|INTC-USDT-SWAP::okx|spot|XINTC-USDT,spot_perp,comparable,30,after_market,660,20,5,960,0.6875,6.930677971436732,6.8723706449858035,7.0551211903868705,12.252238090094682,14.264521843446492,4.446546939343387,-10.076951264199607,25.20824199912397,0.9409090909090909,5.730643400449209,7.893173573236267,False,样本不足 / 仅事件观察,0.2106060606060606,0.0,0.0,0.0
INTC,okx|futures|INTC-USDT-SWAP::okx|spot|XINTC-USDT,spot_perp,comparable,30,overnight,1544,20,5,1920,0.8041666666666667,7.45194523609575,7.168092221354616,7.339064793459027,14.335824720666412,17.17457369731623,5.760565075537467,-15.980823012385903,32.67306514192381,0.9099740932642487,6.58894253280598,8.188326971225596,True,K线收盘代理；达到描述性样本门槛,0.2817357512953368,0.0006476683937823834,0.0,0.0
INTC,okx|futures|INTC-USDT-SWAP::okx|spot|XINTC-USDT,spot_perp,comparable,30,weekend,1617,9,5,2592,0.6238425925925926,7.392987855853567,6.679283090282873,6.728720421667056,14.531266018249946,16.726253975598127,5.100135075425537,-15.54498902706647,29.732408325073845,0.9363017934446506,5.683202078428096,6.451315621274212,False,样本不足 / 仅事件观察,0.2628324056895485,0.0,0.0,0.0
INTC,okx|futures|INTC-USDT-SWAP::okx|spot|XINTC-USDT,spot_perp,comparable,30,holiday,258,1,1,288,0.8958333333333334,11.54502383630453,11.201630373346427,11.201630373346427,17.62019992265286,20.377908552408286,5.262224086824136,-3.0342874481648074,34.29493645350057,0.9922480620155039,11.201630373346427,11.201630373346427,False,样本不足 / 仅事件观察,0.6317829457364341,0.011627906976744186,0.0,0.0
INTC,gateio|futures|INTC_USDT::gateio|spot|INTCG_USDT,spot_perp,reference,7,all,1617,7,2,2016,0.8020833333333334,7.360961301237561,7.238799967828058,7.406188281764425,16.585398461784973,20.957967315163184,8.225378699949456,-44.493882091212186,62.950385156961275,0.8639455782312925,7.1534475816975585,8.12556720565405,True,K线收盘代理；达到描述性样本门槛,0.3339517625231911,0.015460729746444033,0.0006184291898577613,0.0
INTC,gateio|futures|INTC_USDT::gateio|spot|INTCG_USDT,spot_perp,reference,7,regular,388,5,1,390,0.9948717948717949,7.694440976391095,7.449725912245242,8.173942348383978,19.11433722624212,24.758050906426128,10.270206194228178,-44.493882091212186,62.950385156961275,0.8221649484536082,8.044405116240938,8.774729283635985,True,K线收盘代理；达到描述性样本门槛,0.3865979381443299,0.03350515463917526,0.002577319587628866,0.0
INTC,gateio|futures|INTC_USDT::gateio|spot|INTCG_USDT,spot_perp,reference,7,non_regular,1229,7,2,1626,0.7558425584255842,7.255680492482823,6.971070059254014,7.309941520468044,16.196198025510093,19.94792423214208,7.461277002396374,-24.234808365496406,47.42048892159234,0.8771358828315704,6.949768747308571,8.012285768976835,True,K线收盘代理；达到描述性样本门槛,0.31733116354759966,0.009764035801464606,0.0,0.0
INTC,gateio|futures|INTC_USDT::gateio|spot|INTCG_USDT,spot_perp,reference,7,pre_market,329,5,1,330,0.996969696969697,7.459753513976913,6.947124662290971,7.53831979227737,16.624272117357286,20.127215500425063,7.5012164585037775,-15.68217459487764,38.37490614832628,0.8632218844984803,6.103135716128971,9.003855785145731,True,K线收盘代理；达到描述性样本门槛,0.3586626139817629,0.00911854103343465,0.0,0.0
INTC,gateio|futures|INTC_USDT::gateio|spot|INTCG_USDT,spot_perp,reference,7,after_market,235,5,1,240,0.9791666666666666,6.619390244698982,6.4882400648813565,6.5226253567074455,12.185422585681671,14.659566731257234,5.494805128094796,-12.550988390336304,47.42048892159234,0.9234042553191489,5.505741702060973,6.501422186102612,True,K线收盘代理；达到描述性样本门槛,0.19148936170212766,0.00425531914893617,0.0,0.0
INTC,gateio|futures|INTC_USDT::gateio|spot|INTCG_USDT,spot_perp,reference,7,overnight,448,5,1,480,0.9333333333333333,6.906693263777132,6.808911621724034,7.4356011759935114,15.474468012025344,19.5719266136628,7.648583552869919,-24.057116250194575,34.980323567992414,0.8638392857142857,6.9517795381213165,7.3821935169393615,True,K线收盘代理；达到描述性样本门槛,0.3325892857142857,0.006696428571428571,0.0,0.0
INTC,gateio|futures|INTC_USDT::gateio|spot|INTCG_USDT,spot_perp,reference,7,weekend,217,2,2,576,0.3767361111111111,8.355839306389722,7.325411036953611,8.083420903726157,19.500320142125105,24.267482346268295,8.63420152098512,-24.234808365496406,37.53015816280847,0.8755760368663594,7.522127799458045,7.924494026327333,False,样本不足 / 仅事件观察,0.35944700460829493,0.02304147465437788,0.0,0.0
INTC,gateio|futures|INTC_USDT::gateio|spot|INTCG_USDT,spot_perp,reference,7,holiday,0,0,0,0,0,,,,,,,,,,,,False,样本不足 / 仅事件观察,,,,
INTC,gateio|futures|INTC_USDT::gateio|spot|INTCG_USDT,spot_perp,reference,30,all,6769,30,5,8640,0.783449074074074,9.312740742492702,9.10102133683921,9.51384264104238,18.847424591937223,22.44330480657507,8.19778364212362,-44.493882091212186,62.950385156961275,0.8951100605702467,7.848859507534889,10.637796439776913,True,K线收盘代理；达到描述性样本门槛,0.4699364751071059,0.015955089378046978,0.00044319692716797166,0.0
INTC,gateio|futures|INTC_USDT::gateio|spot|INTCG_USDT,spot_perp,reference,30,regular,1543,20,5,1560,0.9891025641025641,9.78945843554386,9.686793671295213,10.075002798612953,21.293423409121548,26.51944802356287,10.087595313142268,-44.493882091212186,62.950385156961275,0.8626053143227479,8.336153415886283,11.040128811005411,True,K线收盘代理；达到描述性样本门槛,0.509397278029812,0.03694102397926118,0.0012961762799740765,0.0
INTC,gateio|futures|INTC_USDT::gateio|spot|INTCG_USDT,spot_perp,reference,30,non_regular,5226,30,5,7080,0.738135593220339,9.171987699940475,8.996161308599815,9.18367356501082,18.12312403162375,21.253986591321382,7.544133762975026,-43.23780794369125,55.492755112525046,0.904707233065442,7.789342328494153,10.630517071446576,True,K线收盘代理；达到描述性样本门槛,0.45828549559892845,0.00975889781859931,0.00019135093761959434,0.0
INTC,gateio|futures|INTC_USDT::gateio|spot|INTCG_USDT,spot_perp,reference,30,pre_market,1299,20,5,1320,0.9840909090909091,9.481455422750951,9.301364200080542,9.681479330041487,18.93983256065646,21.86845671445714,8.02432574191892,-24.077924920652414,55.492755112525046,0.8953040800615858,8.405478510835064,10.861982073446242,True,K线收盘代理；达到描述性样本门槛,0.47421093148575827,0.012317167051578136,0.0007698229407236335,0.0
INTC,gateio|futures|INTC_USDT::gateio|spot|INTCG_USDT,spot_perp,reference,30,after_market,926,20,5,960,0.9645833333333333,8.937888580087948,8.738872244933305,8.796794813641373,15.609107495823116,17.982829241032782,5.794621763738791,-12.550988390336304,47.42048892159234,0.9481641468682506,6.69463570874218,10.614180347116031,True,K线收盘代理；达到描述性样本门槛,0.4222462203023758,0.004319654427645789,0.0,0.0
INTC,gateio|futures|INTC_USDT::gateio|spot|INTCG_USDT,spot_perp,reference,30,overnight,1778,20,5,1920,0.9260416666666667,9.226159408027765,9.087156301115229,9.608707514584536,18.047412833462893,20.931275939624182,7.284206440760929,-43.23780794369125,37.07518022657119,0.9122609673790776,7.72918984107307,10.784607205137075,True,K线收盘代理；达到描述性样本门槛,0.4718785151856018,0.006186726659167604,0.0,0.0
INTC,gateio|futures|INTC_USDT::gateio|spot|INTCG_USDT,spot_perp,reference,30,weekend,957,9,5,2592,0.36921296296296297,8.957395190778247,8.737864077670299,8.929296209108095,19.471407815806252,23.743470741099053,8.562481176006425,-24.234808365496406,41.681768756796075,0.8787878787878788,7.320944686023401,10.75454969417966,False,样本不足 / 仅事件观察,0.44618599791013586,0.017763845350052248,0.0,0.0
INTC,gateio|futures|INTC_USDT::gateio|spot|INTCG_USDT,spot_perp,reference,30,holiday,266,1,1,288,0.9236111111111112,8.885615321525725,9.11807933523967,9.13613066549579,18.430351007726607,21.390771995161153,8.214064037568477,-12.030075187969835,41.60746904810164,0.8421052631578947,9.13613066549579,9.13613066549579,False,样本不足 / 仅事件观察,0.45864661654135336,0.011278195488721804,0.0,0.0
INTC,bitget|futures|INTCUSDT::bitget|spot|RINTCUSDT,spot_perp,reference,7,all,0,0,0,2016,0.0,,,,,,,,,,,,False,样本不足 / 仅事件观察,,,,
INTC,bitget|futures|INTCUSDT::bitget|spot|RINTCUSDT,spot_perp,reference,7,regular,0,0,0,390,0.0,,,,,,,,,,,,False,样本不足 / 仅事件观察,,,,
INTC,bitget|futures|INTCUSDT::bitget|spot|RINTCUSDT,spot_perp,reference,7,non_regular,0,0,0,1626,0.0,,,,,,,,,,,,False,样本不足 / 仅事件观察,,,,
INTC,bitget|futures|INTCUSDT::bitget|spot|RINTCUSDT,spot_perp,reference,7,pre_market,0,0,0,330,0.0,,,,,,,,,,,,False,样本不足 / 仅事件观察,,,,
INTC,bitget|futures|INTCUSDT::bitget|spot|RINTCUSDT,spot_perp,reference,7,after_market,0,0,0,240,0.0,,,,,,,,,,,,False,样本不足 / 仅事件观察,,,,
INTC,bitget|futures|INTCUSDT::bitget|spot|RINTCUSDT,spot_perp,reference,7,overnight,0,0,0,480,0.0,,,,,,,,,,,,False,样本不足 / 仅事件观察,,,,
INTC,bitget|futures|INTCUSDT::bitget|spot|RINTCUSDT,spot_perp,reference,7,weekend,0,0,0,576,0.0,,,,,,,,,,,,False,样本不足 / 仅事件观察,,,,
INTC,bitget|futures|INTCUSDT::bitget|spot|RINTCUSDT,spot_perp,reference,7,holiday,0,0,0,0,0,,,,,,,,,,,,False,样本不足 / 仅事件观察,,,,
INTC,bitget|futures|INTCUSDT::bitget|spot|RINTCUSDT,spot_perp,reference,30,all,0,0,0,8640,0.0,,,,,,,,,,,,False,样本不足 / 仅事件观察,,,,
INTC,bitget|futures|INTCUSDT::bitget|spot|RINTCUSDT,spot_perp,reference,30,regular,0,0,0,1560,0.0,,,,,,,,,,,,False,样本不足 / 仅事件观察,,,,
INTC,bitget|futures|INTCUSDT::bitget|spot|RINTCUSDT,spot_perp,reference,30,non_regular,0,0,0,7080,0.0,,,,,,,,,,,,False,样本不足 / 仅事件观察,,,,
INTC,bitget|futures|INTCUSDT::bitget|spot|RINTCUSDT,spot_perp,reference,30,pre_market,0,0,0,1320,0.0,,,,,,,,,,,,False,样本不足 / 仅事件观察,,,,
INTC,bitget|futures|INTCUSDT::bitget|spot|RINTCUSDT,spot_perp,reference,30,after_market,0,0,0,960,0.0,,,,,,,,,,,,False,样本不足 / 仅事件观察,,,,
INTC,bitget|futures|INTCUSDT::bitget|spot|RINTCUSDT,spot_perp,reference,30,overnight,0,0,0,1920,0.0,,,,,,,,,,,,False,样本不足 / 仅事件观察,,,,
INTC,bitget|futures|INTCUSDT::bitget|spot|RINTCUSDT,spot_perp,reference,30,weekend,0,0,0,2592,0.0,,,,,,,,,,,,False,样本不足 / 仅事件观察,,,,
INTC,bitget|futures|INTCUSDT::bitget|spot|RINTCUSDT,spot_perp,reference,30,holiday,0,0,0,288,0.0,,,,,,,,,,,,False,样本不足 / 仅事件观察,,,,
INTC,binance|futures|INTCUSDT::binance|spot|INTCBUSDT,spot_perp,reference,7,all,1860,7,2,2016,0.9226190476190477,7.053455612081041,7.112575325042281,7.160122787807088,11.77663560189224,13.491999431195056,4.146966775249289,-11.290322580644885,31.786395422759295,0.9553763440860215,6.469469952298801,7.369608220769708,True,K线收盘代理；达到描述性样本门槛,0.2010752688172043,0.001075268817204301,0.0,0.0
INTC,binance|futures|INTCUSDT::binance|spot|INTCBUSDT,spot_perp,reference,7,regular,389,5,1,390,0.9974358974358974,6.910106596083286,6.524753282766138,6.529546196538671,12.383901352662539,14.493220754359104,4.5288460276302684,-7.500000000000284,31.786395422759295,0.9434447300771208,5.8301995980136745,7.1559814681487754,True,K线收盘代理；达到描述性样本门槛,0.17223650385604114,0.002570694087403599,0.0,0.0
INTC,binance|futures|INTCUSDT::binance|spot|INTCBUSDT,spot_perp,reference,7,non_regular,1471,7,2,1626,0.9046740467404674,7.091363679533881,7.259235360541627,7.259820924416793,11.708622564188254,13.166522976102435,4.039099283520079,-11.290322580644885,30.120481927711218,0.9585316111488783,6.359726266803589,7.695433759867809,True,K线收盘代理；达到描述性样本门槛,0.2087015635622026,0.0006798096532970768,0.0,0.0
INTC,binance|futures|INTCUSDT::binance|spot|INTCBUSDT,spot_perp,reference,7,pre_market,330,5,1,330,1.0,6.821942034488954,6.9369613749437065,6.9369613749437065,11.586296803434148,12.724416724417269,3.588845241345273,-2.5174121003612715,20.306286487858927,0.9636363636363636,6.4761600192919655,7.01125782421208,True,K线收盘代理；达到描述性样本门槛,0.18787878787878787,0.0,0.0,0.0
INTC,binance|futures|INTCUSDT::binance|spot|INTCBUSDT,spot_perp,reference,7,after_market,228,5,1,240,0.95,6.718658015122529,7.070747284043666,7.070747284043666,10.548278709672898,11.472777861332606,3.019375883536258,-0.8167932696234725,13.938996392259817,0.9868421052631579,5.687357816055449,7.072691552063581,True,K线收盘代理；达到描述性样本门槛,0.12280701754385964,0.0,0.0,0.0
INTC,binance|futures|INTCUSDT::binance|spot|INTCBUSDT,spot_perp,reference,7,overnight,460,5,1,480,0.9583333333333334,7.29893629345456,7.290995450642823,7.296902918081383,12.90220424572275,14.059128421640029,4.525218578944672,-8.863105309805386,27.07423580786017,0.9456521739130435,7.259820924416793,7.83017243447981,True,K线收盘代理；达到描述性样本门槛,0.2391304347826087,0.0,0.0,0.0
INTC,binance|futures|INTCUSDT::binance|spot|INTCBUSDT,spot_perp,reference,7,weekend,453,2,2,576,0.7864583333333334,7.264437922242717,7.301638812264866,7.301638812264866,11.840140901102636,13.603468004289354,4.244390638482754,-11.290322580644885,30.120481927711218,0.9536423841059603,5.919674106230621,7.990614959921816,True,K线收盘代理；达到描述性样本门槛,0.23620309050772628,0.002207505518763797,0.0,0.0
INTC,binance|futures|INTCUSDT::binance|spot|INTCBUSDT,spot_perp,reference,7,holiday,0,0,0,0,0,,,,,,,,,,,,False,样本不足 / 仅事件观察,,,,
INTC,binance|futures|INTCUSDT::binance|spot|INTCBUSDT,spot_perp,reference,30,all,7825,30,5,8640,0.9056712962962963,8.66672015029724,8.617387973957058,8.651879817525021,14.521114395973811,16.437707136697455,4.887117356406459,-17.54001315500964,40.80443019527813,0.9619169329073483,6.711482479139219,10.000765805739388,True,K线收盘代理；达到描述性样本门槛,0.35859424920127797,0.0016613418530351438,0.0,0.0
INTC,binance|futures|INTCUSDT::binance|spot|INTCBUSDT,spot_perp,reference,30,regular,1538,20,5,1560,0.985897435897436,7.952054022388937,7.7576296702086545,7.7838322542178595,14.493453868975159,16.967916297020654,5.663205032720883,-17.54001315500964,40.80443019527813,0.9278283485045513,6.481395199502693,8.976804765771506,True,K线收盘代理；达到描述性样本门槛,0.2977893368010403,0.005201560468140442,0.0,0.0
INTC,binance|futures|INTCUSDT::binance|spot|INTCBUSDT,spot_perp,reference,30,non_regular,6287,30,5,7080,0.8879943502824859,8.841550197175396,8.843687817821078,8.847817538339964,14.524931044101574,16.323885096996893,4.6610477849725145,-15.675736199753931,38.06964505654431,0.9702560839828217,7.305750166964886,9.98603419825217,True,K线收盘代理；达到描述性样本门槛,0.3734690631461747,0.000795291872117067,0.0,0.0
INTC,binance|futures|INTCUSDT::binance|spot|INTCBUSDT,spot_perp,reference,30,pre_market,1297,20,5,1320,0.9825757575757575,7.90692792455457,7.762167197080672,7.8037904124861335,13.647912609542349,16.131635814521594,5.139203500767072,-15.675736199753931,38.06964505654431,0.9475713184271396,6.93859477055303,8.721964827732576,True,K线收盘代理；达到描述性样本门槛,0.28835774865073244,0.002313030069390902,0.0,0.0
INTC,binance|futures|INTCUSDT::binance|spot|INTCBUSDT,spot_perp,reference,30,after_market,863,20,5,960,0.8989583333333333,7.655453824958757,7.773027594246695,7.773027594246695,11.938148929882432,13.212163239718185,3.572521993254591,-5.58846540739899,28.86323268206148,0.981460023174971,5.679380149721247,9.535054845573876,True,K线收盘代理；达到描述性样本门槛,0.23406720741599074,0.0,0.0,0.0
INTC,binance|futures|INTCUSDT::binance|spot|INTCBUSDT,spot_perp,reference,30,overnight,1823,20,5,1920,0.9494791666666667,8.275014110589485,8.160600620206182,8.17243845132376,14.266576501814399,15.892887465993807,4.739996266679244,-13.585536628696326,27.07423580786017,0.9583104772353264,7.279214925105526,9.371571389347189,True,K线收盘代理；达到描述性样本门槛,0.33845309928688977,0.0,0.0,0.0
INTC,binance|futures|INTCUSDT::binance|spot|INTCBUSDT,spot_perp,reference,30,weekend,2039,9,5,2592,0.7866512345679012,10.080773882193355,9.935968204901613,9.935968204901613,15.484031040534862,17.023212753215052,4.183000688143405,-11.290322580644885,30.120481927711218,0.9877390877881315,8.299137970573245,11.47866062728431,True,K线收盘代理；达到描述性样本门槛,0.4757233938205002,0.0004904364884747426,0.0,0.0
INTC,binance|futures|INTCUSDT::binance|spot|INTCBUSDT,spot_perp,reference,30,holiday,265,1,1,288,0.9201388888888888,11.640887740219414,11.977243237848434,11.977243237848434,16.45245155036923,19.480012518410472,4.96842939305066,-1.0109179134654145,36.90793520606972,0.9924528301886792,11.977243237848434,11.977243237848434,False,样本不足 / 仅事件观察,0.6981132075471698,0.0037735849056603774,0.0,0.0
NVDA,binance|futures|NVDAUSDT::bitget|futures|NVDAUSDT,perp_perp,comparable,7,all,1933,7,2,2016,0.9588293650793651,-1.194544582518027,-1.3254981663946008,1.334400854016149,3.0743285935941334,3.5744632210565888,1.4646479547876816,-8.786188112287485,6.688068485820597,0.13347128815312986,1.311249372389356,1.3336619555179285,True,K线收盘代理；达到描述性样本门槛,0.0,0.0,0.0,0.0
NVDA,binance|futures|NVDAUSDT::bitget|futures|NVDAUSDT,perp_perp,comparable,7,regular,390,5,1,390,1.0,-0.8278516269239463,-0.8880206038286431,0.9010639148987476,2.660046107465508,3.116223921498795,1.4618927482774577,-6.581256581255079,4.901305529563249,0.17692307692307693,0.8925782139440619,1.3302589596919656,True,K线收盘代理；达到描述性样本门槛,0.0,0.0,0.0,0.0
NVDA,binance|futures|NVDAUSDT::bitget|futures|NVDAUSDT,perp_perp,comparable,7,non_regular,1543,7,2,1626,0.9489544895448955,-1.2872278311775809,-1.3340448239063107,1.335410638771961,3.103800035532789,3.582511999504545,1.4507429709067452,-8.786188112287485,6.688068485820597,0.12248865845755022,1.3222710014387795,1.3347278687142472,True,K线收盘代理；达到描述性样本门槛,0.0,0.0,0.0,0.0
NVDA,binance|futures|NVDAUSDT::bitget|futures|NVDAUSDT,perp_perp,comparable,7,pre_market,329,5,1,330,0.996969696969697,-1.3954782021756382,-1.334400854016149,1.3367196898805833,2.764198981084039,3.5232668779108245,1.2675729051726925,-8.786188112287485,3.0786823239647987,0.08206686930091185,1.3252932217716618,1.345351820321028,True,K线收盘代理；达到描述性样本门槛,0.0,0.0,0.0,0.0
NVDA,binance|futures|NVDAUSDT::bitget|futures|NVDAUSDT,perp_perp,comparable,7,after_market,236,5,1,240,0.9833333333333333,-0.19953829930142078,-0.43758888545186725,0.8775799548643715,1.7834452774539988,2.229978495106033,1.2155981140862115,-3.1238843270264827,6.604147404569716,0.3474576271186441,0.875580073476101,0.8868393047178902,True,K线收盘代理；达到描述性样本门槛,0.0,0.0,0.0,0.0
NVDA,binance|futures|NVDAUSDT::bitget|futures|NVDAUSDT,perp_perp,comparable,7,overnight,476,5,1,480,0.9916666666666667,-1.2981663722824184,-1.3311738741494938,1.333985506661861,3.112356078143752,3.57849773550023,1.4862872637616593,-6.56512605041959,6.688068485820597,0.12605042016806722,1.3246792018911657,1.3412616828345492,True,K线收盘代理；达到描述性样本门槛,0.0,0.0,0.0,0.0
NVDA,binance|futures|NVDAUSDT::bitget|futures|NVDAUSDT,perp_perp,comparable,7,weekend,502,2,2,576,0.8715277777777778,-1.7172549465132583,-1.7791615709905617,1.7796760989507998,3.169285099832164,4.076042479105368,1.3703442013172298,-8.547008547008517,5.436752446539295,0.0398406374501992,1.4547919781826568,1.693316859624483,True,K线收盘代理；达到描述性样本门槛,0.0,0.0,0.0,0.0
NVDA,binance|futures|NVDAUSDT::bitget|futures|NVDAUSDT,perp_perp,comparable,7,holiday,0,0,0,0,0,,,,,,,,,,,,False,样本不足 / 仅事件观察,,,,
NVDA,binance|futures|NVDAUSDT::bitget|futures|NVDAUSDT,perp_perp,comparable,30,all,8473,30,5,8640,0.9806712962962963,-0.1375302381437163,-0.8795074758138899,1.7824517623998837,4.704332732046401,6.107936023687976,2.8469145195885095,-11.286681715574343,12.10025929127001,0.3443880561784492,1.32209501521513,1.8559945733190308,True,K线收盘代理；达到描述性样本门槛,0.0020063731854124867,0.0,0.0,0.0
NVDA,binance|futures|NVDAUSDT::bitget|futures|NVDAUSDT,perp_perp,comparable,30,regular,1560,20,5,1560,1.0,-0.5205013872931976,-0.8791595302903854,1.3743815311972885,3.5431309768920727,4.094529059418095,2.093473115327835,-7.750524300174089,7.834602829162041,0.30448717948717946,1.114406227600978,1.7977695422667639,True,K线收盘代理；达到描述性样本门槛,0.0,0.0,0.0,0.0
NVDA,binance|futures|NVDAUSDT::bitget|futures|NVDAUSDT,perp_perp,comparable,30,non_regular,6913,30,5,7080,0.9764124293785311,-0.05110828057490521,-0.8803204366392148,1.811266074985829,5.071369742978284,6.481105428955747,2.984013345431437,-11.286681715574343,12.10025929127001,0.3533921596991176,1.327955431678629,2.1186993601454707,True,K线收盘代理；达到描述性样本门槛,0.0024591349631129756,0.0,0.0,0.0
NVDA,binance|futures|NVDAUSDT::bitget|futures|NVDAUSDT,perp_perp,comparable,30,pre_market,1319,20,5,1320,0.9992424242424243,-0.7255874243197047,-0.9212344541675854,1.413028119259252,3.438139816827057,3.8831606154849925,1.9651640560351005,-8.786188112287485,6.065332293563319,0.26156178923426837,1.1446029167644367,1.8211086265236542,True,K线收盘代理；达到描述性样本门槛,0.0,0.0,0.0,0.0
NVDA,binance|futures|NVDAUSDT::bitget|futures|NVDAUSDT,perp_perp,comparable,30,after_market,953,20,5,960,0.9927083333333333,0.013921155882867227,0.0,1.303780964798662,2.821378526545404,3.5738537018366046,1.719157964215205,-5.169658802519628,6.604147404569716,0.4123819517313746,0.8849580122824441,1.4929363426735565,True,K线收盘代理；达到描述性样本门槛,0.0,0.0,0.0,0.0
NVDA,binance|futures|NVDAUSDT::bitget|futures|NVDAUSDT,perp_perp,comparable,30,overnight,1904,20,5,1920,0.9916666666666667,-0.8954665870186148,-1.3013581877657776,1.7788450927441746,3.679297056548237,4.418629836974885,2.1986686725459847,-11.286681715574343,11.076650420913658,0.27310924369747897,1.3392351595727103,2.281263608109596,True,K线收盘代理；达到描述性样本门槛,0.0010504201680672268,0.0,0.0,0.0
NVDA,binance|futures|NVDAUSDT::bitget|futures|NVDAUSDT,perp_perp,comparable,30,weekend,2451,9,5,2592,0.9456018518518519,0.1790600582652928,-0.8969414297232969,2.2600913076875617,6.052222030088483,6.915629335187967,3.431507028721713,-11.244040658451304,11.677695601399751,0.3684210526315789,1.3950244129268263,3.1484021874833568,True,K线收盘代理；达到描述性样本门槛,0.002039983680130559,0.0,0.0,0.0
NVDA,binance|futures|NVDAUSDT::bitget|futures|NVDAUSDT,perp_perp,comparable,30,holiday,286,1,1,288,0.9930555555555556,6.491481071266462,6.469560719835066,6.469560719835066,8.620323278396569,9.875271156122857,2.0874420999029826,-4.302740845918418,12.10025929127001,0.986013986013986,6.469560719835066,6.469560719835066,False,样本不足 / 仅事件观察,0.03496503496503497,0.0,0.0,0.0
NVDA,binance|futures|NVDAUSDT::bybit|futures|NVDAUSDT,perp_perp,comparable,7,all,2003,7,2,2016,0.9935515873015873,0.6073920910509517,0.4477077363884696,0.8905115989144008,2.229435710765282,2.7089891595164497,1.342522157710081,-6.7009157918251905,6.71020846380932,0.6130803794308537,0.8845109904526138,0.9027575169759383,True,K线收盘代理；达到描述性样本门槛,0.0,0.0,0.0,0.0
NVDA,binance|futures|NVDAUSDT::bybit|futures|NVDAUSDT,perp_perp,comparable,7,regular,390,5,1,390,1.0,0.6979770188725395,0.8800299316658045,1.3156164295202721,2.651736309610242,3.125423815385275,1.5327650038737541,-6.7009157918251905,5.760113429926772,0.6615384615384615,1.3072755816712078,1.331026223837517,True,K线收盘代理；达到描述性样本门槛,0.0,0.0,0.0,0.0
NVDA,binance|futures|NVDAUSDT::bybit|futures|NVDAUSDT,perp_perp,comparable,7,non_regular,1613,7,2,1626,0.9920049200492005,0.585489969630977,0.446249274843602,0.8901152699269943,2.2253476021161234,2.6779555124374346,1.2913731815981981,-4.808322769594975,6.71020846380932,0.6013639181649101,0.8818063058610437,0.9007981885711391,True,K线收盘代理；达到描述性样本门槛,0.0,0.0,0.0,0.0
NVDA,binance|futures|NVDAUSDT::bybit|futures|NVDAUSDT,perp_perp,comparable,7,pre_market,330,5,1,330,1.0,0.8619802636100963,0.8805142629719764,0.8961778034760615,2.6191723415380785,3.095100664954109,1.377556180676053,-2.248808131690705,6.71020846380932,0.6848484848484848,0.8801267808611346,1.344537815801683,True,K线收盘代理；达到描述性样本门槛,0.0,0.0,0.0,0.0
NVDA,binance|futures|NVDAUSDT::bybit|futures|NVDAUSDT,perp_perp,comparable,7,after_market,239,5,1,240,0.9958333333333333,0.3722224876341078,0.4401795932729158,0.8870753126921649,2.188375366910744,2.641763807910147,1.23866723410465,-3.548301250776431,4.8804294777937685,0.5523012552301255,0.8808633553381018,0.8877841066534664,True,K线收盘代理；达到描述性样本门槛,0.0,0.0,0.0,0.0
NVDA,binance|futures|NVDAUSDT::bybit|futures|NVDAUSDT,perp_perp,comparable,7,overnight,478,5,1,480,0.9958333333333333,0.7522339699875037,0.873095601906515,0.8885532136682084,2.622619776198265,3.0618244374798205,1.340302749627331,-4.808322769594975,6.236913618746787,0.6610878661087866,0.8780980400691085,1.3108450606169608,True,K线收盘代理；达到描述性样本门槛,0.0,0.0,0.0,0.0
NVDA,binance|futures|NVDAUSDT::bybit|futures|NVDAUSDT,perp_perp,comparable,7,weekend,566,2,2,576,0.9826388888888888,0.37352088661635274,0.4450081216178514,0.890452127509378,1.811840376861884,2.26359635555784,1.1614252739618982,-3.1644139053399467,5.3425938293028,0.5229681978798587,0.8936720353269756,0.9011816305859455,True,K线收盘代理；达到描述性样本门槛,0.0,0.0,0.0,0.0
NVDA,binance|futures|NVDAUSDT::bybit|futures|NVDAUSDT,perp_perp,comparable,7,holiday,0,0,0,0,0,,,,,,,,,,,,False,样本不足 / 仅事件观察,,,,
NVDA,binance|futures|NVDAUSDT::bybit|futures|NVDAUSDT,perp_perp,comparable,30,all,8608,30,5,8640,0.9962962962962963,1.1310385147539852,0.9116185787871878,1.3648461143078716,3.9052160808239478,4.750655382566138,1.991665569369543,-7.038288288288008,17.23512336720079,0.6596189591078067,0.9131692283999293,1.379391049391443,True,K线收盘代理；达到描述性样本门槛,0.00023234200743494423,0.0,0.0,0.0
NVDA,binance|futures|NVDAUSDT::bybit|futures|NVDAUSDT,perp_perp,comparable,30,regular,1560,20,5,1560,1.0,0.7263063290856796,0.47082087645922144,1.3337483431474784,3.5598432656986927,4.322326048292856,1.985983903498645,-7.038288288288008,17.23512336720079,0.5993589743589743,0.914040886224321,1.3328820443558875,True,K线收盘代理；达到描述性样本门槛,0.000641025641025641,0.0,0.0,0.0
NVDA,binance|futures|NVDAUSDT::bybit|futures|NVDAUSDT,perp_perp,comparable,30,non_regular,7048,30,5,7080,0.9954802259887006,1.2206216886533263,0.916590314945509,1.3686443584759456,4.029820715399923,4.7561397440332165,1.9817799069684432,-5.47695116385194,10.295126973232094,0.6729568671963677,0.9131692283999293,1.6425264868979994,True,K线收盘代理；达到描述性样本门槛,0.00014188422247446084,0.0,0.0,0.0
NVDA,binance|futures|NVDAUSDT::bybit|futures|NVDAUSDT,perp_perp,comparable,30,pre_market,1320,20,5,1320,1.0,1.0743971870110578,0.912700292038382,1.335678196558443,3.4526216831396455,4.0396786211238656,1.7037205318387278,-4.249693077722494,7.8936981976052145,0.6856060606060606,0.8876629588465412,1.751621481069221,True,K线收盘代理；达到描述性样本门槛,0.0,0.0,0.0,0.0
NVDA,binance|futures|NVDAUSDT::bybit|futures|NVDAUSDT,perp_perp,comparable,30,after_market,959,20,5,960,0.9989583333333333,0.5969607024248481,0.4425366199045655,0.9406010440682344,3.1898508103616052,4.099592801350305,1.759845270323866,-4.447409384034096,5.812653699976966,0.5318039624608968,0.8840207738922135,1.3100913432999295,True,K线收盘代理；达到描述性样本门槛,0.0,0.0,0.0,0.0
NVDA,binance|futures|NVDAUSDT::bybit|futures|NVDAUSDT,perp_perp,comparable,30,overnight,1918,20,5,1920,0.9989583333333333,0.7919628502071623,0.8682439912843787,1.3116761542247835,3.1484306157492092,4.341164852939671,1.7751116827708397,-4.8618784530396475,7.618535448596919,0.6141814389989573,0.9128045432758858,1.355384962764411,True,K线收盘代理；达到描述性样本门槛,0.0,0.0,0.0,0.0
NVDA,binance|futures|NVDAUSDT::bybit|futures|NVDAUSDT,perp_perp,comparable,30,weekend,2563,9,5,2592,0.9888117283950617,1.4526369318372243,1.3679890560869268,1.7353579175694023,4.175094241994692,4.755522891357611,1.9550984147195831,-5.47695116385194,8.643415877955807,0.7264923917284433,0.9138888259019318,1.864888806004661,True,K线收盘代理；达到描述性样本门槛,0.0,0.0,0.0,0.0
NVDA,binance|futures|NVDAUSDT::bybit|futures|NVDAUSDT,perp_perp,comparable,30,holiday,288,1,1,288,1.0,4.757496035251648,4.735765797049263,4.735765797049263,6.036019027316097,7.315080446234745,1.3746625482973376,1.2929362582414505,10.295126973232094,1.0,4.735765797049263,4.735765797049263,False,样本不足 / 仅事件观察,0.003472222222222222,0.0,0.0,0.0
NVDA,binance|futures|NVDAUSDT::gateio|futures|NVDA_USDT,perp_perp,comparable,7,all,2016,7,2,2016,1.0,2.698565734603853,2.6709996229323796,2.67117798949279,4.430564680292237,4.939444686439254,1.4508034310506464,-4.480487477037665,13.785742873659856,0.9613095238095238,2.2251560242741997,3.0913705180263262,True,K线收盘代理；达到描述性样本门槛,0.000496031746031746,0.0,0.0,0.0
NVDA,binance|futures|NVDAUSDT::gateio|futures|NVDA_USDT,perp_perp,comparable,7,regular,390,5,1,390,1.0,2.7649686519534344,2.6680305495041523,2.6680305495041523,5.242051742651688,5.714662778520507,1.7859371166294322,-2.244467387889637,8.302381472580223,0.9282051282051282,1.78432028637876,3.107382276901216,True,K线收盘代理；达到描述性样本门槛,0.0,0.0,0.0,0.0
NVDA,binance|futures|NVDAUSDT::gateio|futures|NVDA_USDT,perp_perp,comparable,7,non_regular,1626,7,2,1626,1.0,2.682638835608566,2.671237452072095,2.6712969146514,4.369578993149714,4.830387535804115,1.3576971889413103,-4.480487477037665,13.785742873659856,0.9692496924969249,2.4452093013482834,3.0907259716755897,True,K线收盘代理；达到描述性样本门槛,0.0006150061500615006,0.0,0.0,0.0
NVDA,binance|futures|NVDAUSDT::gateio|futures|NVDA_USDT,perp_perp,comparable,7,pre_market,330,5,1,330,1.0,2.9060375541799286,3.056101311228465,3.056101311228465,4.8298785074396555,5.356210313234411,1.4383342325531898,-1.7781729273169677,7.945265945705771,0.9727272727272728,2.2086268977361545,3.1357792474329127,True,K线收盘代理；达到描述性样本门槛,0.0,0.0,0.0,0.0
NVDA,binance|futures|NVDAUSDT::gateio|futures|NVDA_USDT,perp_perp,comparable,7,after_market,240,5,1,240,1.0,2.5627042541274774,2.2197558268599593,2.2197558268599593,4.374204659385317,4.817884013459173,1.4486373094777498,0.0,13.785742873659856,0.9916666666666667,2.2180818072214947,3.079494968786234,True,K线收盘代理；达到描述性样本门槛,0.004166666666666667,0.0,0.0,0.0
NVDA,binance|futures|NVDAUSDT::gateio|futures|NVDA_USDT,perp_perp,comparable,7,overnight,480,5,1,480,1.0,3.040865260597566,3.077193599438921,3.077193599438921,4.392746699705574,4.89001903396491,1.141388013980961,-0.4476676515352551,7.158836689038495,0.99375,3.109383677268873,3.1312205065869847,True,K线收盘代理；达到描述性样本门槛,0.0,0.0,0.0,0.0
NVDA,binance|futures|NVDAUSDT::gateio|futures|NVDA_USDT,perp_perp,comparable,7,weekend,576,2,2,576,1.0,2.3061007078866766,2.669276631317441,2.669395381946771,4.006499434396904,4.169857288521817,1.3322937668791044,-4.480487477037665,5.8743786714865465,0.9375,2.027605089164053,2.45732782460123,True,K线收盘代理；达到描述性样本门槛,0.0,0.0,0.0,0.0
NVDA,binance|futures|NVDAUSDT::gateio|futures|NVDA_USDT,perp_perp,comparable,7,holiday,0,0,0,0,0,,,,,,,,,,,,False,样本不足 / 仅事件观察,,,,
NVDA,binance|futures|NVDAUSDT::gateio|futures|NVDA_USDT,perp_perp,comparable,30,all,6702,24,4,8640,0.7756944444444445,3.704688594418324,2.264903062150214,2.6716537536719542,12.543198344679984,17.29636331796269,6.114912597551204,-13.735046521932137,57.93991416308985,0.7658907788719785,1.8045956192994095,3.309649942669912,True,K线收盘代理；达到描述性样本门槛,0.13339301700984782,0.000596836765144733,0.00014920919128618324,0.0
NVDA,binance|futures|NVDAUSDT::gateio|futures|NVDA_USDT,perp_perp,comparable,30,regular,1220,16,4,1560,0.782051282051282,2.6746713842553125,1.8173153647782492,2.3588246979283634,6.207193778630797,16.276152150197277,5.864491706564638,-10.550378055212972,57.93991416308985,0.7057377049180328,1.2398031955887512,3.206106660319785,True,K线收盘代理；达到描述性样本门槛,0.07213114754098361,0.002459016393442623,0.000819672131147541,0.0
NVDA,binance|futures|NVDAUSDT::gateio|futures|NVDA_USDT,perp_perp,comparable,30,non_regular,5482,24,4,7080,0.7742937853107345,3.9339153358263634,2.281230039236082,2.6800071520327595,12.980269989615323,17.331210607604117,6.1458212994905415,-13.735046521932137,31.36708199006799,0.7792776358993069,1.801214888513536,3.2045715410894404,True,K线收盘代理；达到描述性样本门槛,0.14702663261583362,0.00018241517694272163,0.0,0.0
NVDA,binance|futures|NVDAUSDT::gateio|futures|NVDA_USDT,perp_perp,comparable,30,pre_market,1013,16,4,1320,0.7674242424242425,2.0677543391862896,1.8357887007214302,2.2338381807607277,5.28955935074249,6.959287392076073,3.425923310988638,-13.735046521932137,26.446997615434675,0.7374136229022705,1.6314295909262977,3.221959085706605,True,K线收盘代理；达到描述性样本门槛,0.023692003948667325,0.0,0.0,0.0
NVDA,binance|futures|NVDAUSDT::gateio|futures|NVDA_USDT,perp_perp,comparable,30,after_market,729,16,4,960,0.759375,2.438531506303425,1.7845192951138067,2.230748639244773,5.119234689781927,16.188853136169378,4.933726591942365,-13.47181782625717,24.82794668525079,0.7325102880658436,1.2330526127939112,3.4056716595139145,True,K线收盘代理；达到描述性样本门槛,0.06721536351165981,0.0,0.0,0.0
NVDA,binance|futures|NVDAUSDT::gateio|futures|NVDA_USDT,perp_perp,comparable,30,overnight,1450,16,4,1920,0.7552083333333334,2.45726068816227,2.2174424291909745,2.6372467602853167,5.593231271367134,9.542609563756965,5.2992056876070786,-12.576434364022226,31.36708199006799,0.7386206896551725,1.8592620416618688,3.1177990154693247,True,K线收盘代理；达到描述性样本门槛,0.04758620689655172,0.000689655172413793,0.0,0.0
NVDA,binance|futures|NVDAUSDT::gateio|futures|NVDA_USDT,perp_perp,comparable,30,weekend,2002,7,4,2592,0.7723765432098766,5.55472568133863,2.673022521541002,2.711067947296364,16.85852255423681,22.112287068742354,7.379673853156482,-5.113900511389824,29.997391531171314,0.8151848151848152,1.8325336153693361,7.616608981899642,True,K线收盘代理；达到描述性样本门槛,0.26373626373626374,0.0,0.0,0.0
NVDA,binance|futures|NVDAUSDT::gateio|futures|NVDA_USDT,perp_perp,comparable,30,holiday,288,1,1,288,1.0,10.450730713312455,9.915502691303368,9.915502691303368,13.74836321096451,15.10935969861027,2.548290985796984,5.582034436859562,19.440124416796323,1.0,9.915502691303368,9.915502691303368,False,样本不足 / 仅事件观察,0.4722222222222222,0.0,0.0,0.0
NVDA,binance|futures|NVDAUSDT::okx|futures|NVDA-USDT-SWAP,perp_perp,comparable,7,all,1995,7,2,2016,0.9895833333333334,0.5452062899554296,0.4460104366432738,0.8904323048830598,2.2176883079101373,2.6513360622109072,1.2659097004422015,-4.432624113475114,6.187298360365023,0.5969924812030075,0.8901556356055718,1.3132857016051602,True,K线收盘代理；达到描述性样本门槛,0.0,0.0,0.0,0.0
NVDA,binance|futures|NVDAUSDT::okx|futures|NVDA-USDT-SWAP,perp_perp,comparable,7,regular,390,5,1,390,1.0,0.4506846753623476,0.4451566960383957,0.8996450499443309,2.2323325439024266,3.0713490915552644,1.4489296202309367,-4.432624113475114,4.806641905179543,0.5641025641025641,0.8919214257141483,1.3080729960679438,True,K线收盘代理；达到描述性样本门槛,0.0,0.0,0.0,0.0
NVDA,binance|futures|NVDAUSDT::okx|futures|NVDA-USDT-SWAP,perp_perp,comparable,7,non_regular,1605,7,2,1626,0.9870848708487084,0.5681741589219729,0.44652824291224746,0.8900756564322876,2.202099938887425,2.6281208935619027,1.216180167285208,-3.120402977756509,6.187298360365023,0.6049844236760125,0.8896897295868067,1.3145121927465864,True,K线收盘代理；达到描述性样本门槛,0.0,0.0,0.0,0.0
NVDA,binance|futures|NVDAUSDT::okx|futures|NVDA-USDT-SWAP,perp_perp,comparable,7,pre_market,330,5,1,330,1.0,0.8783128489132349,0.8795849193210525,0.8893829945078036,2.618246596635343,3.1017178794029436,1.2869302882518576,-2.633426966291985,6.187298360365023,0.6696969696969697,0.8803398320617051,0.8975862181670458,True,K线收盘代理；达到描述性样本门槛,0.0,0.0,0.0,0.0
NVDA,binance|futures|NVDAUSDT::okx|futures|NVDA-USDT-SWAP,perp_perp,comparable,7,after_market,240,5,1,240,1.0,0.5808700946343254,0.4460402794326246,0.8877446916255582,1.8253874632155864,2.2174818062098423,1.1258260405400855,-3.120402977756509,4.39695730554357,0.5958333333333333,0.8870162993607211,1.0940163630790423,True,K线收盘代理；达到描述性样本门槛,0.0,0.0,0.0,0.0
NVDA,binance|futures|NVDAUSDT::okx|futures|NVDA-USDT-SWAP,perp_perp,comparable,7,overnight,479,5,1,480,0.9979166666666667,0.8437048416719966,0.888533475498221,1.3103297663241698,2.224595123687667,2.6655918397053826,1.2469045953331321,-2.684683878473315,4.454144581533814,0.6931106471816284,0.8891457571719164,1.3236851394271554,True,K线收盘代理；达到描述性样本门槛,0.0,0.0,0.0,0.0
NVDA,binance|futures|NVDAUSDT::okx|futures|NVDA-USDT-SWAP,perp_perp,comparable,7,weekend,556,2,2,576,0.9652777777777778,0.14124612060301173,0.0,0.8895610034054258,1.7885127246386467,1.9172359207639267,1.0465659169878394,-2.2679851220186453,2.7194851108180984,0.49460431654676257,0.8912577693834245,0.8950468762766728,True,K线收盘代理；达到描述性样本门槛,0.0,0.0,0.0,0.0
NVDA,binance|futures|NVDAUSDT::okx|futures|NVDA-USDT-SWAP,perp_perp,comparable,7,holiday,0,0,0,0,0,,,,,,,,,,,,False,样本不足 / 仅事件观察,,,,
NVDA,binance|futures|NVDAUSDT::okx|futures|NVDA-USDT-SWAP,perp_perp,comparable,30,all,8587,30,5,8640,0.9938657407407407,1.096931155005706,0.9077293151182886,1.3189132155111416,3.2270276737578234,4.322959672804938,1.714902970445981,-5.7749544667062835,9.488484430260069,0.6854547571911028,0.9144073406955333,1.3613137250725882,True,K线收盘代理；达到描述性样本门槛,0.0,0.0,0.0,0.0
NVDA,binance|futures|NVDAUSDT::okx|futures|NVDA-USDT-SWAP,perp_perp,comparable,30,regular,1560,20,5,1560,1.0,0.71473237664521,0.8779057243057942,0.9410436507051312,2.638232395781648,3.0531563663723222,1.3926939485548866,-4.432624113475114,7.430069930070005,0.6314102564102564,0.8955995537529571,1.33098074553889,True,K线收盘代理；达到描述性样本门槛,0.0,0.0,0.0,0.0
NVDA,binance|futures|NVDAUSDT::okx|futures|NVDA-USDT-SWAP,perp_perp,comparable,30,non_regular,7027,30,5,7080,0.9925141242937853,1.1817796101419482,0.9132420091328974,1.3305539539631983,3.475994074519485,4.735358103709952,1.7673574840151884,-5.7749544667062835,9.488484430260069,0.6974526825103173,0.9057470873177764,1.370551452841151,True,K线收盘代理；达到描述性样本门槛,0.0,0.0,0.0,0.0
NVDA,binance|futures|NVDAUSDT::okx|futures|NVDA-USDT-SWAP,perp_perp,comparable,30,pre_market,1320,20,5,1320,1.0,0.7395150698039163,0.47105375664102667,0.9218713989395111,2.659468579804925,3.106881059808941,1.419671163680001,-5.7749544667062835,6.187298360365023,0.6325757575757576,0.8824243872056214,1.3154613030630369,True,K线收盘代理；达到描述性样本门槛,0.0,0.0,0.0,0.0
NVDA,binance|futures|NVDAUSDT::okx|futures|NVDA-USDT-SWAP,perp_perp,comparable,30,after_market,960,20,5,960,1.0,0.7236822199100009,0.8717070343999822,0.9167163221340813,2.3208145789518357,2.755858500272601,1.3170228900787122,-3.290401428975853,8.741258741258306,0.64375,0.8879369245334834,1.3311312230099293,True,K线收盘代理；达到描述性样本门槛,0.0,0.0,0.0,0.0
NVDA,binance|futures|NVDAUSDT::okx|futures|NVDA-USDT-SWAP,perp_perp,comparable,30,overnight,1918,20,5,1920,0.9989583333333333,0.6991883383671165,0.8791791124107551,0.9416195877748335,2.6137476550986967,3.0472760225536124,1.394366067780131,-3.6204009594065223,4.788021241401985,0.6381647549530761,0.9102916913665549,1.3549892920459994,True,K线收盘代理；达到描述性样本门槛,0.0,0.0,0.0,0.0
NVDA,binance|futures|NVDAUSDT::okx|futures|NVDA-USDT-SWAP,perp_perp,comparable,30,weekend,2545,9,5,2592,0.9818672839506173,1.4919608053977862,1.3501957783890184,1.3691753000766305,3.898466603136086,4.75346787087938,1.715259093566392,-3.2020493115603177,6.920415224913601,0.762278978388998,0.8999685011024106,1.8239854081159024,True,K线收盘代理；达到描述性样本门槛,0.0,0.0,0.0,0.0
NVDA,binance|futures|NVDAUSDT::okx|futures|NVDA-USDT-SWAP,perp_perp,comparable,30,holiday,284,1,1,288,0.9861111111111112,5.265447234109873,5.169517234445697,5.169517234445697,6.895986990793412,7.3335447137139465,1.3525868655433073,0.8572653236171845,9.488484430260069,1.0,5.169517234445697,5.169517234445697,False,样本不足 / 仅事件观察,0.0,0.0,0.0,0.0
NVDA,bitget|futures|NVDAUSDT::bybit|futures|NVDAUSDT,perp_perp,comparable,7,all,1926,7,2,2016,0.9553571428571429,1.8153763633643207,1.7803493944501536,1.7845192986676306,3.9960045651599163,4.529498365025142,1.7185420305503978,-5.344021376085806,9.063307200798398,0.8390446521287642,1.5467949681163828,1.9906533054281361,True,K线收盘代理；达到描述性样本门槛,0.0,0.0,0.0,0.0
NVDA,bitget|futures|NVDAUSDT::bybit|futures|NVDAUSDT,perp_perp,comparable,7,regular,390,5,1,390,1.0,1.5260984998409208,1.769090413641372,1.7771459177096105,3.5545919173807228,4.365718554388054,1.7557369570929506,-5.344021376085806,6.654245408570514,0.8102564102564103,1.7757258314321511,1.7875901309427622,True,K线收盘代理；达到描述性样本门槛,0.0,0.0,0.0,0.0
NVDA,bitget|futures|NVDAUSDT::bybit|futures|NVDAUSDT,perp_perp,comparable,7,non_regular,1536,7,2,1626,0.9446494464944649,1.888825820899559,1.7822532145095327,1.7899093939011124,4.006321133994684,4.80821851523483,1.7011564920836721,-4.456725198324074,9.063307200798398,0.8463541666666666,1.5434274329473308,2.20962824203752,True,K线收盘代理；达到描述性样本门槛,0.0,0.0,0.0,0.0
NVDA,bitget|futures|NVDAUSDT::bybit|futures|NVDAUSDT,perp_perp,comparable,7,pre_market,329,5,1,330,0.996969696969697,2.253864351499517,2.2107264447113195,2.2107264447113195,4.104609828335267,4.882985210690637,1.548045170954029,-2.63817438332703,8.79391461108936,0.9179331306990881,2.200706480635084,2.629157355067413,True,K线收盘代理；达到描述性样本门槛,0.0,0.0,0.0,0.0
NVDA,bitget|futures|NVDAUSDT::bybit|futures|NVDAUSDT,perp_perp,comparable,7,after_market,235,5,1,240,0.9791666666666666,0.5716270266876923,0.4440300164287869,0.8928970043309281,2.6392426027672666,3.090804984092754,1.4828216519687545,-4.4008273555429245,4.8804294777937685,0.5957446808510638,0.8878432073278208,1.3309376514653026,True,K线收盘代理；达到描述性样本门槛,0.0,0.0,0.0,0.0
NVDA,bitget|futures|NVDAUSDT::bybit|futures|NVDAUSDT,perp_perp,comparable,7,overnight,475,5,1,480,0.9895833333333334,2.0498836895182464,2.184169142058767,2.186461430819797,4.028504182087556,4.835071070009131,1.6744754877930188,-4.456725198324074,7.127901278567439,0.8736842105263158,2.186126890273421,2.222419928713526,True,K线收盘代理；达到描述性样本门槛,0.0,0.0,0.0,0.0
NVDA,bitget|futures|NVDAUSDT::bybit|futures|NVDAUSDT,perp_perp,comparable,7,weekend,497,2,2,576,0.8628472222222222,2.1160724053633944,2.2238035936661404,2.224496151621569,4.076788585774427,4.625267873210154,1.6288091333434447,-3.1704334435433967,9.063307200798398,0.8913480885311871,1.6795286746953964,2.3668133028850735,True,K线收盘代理；达到描述性样本门槛,0.0,0.0,0.0,0.0
NVDA,bitget|futures|NVDAUSDT::bybit|futures|NVDAUSDT,perp_perp,comparable,7,holiday,0,0,0,0,0,,,,,,,,,,,,False,样本不足 / 仅事件观察,,,,
NVDA,bitget|futures|NVDAUSDT::bybit|futures|NVDAUSDT,perp_perp,comparable,30,all,8452,30,5,8640,0.9782407407407407,1.2681127419753517,1.3427625342810057,1.7928777938669427,4.212437932521684,5.015617064973221,2.323502398519555,-8.411173580060716,17.68867924528461,0.6835068622811169,1.3320419878729006,2.290743869970413,True,K线收盘代理；达到描述性样本门槛,0.0013014671083767155,0.0,0.0,0.0
NVDA,bitget|futures|NVDAUSDT::bybit|futures|NVDAUSDT,perp_perp,comparable,30,regular,1560,20,5,1560,1.0,1.2471310833726517,1.3364517266489795,1.7717930684763017,4.005768718087666,4.782236196817779,2.1749586045321943,-8.372994888066199,17.68867924528461,0.7237179487179487,1.3317055028441716,1.9673883085943866,True,K线收盘代理；达到描述性样本门槛,0.001282051282051282,0.0,0.0,0.0
NVDA,bitget|futures|NVDAUSDT::bybit|futures|NVDAUSDT,perp_perp,comparable,30,non_regular,6892,30,5,7080,0.9734463276836158,1.272861927613804,1.345412168940463,1.8127846647719714,4.320550268184564,5.033737484047062,2.355799659902215,-8.411173580060716,12.603528988117674,0.6744051073708648,1.326521941685671,2.325891090347032,True,K线收盘代理；达到描述性样本门槛,0.00130586186883343,0.0,0.0,0.0
NVDA,bitget|futures|NVDAUSDT::bybit|futures|NVDAUSDT,perp_perp,comparable,30,pre_market,1319,20,5,1320,0.9992424242424243,1.7994733401253156,1.8163654527292294,1.8377285674908705,3.944358645841639,4.813292979542803,1.7343015457815751,-5.1754963771522,9.647853352630076,0.824109173616376,1.3673286520182737,2.6445288386303667,True,K线收盘代理；达到描述性样本门槛,0.0,0.0,0.0,0.0
NVDA,bitget|futures|NVDAUSDT::bybit|futures|NVDAUSDT,perp_perp,comparable,30,after_market,952,20,5,960,0.9916666666666667,0.5844225857273039,0.4593266271646357,1.3198422729843173,2.8220553034374873,3.643800309007461,1.723737271426911,-4.4008273555429245,7.753352184620699,0.5672268907563025,0.892799141036793,1.3780244824002086,True,K线收盘代理；达到描述性样本门槛,0.0,0.0,0.0,0.0
NVDA,bitget|futures|NVDAUSDT::bybit|futures|NVDAUSDT,perp_perp,comparable,30,overnight,1903,20,5,1920,0.9911458333333333,1.685565521017662,1.77478037092893,1.819174094961351,4.450338672183474,5.156258228895538,2.125928899054318,-8.411173580060716,10.828115437124808,0.743037309511298,1.3317727778514032,2.477631554475279,True,K线收盘代理；达到描述性样本门槛,0.0005254860746190226,0.0,0.0,0.0
NVDA,bitget|futures|NVDAUSDT::bybit|futures|NVDAUSDT,perp_perp,comparable,30,weekend,2432,9,5,2592,0.9382716049382716,1.2877479757708388,1.358172838953342,2.1607139008811282,4.760091445082937,5.572726299067131,2.704873473378107,-6.915330423131749,12.603528988117674,0.6467927631578947,1.3358863606005578,2.710455616979912,True,K线收盘代理；达到描述性样本门槛,0.003289473684210526,0.0,0.0,0.0
NVDA,bitget|futures|NVDAUSDT::bybit|futures|NVDAUSDT,perp_perp,comparable,30,holiday,286,1,1,288,0.9930555555555556,-1.736872362568665,-1.7263706955361613,2.1504913882763876,4.299228173575975,5.066149563122124,2.153836390024164,-8.20415389265472,9.44976590352642,0.11888111888111888,2.1504913882763876,2.1504913882763876,False,样本不足 / 仅事件观察,0.0,0.0,0.0,0.0
NVDA,bitget|futures|NVDAUSDT::gateio|futures|NVDA_USDT,perp_perp,comparable,7,all,1933,7,2,2016,0.9588293650793651,3.8949519068712033,3.97895574516971,3.97895574516971,6.153738049450297,6.971556308634774,1.8633864115055323,-4.528575310207561,14.67514563970207,0.9756854630108639,3.490764133720625,4.209411775723537,True,K线收盘代理；达到描述性样本门槛,0.0046559751681324365,0.0,0.0,0.0
NVDA,bitget|futures|NVDAUSDT::gateio|futures|NVDA_USDT,perp_perp,comparable,7,regular,390,5,1,390,1.0,3.593259685022671,3.561412353989546,3.561412353989546,6.1084180668729005,6.971966425200482,1.9725856970647306,-3.101874418398598,10.980805551894512,0.958974358974359,2.680726487418461,4.1967860908243,True,K线收盘代理；达到描述性样本门槛,0.002564102564102564,0.0,0.0,0.0
NVDA,bitget|futures|NVDAUSDT::gateio|futures|NVDA_USDT,perp_perp,comparable,7,non_regular,1543,7,2,1626,0.9489544895448955,3.9712059357246883,3.9975126587910026,3.9976902234273304,6.161972260556148,6.796771997726214,1.8268863876868506,-4.528575310207561,14.67514563970207,0.9799092676604018,3.6112764534468322,4.2093374209783985,True,K线收盘代理；达到描述性样本门槛,0.005184705119896306,0.0,0.0,0.0
NVDA,bitget|futures|NVDAUSDT::gateio|futures|NVDA_USDT,perp_perp,comparable,7,pre_market,329,5,1,330,0.996969696969697,4.301816275139042,4.397344004221093,4.397344004221093,6.60711461478769,7.321753599435424,1.8919333931652265,-0.8890864636579288,14.518257809061907,0.9848024316109423,3.3415618645160627,4.928977948803759,True,K线收盘代理；达到描述性样本门槛,0.00911854103343465,0.0,0.0,0.0
NVDA,bitget|futures|NVDAUSDT::gateio|futures|NVDA_USDT,perp_perp,comparable,7,after_market,236,5,1,240,0.9833333333333333,2.7702252657488504,2.6625840391203415,2.662879481304392,4.818644519793969,5.27542096521838,1.7479925564919558,-3.520971788214533,14.67514563970207,0.9533898305084746,2.230350611114318,3.0841080318988467,True,K线收盘代理；达到描述性样本门槛,0.00423728813559322,0.0,0.0,0.0
NVDA,bitget|futures|NVDAUSDT::gateio|futures|NVDA_USDT,perp_perp,comparable,7,overnight,476,5,1,480,0.9916666666666667,4.3428977311028625,4.027836829871845,4.027836829871845,6.573344156280969,7.11902130374753,1.673436953512477,-2.228859269826078,11.192192326632266,0.9915966386554622,4.004449388208542,4.36910172102789,True,K线收盘代理；达到描述性样本门槛,0.008403361344537815,0.0,0.0,0.0
NVDA,bitget|futures|NVDAUSDT::gateio|futures|NVDA_USDT,perp_perp,comparable,7,weekend,502,2,2,576,0.8715277777777778,3.9666946645035024,4.042679754292511,4.056446877362951,5.874511425796314,6.67969950510261,1.7146834885847309,-4.528575310207561,9.455626097527592,0.9780876494023905,3.8354606637941435,4.24421786647422,True,K线收盘代理；达到描述性样本门槛,0.0,0.0,0.0,0.0
NVDA,bitget|futures|NVDAUSDT::gateio|futures|NVDA_USDT,perp_perp,comparable,7,holiday,0,0,0,0,0,,,,,,,,,,,,False,样本不足 / 仅事件观察,,,,
NVDA,bitget|futures|NVDAUSDT::gateio|futures|NVDA_USDT,perp_perp,comparable,30,all,6540,24,4,8640,0.7569444444444444,3.516020952534907,3.282378324763746,3.7642630299628,8.66637491189337,13.921699188448653,5.473458351248132,-15.58374096359394,57.51072961373449,0.7640672782874618,3.0273401698897864,4.630728701523756,True,K线收盘代理；达到描述性样本门槛,0.0808868501529052,0.0009174311926605505,0.0001529051987767584,0.0
NVDA,bitget|futures|NVDAUSDT::gateio|futures|NVDA_USDT,perp_perp,comparable,30,regular,1220,16,4,1560,0.782051282051282,2.9461580356655555,2.7299406252045966,3.646225034703021,7.758409308352717,15.657332834480988,6.243012269222454,-11.429576226481553,57.51072961373449,0.7106557377049181,2.6799636139723804,4.614978942763526,True,K线收盘代理；达到描述性样本门槛,0.07459016393442623,0.001639344262295082,0.000819672131147541,0.0
NVDA,bitget|futures|NVDAUSDT::gateio|futures|NVDA_USDT,perp_perp,comparable,30,non_regular,5320,24,4,7080,0.751412429378531,3.6467038018921647,3.460057955970708,3.8663115673326365,9.002723364857301,13.8523641315641,5.272524396988656,-15.58374096359394,31.563972614920832,0.7763157894736842,3.0968131751855923,4.642842563646332,True,K线收盘代理；达到描述性样本门槛,0.08233082706766917,0.0007518796992481203,0.0,0.0
NVDA,bitget|futures|NVDAUSDT::gateio|futures|NVDA_USDT,perp_perp,comparable,30,pre_market,1012,16,4,1320,0.7666666666666667,2.6956899763943043,3.106003681121461,3.6079920612130945,7.0221126092695485,8.93294577381231,4.332495955654586,-11.076650420912548,27.31766542364067,0.7233201581027668,2.761123304404478,4.833292064677641,True,K线收盘代理；达到描述性样本门槛,0.036561264822134384,0.0,0.0,0.0
NVDA,bitget|futures|NVDAUSDT::gateio|futures|NVDA_USDT,perp_perp,comparable,30,after_market,722,16,4,960,0.7520833333333333,2.239126530884325,2.2208897771369696,3.122212366339916,6.601974724302016,14.659622806852935,5.139718636721119,-14.775542132023922,24.39236867322725,0.7105263157894737,2.2273572171760403,3.779595710868,True,K线收盘代理；达到描述性样本门槛,0.0664819944598338,0.0,0.0,0.0
NVDA,bitget|futures|NVDAUSDT::gateio|futures|NVDA_USDT,perp_perp,comparable,30,overnight,1434,16,4,1920,0.746875,3.219150458648312,3.4427393297931097,3.9758797118699674,7.22022431870606,10.369185783454077,5.425261553035749,-15.58374096359394,31.563972614920832,0.7761506276150628,3.12796323772388,4.958761480178264,True,K线收盘代理；达到描述性样本门槛,0.05299860529986053,0.002789400278940028,0.0,0.0
NVDA,bitget|futures|NVDAUSDT::gateio|futures|NVDA_USDT,perp_perp,comparable,30,weekend,1866,7,4,2592,0.7199074074074074,4.9865975415528645,4.325633737712886,4.4499822000698686,12.152777777778567,17.82069967766087,5.618983138233815,-6.9735006973503655,26.084688287975055,0.8102893890675241,2.5114998304659464,5.840803508094239,True,K线收盘代理；达到描述性样本门槛,0.1420150053590568,0.0,0.0,0.0
NVDA,bitget|futures|NVDAUSDT::gateio|futures|NVDA_USDT,perp_perp,comparable,30,holiday,286,1,1,288,0.9930555555555556,3.9668665888722803,3.4570676457490457,3.4570676457490457,7.7596241470034855,9.804330202538015,3.080935325186981,-3.4560221185409024,15.903034470901023,0.9090909090909091,3.4570676457490457,3.4570676457490457,False,样本不足 / 仅事件观察,0.04195804195804196,0.0,0.0,0.0
NVDA,bitget|futures|NVDAUSDT::okx|futures|NVDA-USDT-SWAP,perp_perp,comparable,7,all,1918,7,2,2016,0.9513888888888888,1.7483454685027764,1.774859134535678,1.7782915776087815,3.613043085539669,4.376042049285989,1.5812130332036387,-5.792968227796846,9.234016357400066,0.8467153284671532,1.6634369978962837,1.7798350709263833,True,K线收盘代理；达到描述性样本门槛,0.0,0.0,0.0,0.0
NVDA,bitget|futures|NVDAUSDT::okx|futures|NVDA-USDT-SWAP,perp_perp,comparable,7,regular,390,5,1,390,1.0,1.278767934681157,1.3290215250505444,1.3368983983763627,3.12373102964969,3.5764271838475414,1.5740552882159515,-5.344021376085806,6.146281499692652,0.7846153846153846,1.333274750856539,1.7435652219333075,True,K线收盘代理；达到描述性样本门槛,0.0,0.0,0.0,0.0
NVDA,bitget|futures|NVDAUSDT::okx|futures|NVDA-USDT-SWAP,perp_perp,comparable,7,non_regular,1528,7,2,1626,0.939729397293973,1.8681983730776661,1.7805078907573435,1.7812611328826833,3.9258967119462085,4.3942625304674845,1.5605621108434065,-5.792968227796846,9.234016357400066,0.862565445026178,1.7795181488086675,2.205169945293517,True,K线收盘代理；达到描述性样本门槛,0.0,0.0,0.0,0.0
NVDA,bitget|futures|NVDAUSDT::okx|futures|NVDA-USDT-SWAP,perp_perp,comparable,7,pre_market,329,5,1,330,0.996969696969697,2.2689151311894373,2.2061418990482196,2.2061418990482196,3.9793077249781206,4.43833286885864,1.4218839249574957,-1.3192612137202797,9.234016357400066,0.9270516717325228,1.7842408014590028,2.2414992058295002,True,K线收盘代理；达到描述性样本门槛,0.0,0.0,0.0,0.0
NVDA,bitget|futures|NVDAUSDT::okx|futures|NVDA-USDT-SWAP,perp_perp,comparable,7,after_market,236,5,1,240,0.9833333333333333,0.782905286671413,0.8758676668951804,0.8919015358443971,2.6431718882391486,3.0775994902593196,1.3264043563169177,-3.120402977756509,4.835589941973861,0.652542372881356,0.8869572930070291,0.8920009816437702,True,K线收盘代理；达到描述性样本门槛,0.0,0.0,0.0,0.0
NVDA,bitget|futures|NVDAUSDT::okx|futures|NVDA-USDT-SWAP,perp_perp,comparable,7,overnight,475,5,1,480,0.9895833333333334,2.140923092347162,2.1908684602589545,2.197512415944569,4.363001745202322,4.813436465428422,1.5919309791700154,-5.792968227796846,7.860262008734242,0.9010526315789473,1.7769091929131786,2.621461152715332,True,K线收盘代理；达到描述性样本门槛,0.0,0.0,0.0,0.0
NVDA,bitget|futures|NVDAUSDT::okx|futures|NVDA-USDT-SWAP,perp_perp,comparable,7,weekend,488,2,2,576,0.8472222222222222,1.857438359389331,1.7888687864764385,1.806766343629418,3.6233361101757344,4.081373548785128,1.4813743333144775,-3.6231884057980057,7.702763932941892,0.8831967213114754,1.8942152751105779,2.1250347611628806,True,K线收盘代理；达到描述性样本门槛,0.0,0.0,0.0,0.0
NVDA,bitget|futures|NVDAUSDT::okx|futures|NVDA-USDT-SWAP,perp_perp,comparable,7,holiday,0,0,0,0,0,,,,,,,,,,,,False,样本不足 / 仅事件观察,,,,
NVDA,bitget|futures|NVDAUSDT::okx|futures|NVDA-USDT-SWAP,perp_perp,comparable,30,all,8429,30,5,8640,0.9755787037037037,1.246443859534118,1.360791073210521,1.7985611510784594,3.971966742636557,4.569548528605694,2.1451807733003503,-8.411173580060716,11.251631486566271,0.6949816111045201,1.3817763711457265,2.176944450740792,True,K线收盘代理；达到描述性样本门槛,0.0011863803535413454,0.0,0.0,0.0
NVDA,bitget|futures|NVDAUSDT::okx|futures|NVDA-USDT-SWAP,perp_perp,comparable,30,regular,1560,20,5,1560,1.0,1.2356156954005788,1.3644737735440948,1.7845192986670755,3.643352251123666,4.237806952149703,1.977179579153819,-7.05187535810281,8.474198296239965,0.7102564102564103,1.3408921060256707,1.9274124554219396,True,K线收盘代理；达到描述性样本门槛,0.0,0.0,0.0,0.0
NVDA,bitget|futures|NVDAUSDT::okx|futures|NVDA-USDT-SWAP,perp_perp,comparable,30,non_regular,6869,30,5,7080,0.9701977401129943,1.248903014585555,1.3590649633044016,1.8068479537447502,4.031607810370819,4.5917055454305356,2.18152552903991,-8.411173580060716,11.251631486566271,0.691512592808269,1.3815098248302904,2.213375649860738,True,K线收盘代理；达到描述性样本门槛,0.0014558159848595137,0.0,0.0,0.0
NVDA,bitget|futures|NVDAUSDT::okx|futures|NVDA-USDT-SWAP,perp_perp,comparable,30,pre_market,1319,20,5,1320,0.9992424242424243,1.464050679029912,1.4125623881722227,1.794365691729638,3.7489453195935782,4.376827337484679,1.868883808540382,-5.1754963771522,9.234016357400066,0.7414708112206216,1.3510584777029488,2.280131877371583,True,K线收盘代理；达到描述性样本门槛,0.0,0.0,0.0,0.0
NVDA,bitget|futures|NVDAUSDT::okx|futures|NVDA-USDT-SWAP,perp_perp,comparable,30,after_market,953,20,5,960,0.9927083333333333,0.7092404719119506,0.8688852202620723,1.3058239749286216,2.7798007081343297,3.2006008355760502,1.6010420513811612,-4.4664790745452265,7.808194010654468,0.633788037775446,0.8876808565394523,1.60771895429207,True,K线收盘代理；达到描述性样本门槛,0.0,0.0,0.0,0.0
NVDA,bitget|futures|NVDAUSDT::okx|futures|NVDA-USDT-SWAP,perp_perp,comparable,30,overnight,1902,20,5,1920,0.990625,1.5902666065848126,1.7672918884181765,1.8212448359378186,3.975792124323308,4.500591843409563,1.960881223224345,-8.411173580060716,10.828115437124808,0.7739221871713985,1.3514348180845848,2.623010991102126,True,K线收盘代理；达到描述性样本门槛,0.0005257623554153522,0.0,0.0,0.0
NVDA,bitget|futures|NVDAUSDT::okx|futures|NVDA-USDT-SWAP,perp_perp,comparable,30,weekend,2412,9,5,2592,0.9305555555555556,1.3667888825861632,1.3788665716774062,2.1617882312241488,4.499802011993292,5.026503381464487,2.4748720836320595,-6.9135375707551905,11.251631486566271,0.685737976782753,1.7788055320844265,2.2835221044936738,True,K线收盘代理；达到描述性样本门槛,0.003316749585406302,0.0,0.0,0.0
NVDA,bitget|futures|NVDAUSDT::okx|futures|NVDA-USDT-SWAP,perp_perp,comparable,30,holiday,283,1,1,288,0.9826388888888888,-1.2355338470194486,-1.714971702967416,1.7222820236806324,3.7828871725300632,4.313487067106991,2.0701836298393896,-5.596934601972414,10.769827251970732,0.14840989399293286,1.7222820236806324,1.7222820236806324,False,样本不足 / 仅事件观察,0.0035335689045936395,0.0,0.0,0.0
NVDA,bybit|futures|NVDAUSDT::gateio|futures|NVDA_USDT,perp_perp,comparable,7,all,2003,7,2,2016,0.9935515873015873,2.0908973195988954,2.2160173735774613,2.219952936999281,4.037612609729457,4.899035349395842,1.7052272201523158,-4.912907548013656,12.896340107617643,0.8731902146779831,1.7793201789007007,2.4555002733872566,True,K线收盘代理；达到描述性样本门槛,0.0004992511233150275,0.0,0.0,0.0
NVDA,bybit|futures|NVDAUSDT::gateio|futures|NVDA_USDT,perp_perp,comparable,7,regular,390,5,1,390,1.0,2.066993783440119,2.186079466504065,2.1986720701350215,4.402717111551492,5.263723556876986,1.941085985756242,-4.912907548013656,8.312915645782848,0.8333333333333334,1.3515342653885876,2.212685391838054,True,K线收盘代理；达到描述性样本门槛,0.0,0.0,0.0,0.0
NVDA,bybit|futures|NVDAUSDT::gateio|futures|NVDA_USDT,perp_perp,comparable,7,non_regular,1613,7,2,1626,0.9920049200492005,2.096676847870391,2.219263204614741,2.2207417277364527,4.009766009150706,4.832999036506801,1.6430730915236302,-4.0845965326319345,12.896340107617643,0.8828270303781773,1.78422299319414,2.653788832829851,True,K线收盘代理；达到描述性样本门槛,0.0006199628022318661,0.0,0.0,0.0
NVDA,bybit|futures|NVDAUSDT::gateio|futures|NVDA_USDT,perp_perp,comparable,7,pre_market,330,5,1,330,1.0,2.04401488341492,1.7939633134500532,1.7939633134500532,4.395295288165624,5.289424321386571,1.6871591417774274,-1.7781729273169677,7.621267820316913,0.8696969696969697,1.7940437782770768,2.2285612585726255,True,K线收盘代理；达到描述性样本门槛,0.0,0.0,0.0,0.0
NVDA,bybit|futures|NVDAUSDT::gateio|futures|NVDA_USDT,perp_perp,comparable,7,after_market,239,5,1,240,0.9958333333333333,2.1919659284594974,2.203419707387244,2.203419707387244,4.379280748273651,4.82058653724371,1.7506996380443782,-1.7743867275876735,12.896340107617643,0.895397489539749,1.7745441639682724,2.2194602316460976,True,K线收盘代理；达到描述性样本门槛,0.0041841004184100415,0.0,0.0,0.0
NVDA,bybit|futures|NVDAUSDT::gateio|futures|NVDA_USDT,perp_perp,comparable,7,overnight,478,5,1,480,0.9958333333333333,2.2910836013950884,2.221037668796999,2.221728522323607,4.128435550615709,4.923969440610687,1.5299259996196937,-2.6644167147737985,7.6062639821028455,0.9205020920502092,2.1841692462565288,2.6280633476705173,True,K线收盘代理；达到描述性样本门槛,0.0,0.0,0.0,0.0
NVDA,bybit|futures|NVDAUSDT::gateio|futures|NVDA_USDT,perp_perp,comparable,7,weekend,566,2,2,576,0.9826388888888888,1.9229629429670414,2.226576420518711,2.228163992870069,4.004627767852931,4.077887655765111,1.6417994709923478,-4.0845965326319345,6.298079085880204,0.8533568904593639,1.6867937066497585,2.3436050275785214,True,K线收盘代理；达到描述性样本门槛,0.0,0.0,0.0,0.0
NVDA,bybit|futures|NVDAUSDT::gateio|futures|NVDA_USDT,perp_perp,comparable,7,holiday,0,0,0,0,0,,,,,,,,,,,,False,样本不足 / 仅事件观察,,,,
NVDA,bybit|futures|NVDAUSDT::gateio|futures|NVDA_USDT,perp_perp,comparable,30,all,6670,24,4,8640,0.7719907407407407,2.2752571080076316,1.3729034627230075,2.592632661654881,8.956440819813285,14.34657855838628,5.732906985005725,-14.17811253876744,57.93991416308985,0.6572713643178411,1.4078212211623975,3.784583131380137,True,K线收盘代理；达到描述性样本门槛,0.08410794602698651,0.0005997001499250374,0.00014992503748125936,0.0
NVDA,bybit|futures|NVDAUSDT::gateio|futures|NVDA_USDT,perp_perp,comparable,30,regular,1220,16,4,1560,0.782051282051282,1.6971362928847227,0.9429514463843436,2.2744332399160516,7.410673473553622,14.579741623162642,5.879181431565757,-12.186099142621476,57.93991416308985,0.6081967213114754,1.4133213790420984,3.2788357738219864,True,K线收盘代理；达到描述性样本门槛,0.07131147540983607,0.001639344262295082,0.000819672131147541,0.0
NVDA,bybit|futures|NVDAUSDT::gateio|futures|NVDA_USDT,perp_perp,comparable,30,non_regular,5450,24,4,7080,0.769774011299435,2.4046713088241356,1.416297010494727,2.6387545282868796,9.093625492963,14.330224999743125,5.6916105931564305,-14.17811253876744,31.563972614920832,0.668256880733945,1.5735389789391097,3.810400732247171,True,K线收盘代理；达到描述性样本门槛,0.08697247706422018,0.0003669724770642202,0.0,0.0
NVDA,bybit|futures|NVDAUSDT::gateio|futures|NVDA_USDT,perp_perp,comparable,30,pre_market,1013,16,4,1320,0.7674242424242425,0.9479798113894384,0.8991188635132374,2.2080904433852133,6.206029146595961,7.673352927469954,4.080669458658365,-14.17811253876744,25.149596739224567,0.5972359328726555,1.7563604446065029,3.1303630949791605,True,K线收盘代理；达到描述性样本门槛,0.024679170779861797,0.0,0.0,0.0
NVDA,bybit|futures|NVDAUSDT::gateio|futures|NVDA_USDT,perp_perp,comparable,30,after_market,728,16,4,960,0.7583333333333333,1.5943153413075033,1.3318535381146024,2.214054928530995,6.250279030314276,15.087197183303969,5.073947579113815,-10.864369214723668,23.95679066120593,0.6524725274725275,1.4112256373466359,3.7792757900736995,True,K线收盘代理；达到描述性样本门槛,0.0673076923076923,0.0,0.0,0.0
NVDA,bybit|futures|NVDAUSDT::gateio|futures|NVDA_USDT,perp_perp,comparable,30,overnight,1448,16,4,1920,0.7541666666666667,1.3952209794283736,1.3323562727241,2.224248769885362,6.713812550353304,9.371409146222963,5.458398007141297,-12.576434364022226,31.563972614920832,0.6450276243093923,1.8559423866965075,2.8750681985512117,True,K线收盘代理；达到描述性样本门槛,0.04696132596685083,0.0013812154696132596,0.0,0.0
NVDA,bybit|futures|NVDAUSDT::gateio|futures|NVDA_USDT,perp_perp,comparable,30,weekend,1973,7,4,2592,0.7611882716049383,3.7127836747307446,1.8135654697126746,2.7444881529592458,13.02139849819861,18.634079536396175,6.582736845086772,-7.903300790329526,26.096033402924768,0.6791687785098834,1.3541703989194964,5.748508442410261,True,K线收盘代理；达到描述性样本门槛,0.16016218955904712,0.0,0.0,0.0
NVDA,bybit|futures|NVDAUSDT::gateio|futures|NVDA_USDT,perp_perp,comparable,30,holiday,288,1,1,288,1.0,5.690594955646293,5.173417279292769,5.173417279292769,8.764985623868519,10.34674531943136,2.43913488582495,0.4306817692412146,14.688094003800778,1.0,5.173417279292769,5.173417279292769,False,样本不足 / 仅事件观察,0.05555555555555555,0.0,0.0,0.0
NVDA,bybit|futures|NVDAUSDT::okx|futures|NVDA-USDT-SWAP,perp_perp,comparable,7,all,1983,7,2,2016,0.9836309523809523,-0.06332725764831626,0.0,0.8838216447915048,2.192367744871415,2.645528109930905,1.2505931203217213,-4.918839153958965,6.7054090299500935,0.4104891578416541,0.876559998460591,0.8897027669274582,True,K线收盘代理；达到描述性样本门槛,0.0,0.0,0.0,0.0
NVDA,bybit|futures|NVDAUSDT::okx|futures|NVDA-USDT-SWAP,perp_perp,comparable,7,regular,390,5,1,390,1.0,-0.24715756714757178,-0.43623355965527466,0.8896798015678442,2.2926087604408036,2.680104630946034,1.449282548420853,-4.912907548013656,6.7054090299500935,0.3641025641025641,0.873934891850725,0.8948756810700509,True,K线收盘代理；达到描述性样本门槛,0.0,0.0,0.0,0.0
NVDA,bybit|futures|NVDAUSDT::okx|futures|NVDA-USDT-SWAP,perp_perp,comparable,7,non_regular,1593,7,2,1626,0.9797047970479705,-0.018321720482773477,0.0,0.8817175858577553,1.8067010636444447,2.2594398157751434,1.192624517898928,-4.918839153958965,5.36888729810725,0.4218455743879473,0.8746620324029397,0.8880351779053108,True,K线收盘代理；达到描述性样本门槛,0.0,0.0,0.0,0.0
NVDA,bybit|futures|NVDAUSDT::okx|futures|NVDA-USDT-SWAP,perp_perp,comparable,7,pre_market,330,5,1,330,1.0,0.016415037385384613,0.0,0.8820675680909495,2.1941470615727265,2.241680044807959,1.19823948699488,-3.5774975404712084,3.143100893538975,0.43333333333333335,0.8795849193210525,0.8914443667129568,True,K线收盘代理；达到描述性样本门槛,0.0,0.0,0.0,0.0
NVDA,bybit|futures|NVDAUSDT::okx|futures|NVDA-USDT-SWAP,perp_perp,comparable,7,after_market,239,5,1,240,0.9958333333333333,0.21486899452970856,0.43763676148778075,0.8750437521876098,1.7852202083736834,2.628942252025812,1.2164568922700247,-3.9914848323574503,5.283317923656661,0.5104602510460251,0.44413848259705624,0.8755225813139589,True,K线收盘代理；达到描述性样本门槛,0.0,0.0,0.0,0.0
NVDA,bybit|futures|NVDAUSDT::okx|futures|NVDA-USDT-SWAP,perp_perp,comparable,7,overnight,477,5,1,480,0.99375,0.08977412448547639,0.0,0.8814455707351065,2.187150065030785,2.6527383357208834,1.3004259734721282,-4.918839153958965,5.36888729810725,0.4716981132075472,0.8755417414518796,0.889363217697059,True,K线收盘代理；达到描述性样本门槛,0.0,0.0,0.0,0.0
NVDA,bybit|futures|NVDAUSDT::okx|futures|NVDA-USDT-SWAP,perp_perp,comparable,7,weekend,547,2,2,576,0.9496527777777778,-0.23542853773017852,-0.44462229336184045,0.8900756564300671,1.7882697278859272,2.227975506644997,1.0358545458566475,-3.5604610797090874,2.2650056625139747,0.3327239488117002,0.5598819805155419,0.7888963757859968,True,K线收盘代理；达到描述性样本门槛,0.0,0.0,0.0,0.0
NVDA,bybit|futures|NVDAUSDT::okx|futures|NVDA-USDT-SWAP,perp_perp,comparable,7,holiday,0,0,0,0,0,,,,,,,,,,,,False,样本不足 / 仅事件观察,,,,
NVDA,bybit|futures|NVDAUSDT::okx|futures|NVDA-USDT-SWAP,perp_perp,comparable,30,all,8556,30,5,8640,0.9902777777777778,-0.02618823184385438,0.0,0.9159815892512135,2.739726027396472,3.249315343848702,1.6690956815853424,-18.10938065918144,7.321649201481595,0.43630201028518,0.8760125446455325,1.3644078111713087,True,K线收盘代理；达到描述性样本门槛,0.0001168770453482936,0.0,0.0,0.0
NVDA,bybit|futures|NVDAUSDT::okx|futures|NVDA-USDT-SWAP,perp_perp,comparable,30,regular,1560,20,5,1560,1.0,-0.011309360882054954,0.0,1.300841690037302,2.749292308945828,3.487918890463514,1.8085211764538907,-18.10938065918144,6.7054090299500935,0.44871794871794873,0.8923158202923942,1.3445870617512234,True,K线收盘代理；达到描述性样本门槛,0.000641025641025641,0.0,0.0,0.0
NVDA,bybit|futures|NVDAUSDT::okx|futures|NVDA-USDT-SWAP,perp_perp,comparable,30,non_regular,6996,30,5,7080,0.988135593220339,-0.029505990377360257,0.0,0.9138679460818366,2.7387880876983406,3.2450977730738573,1.636368492335278,-6.262581078059215,7.321649201481595,0.43353344768439106,0.8699300913722618,1.3448364378661204,True,K线收盘代理；达到描述性样本门槛,0.0,0.0,0.0,0.0
NVDA,bybit|futures|NVDAUSDT::okx|futures|NVDA-USDT-SWAP,perp_perp,comparable,30,pre_market,1320,20,5,1320,1.0,-0.3346746549904258,-0.4408296467389716,0.9198785760278216,2.7272359077490376,3.1986698123781516,1.594624953787424,-6.262581078059215,4.586104104562505,0.35909090909090907,0.8777674160145854,1.3044219115408706,True,K线收盘代理；达到描述性样本门槛,0.0,0.0,0.0,0.0
NVDA,bybit|futures|NVDAUSDT::okx|futures|NVDA-USDT-SWAP,perp_perp,comparable,30,after_market,959,20,5,960,0.9989583333333333,0.12859947718696924,0.0,0.9313154831214199,2.732937419149817,3.4973595152429926,1.660628905080525,-4.915542050228927,6.119148564185384,0.4994786235662148,0.8285134057200993,1.7546726367748122,True,K线收盘代理；达到描述性样本门槛,0.0,0.0,0.0,0.0
NVDA,bybit|futures|NVDAUSDT::okx|futures|NVDA-USDT-SWAP,perp_perp,comparable,30,overnight,1916,20,5,1920,0.9979166666666667,-0.0926798684780586,0.0,0.9263118892133271,2.7593192201325056,3.5843498446860855,1.7331194851829315,-5.829596412555427,5.965765683080271,0.4410229645093946,0.8827167701412619,1.340135270828935,True,K线收盘代理；达到描述性样本门槛,0.0,0.0,0.0,0.0
NVDA,bybit|futures|NVDAUSDT::okx|futures|NVDA-USDT-SWAP,perp_perp,comparable,30,weekend,2517,9,5,2592,0.9710648148148148,0.05745027844201946,0.0,0.9075645505296492,2.7383506343787722,3.202166511516502,1.572788686077405,-4.635209047929578,7.321649201481595,0.42034167659912597,0.8644910309052456,1.3701758392326013,True,K线收盘代理；达到描述性样本门槛,0.0,0.0,0.0,0.0
NVDA,bybit|futures|NVDAUSDT::okx|futures|NVDA-USDT-SWAP,perp_perp,comparable,30,holiday,284,1,1,288,0.9861111111111112,0.510535262149449,0.43083949574529434,0.8618275056249125,2.158848228800858,2.5922018805591973,1.3193172659921497,-3.8626609442060644,4.305519676226499,0.6232394366197183,0.8618275056249125,0.8618275056249125,False,样本不足 / 仅事件观察,0.0,0.0,0.0,0.0
NVDA,gateio|futures|NVDA_USDT::okx|futures|NVDA-USDT-SWAP,perp_perp,comparable,7,all,1995,7,2,2016,0.9895833333333334,-2.155399132631217,-2.2199529369970605,2.221333688747773,3.9764945457572143,4.464366900753469,1.4716338595834004,-13.766764366285322,3.585675227466556,0.04962406015037594,1.8013124987653617,2.4317348097535607,True,K线收盘代理；达到描述性样本门槛,0.0005012531328320802,0.0,0.0,0.0
NVDA,gateio|futures|NVDA_USDT::okx|futures|NVDA-USDT-SWAP,perp_perp,comparable,7,regular,390,5,1,390,1.0,-2.3134476543666533,-2.2313957391451034,2.233091139212662,4.429914438170313,4.908622108346082,1.6861704427846353,-7.024013345625635,2.6809651474524188,0.06923076923076923,1.5563366316451166,3.106281329537941,True,K线收盘代理；达到描述性样本门槛,0.0,0.0,0.0,0.0
NVDA,gateio|futures|NVDA_USDT::okx|futures|NVDA-USDT-SWAP,perp_perp,comparable,7,non_regular,1605,7,2,1626,0.9870848708487084,-2.116994818938494,-2.2172949002219333,2.2192632046169614,3.5965404702869024,4.4431412128491665,1.4119291863458185,-13.766764366285322,3.585675227466556,0.044859813084112146,1.7824380910783089,2.2204665505212717,True,K线收盘代理；达到描述性样本门槛,0.0006230529595015577,0.0,0.0,0.0
NVDA,gateio|futures|NVDA_USDT::okx|futures|NVDA-USDT-SWAP,perp_perp,comparable,7,pre_market,330,5,1,330,1.0,-2.026995776644282,-1.988369808462176,2.19087031527454,3.5889418831374087,4.845537936316036,1.5441956360159883,-7.9389582322575425,3.557611064168853,0.048484848484848485,1.769324589383503,2.2433093310519903,True,K线收盘代理；达到描述性样本门槛,0.0,0.0,0.0,0.0
NVDA,gateio|futures|NVDA_USDT::okx|futures|NVDA-USDT-SWAP,perp_perp,comparable,7,after_market,240,5,1,240,1.0,-1.9811826482117554,-1.7837235547762953,1.7837235547762953,3.1628575923608993,3.939773988657802,1.4299592147814302,-13.766764366285322,1.7626580883978171,0.041666666666666664,1.7754105671902165,1.784081533413584,True,K线收盘代理；达到描述性样本门槛,0.004166666666666667,0.0,0.0,0.0
NVDA,gateio|futures|NVDA_USDT::okx|futures|NVDA-USDT-SWAP,perp_perp,comparable,7,overnight,479,5,1,480,0.9979166666666667,-2.1954649597089966,-2.1961611103782364,2.1961611103782364,3.9547593393876035,4.468554937490765,1.297604282612278,-7.156595249809827,0.8742405035611078,0.022964509394572025,1.7676432895841199,2.2191647107761003,True,K线收盘代理；达到描述性样本门槛,0.0,0.0,0.0,0.0
NVDA,gateio|futures|NVDA_USDT::okx|futures|NVDA-USDT-SWAP,perp_perp,comparable,7,weekend,556,2,2,576,0.9652777777777778,-2.1614326022162578,-2.256572525268785,2.25861098306801,3.617372477325853,4.066189199647963,1.4093187016815945,-6.743391476353722,3.585675227466556,0.06294964028776978,2.0263097185138634,2.455904835991507,True,K线收盘代理；达到描述性样本门槛,0.0,0.0,0.0,0.0
NVDA,gateio|futures|NVDA_USDT::okx|futures|NVDA-USDT-SWAP,perp_perp,comparable,7,holiday,0,0,0,0,0,,,,,,,,,,,,False,样本不足 / 仅事件观察,,,,
NVDA,gateio|futures|NVDA_USDT::okx|futures|NVDA-USDT-SWAP,perp_perp,comparable,30,all,6651,24,4,8640,0.7697916666666667,-2.5745155714038397,-1.7805475183618746,2.307337332717596,8.644910309054676,14.299952360344314,5.406375024908768,-55.90883871793739,14.30553147216962,0.25920914148248386,1.787552028531536,2.8395609359899154,True,K线收盘代理；达到描述性样本门槛,0.07893549842129004,0.0006014133213050669,0.00015035333032626674,0.0
NVDA,gateio|futures|NVDA_USDT::okx|futures|NVDA-USDT-SWAP,perp_perp,comparable,30,regular,1220,16,4,1560,0.782051282051282,-1.9858437492369319,-1.4074932963381581,2.35432607546493,6.24306066283098,15.393239423285346,5.7520022973378,-55.90883871793739,13.509979952932571,0.30327868852459017,1.4036926507281222,3.203302346127951,True,K线收盘代理；达到描述性样本门槛,0.07131147540983607,0.001639344262295082,0.000819672131147541,0.0
NVDA,gateio|futures|NVDA_USDT::okx|futures|NVDA-USDT-SWAP,perp_perp,comparable,30,non_regular,5431,24,4,7080,0.767090395480226,-2.7067526590568733,-1.784519295114917,2.288015375464525,9.01868155464891,13.913346737950416,5.316692449493012,-30.55936932547909,14.30553147216962,0.24930951942552015,1.7734965995030993,3.2084956126278428,True,K线收盘代理；达到描述性样本门槛,0.08064813109924507,0.0003682563063892469,0.0,0.0
NVDA,gateio|futures|NVDA_USDT::okx|futures|NVDA-USDT-SWAP,perp_perp,comparable,30,pre_market,1013,16,4,1320,0.7674242424242425,-1.513079467298145,-1.341021858656255,2.180359323216141,5.186675380659536,7.044958616942096,3.498239786512266,-24.655045633461548,13.30967169476338,0.2793682132280355,1.407477720566097,2.787001431285713,True,K线收盘代理；达到描述性样本门槛,0.02171767028627838,0.0,0.0,0.0
NVDA,gateio|futures|NVDA_USDT::okx|futures|NVDA-USDT-SWAP,perp_perp,comparable,30,after_market,729,16,4,960,0.759375,-1.7666190170763159,-1.4091784489633774,2.2195587517204185,5.151033815941513,14.351320327982808,4.735682288191824,-23.899535045408538,12.618571055609262,0.26474622770919065,1.6618945058352597,3.0092758076046,True,K线收盘代理；达到描述性样本门槛,0.06584362139917696,0.0,0.0,0.0
NVDA,gateio|futures|NVDA_USDT::okx|futures|NVDA-USDT-SWAP,perp_perp,comparable,30,overnight,1448,16,4,1920,0.7541666666666667,-1.8295661765141895,-1.3359458496620125,2.2181802442511334,5.945303210463937,9.113064285044214,5.207231449505117,-30.55936932547909,14.30553147216962,0.2776243093922652,1.7056201933317305,2.773125687981909,True,K线收盘代理；达到描述性样本门槛,0.04696132596685083,0.0013812154696132596,0.0,0.0
NVDA,gateio|futures|NVDA_USDT::okx|futures|NVDA-USDT-SWAP,perp_perp,comparable,30,weekend,1957,7,4,2592,0.7550154320987654,-3.9641778281745306,-2.2396416573355893,2.671534796740982,12.957172249936866,18.18435435283127,6.210728384041776,-26.449291072279113,5.581914596706206,0.24271844660194175,1.8059271123843645,5.65295406425359,True,K线收盘代理；达到描述性样本门槛,0.14665304036791008,0.0,0.0,0.0
NVDA,gateio|futures|NVDA_USDT::okx|futures|NVDA-USDT-SWAP,perp_perp,comparable,30,holiday,284,1,1,288,0.9861111111111112,-5.1853911767117,-4.742503612972793,4.742503612972793,8.624332746137942,9.915291057066511,2.641736115194268,-13.805004314064728,1.294107497196162,0.0035211267605633804,4.742503612972793,4.742503612972793,False,样本不足 / 仅事件观察,0.045774647887323945,0.0,0.0,0.0
NVDA,okx|futures|NVDA-USDT-SWAP::okx|spot|XNVDA-USDT,spot_perp,comparable,7,all,1582,7,2,2016,0.7847222222222222,6.492079605029055,6.297376737450788,6.305312765919613,10.100352118942892,11.580600261899436,3.207046367573701,-6.6773504273498485,26.05431662618729,0.9791403286978508,5.746293006064773,7.114367196026095,True,K线收盘代理；达到描述性样本门槛,0.10240202275600506,0.0,0.0,0.0
NVDA,okx|futures|NVDA-USDT-SWAP::okx|spot|XNVDA-USDT,spot_perp,comparable,7,regular,372,5,1,390,0.9538461538461539,7.271830345585088,7.52729925612261,7.52729925612261,11.514983284754093,13.831923006714874,3.894537949725077,-6.6773504273498485,23.27350848140286,0.9596774193548387,7.1206052514471985,7.582857691591505,True,K线收盘代理；达到描述性样本门槛,0.17204301075268819,0.0,0.0,0.0
NVDA,okx|futures|NVDA-USDT-SWAP::okx|spot|XNVDA-USDT,spot_perp,comparable,7,non_regular,1210,7,2,1626,0.7441574415744158,6.252354583965547,6.186068963557334,6.186068963557334,9.779125125645383,11.005749412440476,2.922285791765766,-6.17093489663767,26.05431662618729,0.9851239669421488,5.555909478961452,6.852553486434432,True,K线收盘代理；达到描述性样本门槛,0.08099173553719008,0.0,0.0,0.0
NVDA,okx|futures|NVDA-USDT-SWAP::okx|spot|XNVDA-USDT,spot_perp,comparable,7,pre_market,305,5,1,330,0.9242424242424242,6.976940684077913,6.983545022041238,6.983545022041238,10.772379951986988,12.356266060538523,3.554166423290073,-6.17093489663767,26.05431662618729,0.9770491803278688,6.287051532491983,7.539471350008764,True,K线收盘代理；达到描述性样本门槛,0.15081967213114755,0.0,0.0,0.0
NVDA,okx|futures|NVDA-USDT-SWAP::okx|spot|XNVDA-USDT,spot_perp,comparable,7,after_market,164,5,1,240,0.6833333333333333,6.927129205201768,7.0386910793529545,7.0386910793529545,9.325997195263724,11.359317840346826,2.305505441696883,0.0,12.516204014125787,0.9878048780487805,6.436444523780782,7.44764741960946,False,样本不足 / 仅事件观察,0.07926829268292683,0.0,0.0,0.0
NVDA,okx|futures|NVDA-USDT-SWAP::okx|spot|XNVDA-USDT,spot_perp,comparable,7,overnight,391,5,1,480,0.8145833333333333,6.302320023363858,6.227758007115725,6.227758007115725,9.7690941385431,10.436579322493644,2.637426806165693,-0.44418780260291335,18.365884250133302,0.9872122762148338,5.252676691203106,6.655131106083623,True,K线收盘代理；达到描述性样本门槛,0.0639386189258312,0.0,0.0,0.0
NVDA,okx|futures|NVDA-USDT-SWAP::okx|spot|XNVDA-USDT,spot_perp,comparable,7,weekend,350,2,2,576,0.6076388888888888,5.2489309119033996,4.937774142150797,4.937774142150797,8.901073571043083,9.886733692818673,2.563818712917141,-0.9063717937107807,13.022587453410672,0.9885714285714285,5.015091560079399,5.2509553854313,False,样本不足 / 仅事件观察,0.04,0.0,0.0,0.0
NVDA,okx|futures|NVDA-USDT-SWAP::okx|spot|XNVDA-USDT,spot_perp,comparable,7,holiday,0,0,0,0,0,,,,,,,,,,,,False,样本不足 / 仅事件观察,,,,
NVDA,okx|futures|NVDA-USDT-SWAP::okx|spot|XNVDA-USDT,spot_perp,comparable,30,all,6383,30,5,8640,0.7387731481481481,5.3702552241227215,5.6537102473508405,5.759858218876701,9.953435424270296,11.520686280454884,4.184047356209296,-16.777801677779756,26.42489407262305,0.8958170139432868,4.22185945241127,6.762841348377235,True,K线收盘代理；达到描述性样本门槛,0.09760300798997337,0.0,0.0,0.0
NVDA,okx|futures|NVDA-USDT-SWAP::okx|spot|XNVDA-USDT,spot_perp,comparable,30,regular,1440,20,5,1560,0.9230769230769231,5.825722587568802,6.060474884335143,6.166398998775913,11.394301145525757,13.698182004256875,5.034789728591598,-15.520376036539663,26.42489407262305,0.8798611111111111,5.366024838195926,7.44901021420552,True,K线收盘代理；达到描述性样本门槛,0.15763888888888888,0.0,0.0,0.0
NVDA,okx|futures|NVDA-USDT-SWAP::okx|spot|XNVDA-USDT,spot_perp,comparable,30,non_regular,4943,30,5,7080,0.6981638418079096,5.237567988969504,5.5182562310318595,5.620608899297164,9.60237095641059,10.86652968160684,3.8914550931524583,-16.777801677779756,26.333966499740846,0.9004653044709691,4.224800098358294,6.619899422185272,False,样本不足 / 仅事件观察,0.08011329152336638,0.0,0.0,0.0
NVDA,okx|futures|NVDA-USDT-SWAP::okx|spot|XNVDA-USDT,spot_perp,comparable,30,pre_market,1166,20,5,1320,0.8833333333333333,5.473599297275296,5.750304915494997,5.902920113028953,10.41385016281926,12.270060098428237,4.390281107783527,-13.650013650013948,26.05431662618729,0.8945111492281304,4.0294733197132615,7.306480402813342,True,K线收盘代理；达到描述性样本门槛,0.1260720411663808,0.0,0.0,0.0
NVDA,okx|futures|NVDA-USDT-SWAP::okx|spot|XNVDA-USDT,spot_perp,comparable,30,after_market,651,20,5,960,0.678125,6.21848600235417,6.432049986218047,6.487488415198861,9.7673592612324,11.271836777674293,3.1318619216841883,-8.918219923302884,17.888245539707803,0.9539170506912442,5.746672075038761,7.277510253586305,False,样本不足 / 仅事件观察,0.09062980030721966,0.0,0.0,0.0
NVDA,okx|futures|NVDA-USDT-SWAP::okx|spot|XNVDA-USDT,spot_perp,comparable,30,overnight,1457,20,5,1920,0.7588541666666667,5.983025555823221,6.126914660831151,6.131744919410931,9.87993528389497,10.880111286203142,3.485431522914385,-7.503862282057794,21.100680389285476,0.9485243651338366,5.08986313483506,7.2225296737607465,True,K线收盘代理；达到描述性样本门槛,0.09196980096087852,0.0,0.0,0.0
NVDA,okx|futures|NVDA-USDT-SWAP::okx|spot|XNVDA-USDT,spot_perp,comparable,30,weekend,1474,9,5,2592,0.5686728395061729,3.743701191766197,4.104435072250778,4.255302287076157,8.219592922819041,9.369400807603729,3.7155588355201883,-11.522330276074744,15.145614262841445,0.8276797829036635,2.7918663626635976,5.625027211901834,False,样本不足 / 仅事件观察,0.027137042062415198,0.0,0.0,0.0
NVDA,okx|futures|NVDA-USDT-SWAP::okx|spot|XNVDA-USDT,spot_perp,comparable,30,holiday,195,1,1,288,0.6770833333333334,6.273659537553285,6.4646812912116935,6.466074661608534,9.902624796599646,11.610958870349686,3.886556795803916,-16.777801677779756,26.333966499740846,0.9487179487179487,6.466074661608534,6.466074661608534,False,样本不足 / 仅事件观察,0.08205128205128205,0.0,0.0,0.0
NVDA,gateio|futures|NVDA_USDT::gateio|spot|NVDAON_USDT,spot_perp,reference,7,all,1096,7,2,2016,0.5436507936507936,-8.702518331046814,-8.572937113149326,8.75101187343963,15.278173960978636,17.17764570042385,5.632018542691242,-36.42016433488715,22.25288174818596,0.051094890510948905,8.806286558810662,9.437793868952161,False,样本不足 / 仅事件观察,0.416970802919708,0.0018248175182481751,0.0,0.0
NVDA,gateio|futures|NVDA_USDT::gateio|spot|NVDAON_USDT,spot_perp,reference,7,regular,276,5,1,390,0.7076923076923077,-8.138797461463765,-7.945094810345998,8.368959473902816,16.75350535118192,20.299330277282756,7.5163895544997175,-36.42016433488715,22.25288174818596,0.10144927536231885,7.198078080185577,10.51294406237635,True,K线收盘代理；达到描述性样本门槛,0.41304347826086957,0.007246376811594203,0.0,0.0
NVDA,gateio|futures|NVDA_USDT::gateio|spot|NVDAON_USDT,spot_perp,reference,7,non_regular,820,7,2,1626,0.5043050430504306,-8.892258526174766,-8.801073735255628,8.827692713619939,15.126854091047749,16.549409040974847,4.820505237370129,-22.182987007106636,10.621348911310502,0.03414634146341464,8.579108562051797,9.537093821400111,False,样本不足 / 仅事件观察,0.41829268292682925,0.0,0.0,0.0
NVDA,gateio|futures|NVDA_USDT::gateio|spot|NVDAON_USDT,spot_perp,reference,7,pre_market,237,5,1,330,0.7181818181818181,-8.882382889390648,-9.155512926712905,9.24662058033543,15.55142443276214,17.04917527940508,5.64830951274634,-21.919033773205587,10.621348911310502,0.05907172995780591,7.043493572811421,9.286488273227977,True,K线收盘代理；达到描述性样本门槛,0.4641350210970464,0.0,0.0,0.0
NVDA,gateio|futures|NVDA_USDT::gateio|spot|NVDAON_USDT,spot_perp,reference,7,after_market,139,5,1,240,0.5791666666666667,-8.283208293477918,-8.469665225339096,8.469665225339096,12.725895608331816,13.996257458811723,3.670307436856256,-18.809325926250064,0.8794301292769369,0.007194244604316547,7.538969914612781,8.75101187343963,False,样本不足 / 仅事件观察,0.3381294964028777,0.0,0.0,0.0
NVDA,gateio|futures|NVDA_USDT::gateio|spot|NVDAON_USDT,spot_perp,reference,7,overnight,251,5,1,480,0.5229166666666667,-8.547659339160509,-8.4557187360923,8.473064573670808,14.507407570230058,15.81081178670285,4.565921799572063,-21.35231316726105,9.352870440475503,0.0398406374501992,7.992019906862824,9.33748332592299,False,样本不足 / 仅事件观察,0.3784860557768924,0.0,0.0,0.0
NVDA,gateio|futures|NVDA_USDT::gateio|spot|NVDAON_USDT,spot_perp,reference,7,weekend,193,2,2,576,0.3350694444444444,-9.791185490958583,-9.50269242952162,9.50269242952162,15.811211859602103,17.149587606283045,4.637568936946621,-22.182987007106636,2.723682418630524,0.015544041450777202,9.454450026303434,10.26544038747787,False,样本不足 / 仅事件观察,0.47150259067357514,0.0,0.0,0.0
NVDA,gateio|futures|NVDA_USDT::gateio|spot|NVDAON_USDT,spot_perp,reference,7,holiday,0,0,0,0,0,,,,,,,,,,,,False,样本不足 / 仅事件观察,,,,
NVDA,gateio|futures|NVDA_USDT::gateio|spot|NVDAON_USDT,spot_perp,reference,30,all,3213,24,4,8640,0.371875,-6.14541960996462,-6.358434008538749,7.024630109320196,15.288516140304909,18.21157926027727,7.615771955186443,-37.46931392394126,40.05224205485547,0.18425147836912542,5.014835283757707,9.121346513336487,False,样本不足 / 仅事件观察,0.3115468409586057,0.003734827264239029,0.0,0.0
NVDA,gateio|futures|NVDA_USDT::gateio|spot|NVDAON_USDT,spot_perp,reference,30,regular,789,16,4,1560,0.5057692307692307,-6.945360412140858,-6.654245408569404,7.538134090103732,18.620454325578574,23.65424863451659,9.272616919589158,-37.46931392394126,40.05224205485547,0.19391634980988592,6.083247483924248,9.622930999788338,False,样本不足 / 仅事件观察,0.36628643852978454,0.015209125475285171,0.0,0.0
NVDA,gateio|futures|NVDA_USDT::gateio|spot|NVDAON_USDT,spot_perp,reference,30,non_regular,2424,24,4,7080,0.3423728813559322,-5.885042838959235,-6.2249888962551125,6.874149326863699,14.76827697235539,16.814279793480814,6.972523183009306,-28.068054236117803,23.06231346658416,0.18110561056105612,5.031983518897776,8.999570209201336,False,样本不足 / 仅事件观察,0.29372937293729373,0.0,0.0,0.0
NVDA,gateio|futures|NVDA_USDT::gateio|spot|NVDAON_USDT,spot_perp,reference,30,pre_market,650,16,4,1320,0.49242424242424243,-5.143818390646232,-5.467476836228391,6.718025663965399,15.078864288610605,16.68089783883908,7.583871693475293,-23.860021208906844,23.06231346658416,0.24307692307692308,4.588461871503357,8.890318600681123,False,样本不足 / 仅事件观察,0.30615384615384617,0.0,0.0,0.0
NVDA,gateio|futures|NVDA_USDT::gateio|spot|NVDAON_USDT,spot_perp,reference,30,after_market,377,16,4,960,0.3927083333333333,-6.202794114373007,-7.032039731024176,7.191011235955225,12.859398008871592,15.515523070755986,6.158126980143641,-20.851433536055453,15.06691482761724,0.14588859416445624,5.406263399463096,8.953860425957721,False,样本不足 / 仅事件观察,0.27851458885941643,0.0,0.0,0.0
NVDA,gateio|futures|NVDA_USDT::gateio|spot|NVDAON_USDT,spot_perp,reference,30,overnight,724,16,4,1920,0.3770833333333333,-5.012985202401724,-5.123573010570315,6.0689731614771425,13.62338931532359,15.752584463254728,6.798278078021612,-27.045001108402246,19.10800364789189,0.19475138121546962,3.996537275878509,8.583822633954352,False,样本不足 / 仅事件观察,0.24585635359116023,0.0,0.0,0.0
NVDA,gateio|futures|NVDA_USDT::gateio|spot|NVDAON_USDT,spot_perp,reference,30,weekend,591,7,4,2592,0.22800925925925927,-7.402545811797465,-7.319974380091132,7.620584543661657,15.794852736226161,17.790026357408784,6.713371378283964,-26.44011963070625,15.794852736226161,0.12351945854483926,6.530360852070316,9.859945206890652,False,样本不足 / 仅事件观察,0.34348561759729274,0.0,0.0,0.0
NVDA,gateio|futures|NVDA_USDT::gateio|spot|NVDAON_USDT,spot_perp,reference,30,holiday,82,1,1,288,0.2847222222222222,-7.06222738155319,-6.8725684326564895,6.8725684326564895,16.268905820949428,18.051338073008406,6.66863402826029,-28.068054236117803,4.736275565124792,0.14634146341463414,6.8725684326564895,6.8725684326564895,False,样本不足 / 仅事件观察,0.32926829268292684,0.0,0.0,0.0
NVDA,gateio|futures|NVDA_USDT::gateio|spot|NVDAG_USDT,spot_perp,reference,7,all,1662,7,2,2016,0.8244047619047619,5.324648831787001,5.284598032924137,5.326941266556862,9.663020621776269,11.439734867284889,3.779252162372154,-10.757025682399668,23.809523809523725,0.9332129963898917,4.857437587942881,6.338441710091458,True,K线收盘代理；达到描述性样本门槛,0.08604091456077016,0.0,0.0,0.0
NVDA,gateio|futures|NVDA_USDT::gateio|spot|NVDAG_USDT,spot_perp,reference,7,regular,386,5,1,390,0.9897435897435898,5.806159044215779,5.76906018923129,5.792582837443883,11.190940033752872,14.269505730539201,4.887135032736279,-10.11967617036258,23.809523809523725,0.8989637305699482,4.449784185467376,6.71426430537303,True,K线收盘代理；达到描述性样本门槛,0.16062176165803108,0.0,0.0,0.0
NVDA,gateio|futures|NVDA_USDT::gateio|spot|NVDAG_USDT,spot_perp,reference,7,non_regular,1276,7,2,1626,0.7847478474784748,5.178988218936289,5.246135831294962,5.25647203118762,8.89719506614206,10.672839530109224,3.3595999230818188,-10.757025682399668,21.594464765766208,0.9435736677115988,4.657585231996331,6.222860142233166,True,K线收盘代理；达到描述性样本门槛,0.06347962382445141,0.0,0.0,0.0
NVDA,gateio|futures|NVDA_USDT::gateio|spot|NVDAG_USDT,spot_perp,reference,7,pre_market,328,5,1,330,0.9939393939393939,5.342878248078719,4.917998510909349,5.232976475897377,10.661487900907487,12.395473867144123,4.098322806380805,-10.757025682399668,21.594464765766208,0.926829268292683,4.159026220019735,7.075263125181364,True,K线收盘代理；达到描述性样本门槛,0.11280487804878049,0.0,0.0,0.0
NVDA,gateio|futures|NVDA_USDT::gateio|spot|NVDAG_USDT,spot_perp,reference,7,after_market,236,5,1,240,0.9833333333333333,5.298576733516558,5.085337566083092,5.256241797206851,8.485931287004478,8.996401439423929,2.61431743552748,-7.5294534502612365,11.90633681703801,0.9788135593220338,4.847310204317834,4.912140978845514,True,K线收盘代理；达到描述性样本门槛,0.029661016949152543,0.0,0.0,0.0
NVDA,gateio|futures|NVDA_USDT::gateio|spot|NVDAG_USDT,spot_perp,reference,7,overnight,475,5,1,480,0.9895833333333334,4.305679782253567,4.438329412808084,4.448398576513135,7.568270857906345,8.776123540347173,3.1092843290825853,-8.445945945946276,16.468598388748035,0.9221052631578948,3.736399055278561,4.897595764569163,True,K线收盘代理；达到描述性样本门槛,0.03368421052631579,0.0,0.0,0.0
NVDA,gateio|futures|NVDA_USDT::gateio|spot|NVDAG_USDT,spot_perp,reference,7,weekend,237,2,2,576,0.4114583333333333,6.5833877481541485,6.679134384182106,6.679134384182106,9.700076082169053,11.152632496656434,2.7908234608829665,-4.026845637583598,17.824517623992175,0.9746835443037974,6.487858854106188,6.998355707737991,False,样本不足 / 仅事件观察,0.08860759493670886,0.0,0.0,0.0
NVDA,gateio|futures|NVDA_USDT::gateio|spot|NVDAG_USDT,spot_perp,reference,7,holiday,0,0,0,0,0,,,,,,,,,,,,False,样本不足 / 仅事件观察,,,,
NVDA,gateio|futures|NVDA_USDT::gateio|spot|NVDAG_USDT,spot_perp,reference,30,all,5419,24,4,8640,0.627199074074074,3.813069936980817,4.562668248393464,5.2314935914199445,10.658708571692264,13.175898636077692,5.985065597842312,-31.442363048580503,30.44537230341149,0.8329950175309098,4.2861110626890575,6.313683798205572,False,样本不足 / 仅事件观察,0.1227163683336409,0.0005536076766931168,0.0,0.0
NVDA,gateio|futures|NVDA_USDT::gateio|spot|NVDAG_USDT,spot_perp,reference,30,regular,1212,16,4,1560,0.7769230769230769,4.1291853715311495,5.166623956264216,6.030856650746652,12.782412458413718,15.88185817452615,7.165189826830821,-29.996571820364302,30.44537230341149,0.8283828382838284,5.045807770728549,6.825346556038891,True,K线收盘代理；达到描述性样本门槛,0.19141914191419143,0.0008250825082508251,0.0,0.0
NVDA,gateio|futures|NVDA_USDT::gateio|spot|NVDAG_USDT,spot_perp,reference,30,non_regular,4207,24,4,7080,0.5942090395480226,3.7219998379375547,4.483701744160129,4.998863894569716,10.174560447968606,12.176771957103426,5.595807178389156,-31.442363048580503,26.886792452829322,0.83432374613739,4.153776902490192,6.217984999704607,False,样本不足 / 仅事件观察,0.10292369859757547,0.0004753981459472308,0.0,0.0
NVDA,gateio|futures|NVDA_USDT::gateio|spot|NVDAG_USDT,spot_perp,reference,30,pre_market,1001,16,4,1320,0.7583333333333333,4.444174578134134,4.546901286772709,4.898031881734877,10.343490065940486,12.273413897281316,5.093158905918611,-25.00223234217391,26.886792452829322,0.8501498501498501,4.002935402982743,6.911898984451326,True,K线收盘代理；达到描述性样本门槛,0.11488511488511488,0.0,0.0,0.0
NVDA,gateio|futures|NVDA_USDT::gateio|spot|NVDAG_USDT,spot_perp,reference,30,after_market,706,16,4,960,0.7354166666666667,3.725787976788344,4.500754389110684,4.91477336438173,9.651003308233097,11.02290756309493,5.136589710637888,-19.574579146547364,18.880392712168348,0.8781869688385269,4.508826978961711,5.768428925280178,True,K线收盘代理；达到描述性样本门槛,0.08498583569405099,0.0,0.0,0.0
NVDA,gateio|futures|NVDA_USDT::gateio|spot|NVDAG_USDT,spot_perp,reference,30,overnight,1414,16,4,1920,0.7364583333333333,4.248007845051903,4.848086478762559,5.1774453496677975,10.2198541284404,12.444257419873859,5.456766089440999,-31.442363048580503,23.23144900469032,0.8910891089108911,4.318635443405771,6.1575642683101,True,K线收盘代理；达到描述性样本门槛,0.1074964639321075,0.0014144271570014145,0.0,0.0
NVDA,gateio|futures|NVDA_USDT::gateio|spot|NVDAG_USDT,spot_perp,reference,30,weekend,832,7,4,2592,0.32098765432098764,2.257764115342768,4.044496017537869,5.404553338926865,10.281505235750553,13.449148677515508,6.607128387046883,-22.488431431907372,22.314164845891327,0.7091346153846154,4.000182639727901,6.743107280922089,False,样本不足 / 仅事件观察,0.10817307692307693,0.0,0.0,0.0
NVDA,gateio|futures|NVDA_USDT::gateio|spot|NVDAG_USDT,spot_perp,reference,30,holiday,254,1,1,288,0.8819444444444444,2.7334071535822093,3.0079099682600585,3.8876900294859684,8.191561841836448,10.497556542347406,4.766626784363178,-15.90713671539179,21.14803625377748,0.7440944881889764,3.8876900294859684,3.8876900294859684,False,样本不足 / 仅事件观察,0.06299212598425197,0.0,0.0,0.0
NVDA,gateio|futures|NVDA_USDT::gateio|spot|NVDAX_USDT,spot_perp,reference,7,all,1501,7,2,2016,0.7445436507936508,-12.00873751223,-11.99200532978062,11.993603411514231,17.602534765006617,19.231609773154858,4.876597455869677,-37.94209313880415,14.93520755545763,0.014656895403064623,11.500628572609916,12.43003797509079,True,K线收盘代理；达到描述性样本门槛,0.6908727514990006,0.002664890073284477,0.0,0.0
NVDA,gateio|futures|NVDA_USDT::gateio|spot|NVDAX_USDT,spot_perp,reference,7,regular,355,5,1,390,0.9102564102564102,-11.80335493132432,-11.569953720185211,11.569953720185211,18.991821798526768,21.508732958607453,5.992389433711979,-36.51697604660331,8.889283968176453,0.028169014084507043,10.276114735054964,12.888894617286152,True,K线收盘代理；达到描述性样本门槛,0.6281690140845071,0.005633802816901409,0.0,0.0
NVDA,gateio|futures|NVDA_USDT::gateio|spot|NVDAX_USDT,spot_perp,reference,7,non_regular,1146,7,2,1626,0.7047970479704797,-12.072359515913698,-12.009340604182128,12.009607686147561,17.306803411430426,18.533818315056294,4.472952691988231,-37.94209313880415,14.93520755545763,0.010471204188481676,11.4382810312455,12.428514225546472,True,K线收盘代理；达到描述性样本门槛,0.7102966841186736,0.0017452006980802793,0.0,0.0
NVDA,gateio|futures|NVDA_USDT::gateio|spot|NVDAX_USDT,spot_perp,reference,7,pre_market,304,5,1,330,0.9212121212121213,-11.24157733013011,-11.200972491020034,11.273058876094533,17.44348583420685,18.921118450812287,5.153881320282002,-26.203161848196153,14.93520755545763,0.023026315789473683,10.679482045119482,12.52236135957041,True,K线收盘代理；达到描述性样本门槛,0.6052631578947368,0.0,0.0,0.0
NVDA,gateio|futures|NVDA_USDT::gateio|spot|NVDAX_USDT,spot_perp,reference,7,after_market,183,5,1,240,0.7625,-11.547485678445861,-11.529422198571782,11.529422198571782,15.75271734856809,16.82263436452891,3.1978012228222283,-20.54016257320157,-3.124163170579175,0.0,11.42555809456769,11.976580642309997,True,K线收盘代理；达到描述性样本门槛,0.6939890710382514,0.0,0.0,0.0
NVDA,gateio|futures|NVDA_USDT::gateio|spot|NVDAX_USDT,spot_perp,reference,7,overnight,378,5,1,480,0.7875,-12.256017604914035,-12.1380424828188,12.1380424828188,16.99916449447092,17.879955423872715,3.4466775161727097,-23.681094592816756,-1.755155770074568,0.0,11.53300539687596,12.399718825132911,True,K线收盘代理；达到描述性样本门槛,0.746031746031746,0.0,0.0,0.0
NVDA,gateio|futures|NVDA_USDT::gateio|spot|NVDAX_USDT,spot_perp,reference,7,weekend,281,2,2,576,0.4878472222222222,-13.065907341866355,-12.8992082554924,12.8992082554924,18.223842119299285,19.927536231884034,5.316051782237142,-37.94209313880415,8.6109222750963,0.017793594306049824,12.805787129589325,14.055726452378432,False,样本不足 / 仅事件观察,0.7864768683274022,0.0071174377224199285,0.0,0.0
NVDA,gateio|futures|NVDA_USDT::gateio|spot|NVDAX_USDT,spot_perp,reference,7,holiday,0,0,0,0,0,,,,,,,,,,,,False,样本不足 / 仅事件观察,,,,
NVDA,gateio|futures|NVDA_USDT::gateio|spot|NVDAX_USDT,spot_perp,reference,30,all,5127,24,4,8640,0.5934027777777777,-10.376659087901725,-10.530934620448518,10.566635847312211,17.54832762036563,20.674620452595793,6.281864887543271,-55.90883871793739,15.593673423925924,0.051492100643651256,9.471431655213857,11.827805673671616,False,样本不足 / 仅事件观察,0.5461283401599376,0.003315779208113907,0.0001950458357714063,0.0
NVDA,gateio|futures|NVDA_USDT::gateio|spot|NVDAX_USDT,spot_perp,reference,30,regular,1128,16,4,1560,0.7230769230769231,-10.369888107007554,-10.51068105268449,10.633819983507653,18.97550305068585,22.75650862138677,7.536906229846817,-55.90883871793739,15.422578655150954,0.07712765957446809,9.462184809036211,12.207531269225331,True,K线收盘代理；达到描述性样本门槛,0.5460992907801419,0.005319148936170213,0.0008865248226950354,0.0
NVDA,gateio|futures|NVDA_USDT::gateio|spot|NVDAX_USDT,spot_perp,reference,30,non_regular,3999,24,4,7080,0.5648305084745763,-10.378568981987403,-10.532321060253702,10.562915364641379,17.176706028089185,19.769949676491372,5.879610913720598,-37.94209313880415,15.593673423925924,0.04426106526631658,9.264486381232729,11.86488448999809,False,样本不足 / 仅事件观察,0.5461365341335334,0.0027506876719179795,0.0,0.0
NVDA,gateio|futures|NVDA_USDT::gateio|spot|NVDAX_USDT,spot_perp,reference,30,pre_market,929,16,4,1320,0.7037878787878787,-9.509927487155556,-9.592744396965669,9.701459628698172,16.484048563693904,18.703103547773814,5.782779991062471,-28.98144252793,15.593673423925924,0.04305705059203445,8.345906922248986,11.225704228918499,True,K线收盘代理；达到描述性样本门槛,0.4703982777179763,0.0,0.0,0.0
NVDA,gateio|futures|NVDA_USDT::gateio|spot|NVDAX_USDT,spot_perp,reference,30,after_market,574,16,4,960,0.5979166666666667,-9.641180048877512,-10.53278735144547,10.53278735144547,16.079126788157375,17.817992684915463,5.874906180597441,-23.892267593396134,9.830644800929988,0.09407665505226481,9.109947747272528,11.65593227588621,False,样本不足 / 仅事件观察,0.5487804878048781,0.0,0.0,0.0
NVDA,gateio|futures|NVDA_USDT::gateio|spot|NVDAX_USDT,spot_perp,reference,30,overnight,1144,16,4,1920,0.5958333333333333,-9.771670777243633,-10.224729282276023,10.24202347266967,16.089601747951487,18.60608277952474,5.963453511567257,-32.77236492471247,11.722820423758495,0.062062937062937064,8.356960664840512,11.686442341926618,False,样本不足 / 仅事件观察,0.5174825174825175,0.005244755244755245,0.0,0.0
NVDA,gateio|futures|NVDA_USDT::gateio|spot|NVDAX_USDT,spot_perp,reference,30,weekend,1153,7,4,2592,0.44483024691358025,-12.68290426255083,-12.057132257465852,12.057132257465852,19.67496606560592,22.726655472083742,5.380790916816267,-37.94209313880415,8.6109222750963,0.004336513443191674,10.88042447714238,13.430756790983878,False,样本不足 / 仅事件观察,0.7033824804856895,0.004336513443191674,0.0,0.0
NVDA,gateio|futures|NVDA_USDT::gateio|spot|NVDAX_USDT,spot_perp,reference,30,holiday,199,1,1,288,0.6909722222222222,-6.698278349028138,-6.47892190739463,6.863712410450917,11.195508977976942,12.960624874981061,3.9139074541740726,-18.91496861834763,10.766116876965715,0.035175879396984924,6.863712410450917,6.863712410450917,False,样本不足 / 仅事件观察,0.1457286432160804,0.0,0.0,0.0
NVDA,bitget|futures|NVDAUSDT::bitget|spot|RNVDAUSDT,spot_perp,reference,7,all,0,0,0,2016,0.0,,,,,,,,,,,,False,样本不足 / 仅事件观察,,,,
NVDA,bitget|futures|NVDAUSDT::bitget|spot|RNVDAUSDT,spot_perp,reference,7,regular,0,0,0,390,0.0,,,,,,,,,,,,False,样本不足 / 仅事件观察,,,,
NVDA,bitget|futures|NVDAUSDT::bitget|spot|RNVDAUSDT,spot_perp,reference,7,non_regular,0,0,0,1626,0.0,,,,,,,,,,,,False,样本不足 / 仅事件观察,,,,
NVDA,bitget|futures|NVDAUSDT::bitget|spot|RNVDAUSDT,spot_perp,reference,7,pre_market,0,0,0,330,0.0,,,,,,,,,,,,False,样本不足 / 仅事件观察,,,,
NVDA,bitget|futures|NVDAUSDT::bitget|spot|RNVDAUSDT,spot_perp,reference,7,after_market,0,0,0,240,0.0,,,,,,,,,,,,False,样本不足 / 仅事件观察,,,,
NVDA,bitget|futures|NVDAUSDT::bitget|spot|RNVDAUSDT,spot_perp,reference,7,overnight,0,0,0,480,0.0,,,,,,,,,,,,False,样本不足 / 仅事件观察,,,,
NVDA,bitget|futures|NVDAUSDT::bitget|spot|RNVDAUSDT,spot_perp,reference,7,weekend,0,0,0,576,0.0,,,,,,,,,,,,False,样本不足 / 仅事件观察,,,,
NVDA,bitget|futures|NVDAUSDT::bitget|spot|RNVDAUSDT,spot_perp,reference,7,holiday,0,0,0,0,0,,,,,,,,,,,,False,样本不足 / 仅事件观察,,,,
NVDA,bitget|futures|NVDAUSDT::bitget|spot|RNVDAUSDT,spot_perp,reference,30,all,0,0,0,8640,0.0,,,,,,,,,,,,False,样本不足 / 仅事件观察,,,,
NVDA,bitget|futures|NVDAUSDT::bitget|spot|RNVDAUSDT,spot_perp,reference,30,regular,0,0,0,1560,0.0,,,,,,,,,,,,False,样本不足 / 仅事件观察,,,,
NVDA,bitget|futures|NVDAUSDT::bitget|spot|RNVDAUSDT,spot_perp,reference,30,non_regular,0,0,0,7080,0.0,,,,,,,,,,,,False,样本不足 / 仅事件观察,,,,
NVDA,bitget|futures|NVDAUSDT::bitget|spot|RNVDAUSDT,spot_perp,reference,30,pre_market,0,0,0,1320,0.0,,,,,,,,,,,,False,样本不足 / 仅事件观察,,,,
NVDA,bitget|futures|NVDAUSDT::bitget|spot|RNVDAUSDT,spot_perp,reference,30,after_market,0,0,0,960,0.0,,,,,,,,,,,,False,样本不足 / 仅事件观察,,,,
NVDA,bitget|futures|NVDAUSDT::bitget|spot|RNVDAUSDT,spot_perp,reference,30,overnight,0,0,0,1920,0.0,,,,,,,,,,,,False,样本不足 / 仅事件观察,,,,
NVDA,bitget|futures|NVDAUSDT::bitget|spot|RNVDAUSDT,spot_perp,reference,30,weekend,0,0,0,2592,0.0,,,,,,,,,,,,False,样本不足 / 仅事件观察,,,,
NVDA,bitget|futures|NVDAUSDT::bitget|spot|RNVDAUSDT,spot_perp,reference,30,holiday,0,0,0,288,0.0,,,,,,,,,,,,False,样本不足 / 仅事件观察,,,,
NVDA,binance|futures|NVDAUSDT::binance|spot|NVDABUSDT,spot_perp,reference,7,all,2014,7,2,2016,0.9990079365079365,8.685904981024745,8.439193390781252,8.439193390781252,11.32184852828022,12.031415498220177,1.8143656737928457,4.421452889420419,14.468508387215362,1.0,7.604691417235077,9.084602192672708,True,K线收盘代理；达到描述性样本门槛,0.24081429990069514,0.0,0.0,0.0
NVDA,binance|futures|NVDAUSDT::binance|spot|NVDABUSDT,spot_perp,reference,7,regular,390,5,1,390,1.0,7.8220099251652835,7.662674323410945,7.662674323410945,9.766709231082249,10.12259341328381,1.4384755586559734,4.452756256121404,11.98668146503934,1.0,7.54735276572438,8.029086482150838,True,K线收盘代理；达到描述性样本门槛,0.07948717948717948,0.0,0.0,0.0
NVDA,binance|futures|NVDAUSDT::binance|spot|NVDABUSDT,spot_perp,reference,7,non_regular,1624,7,2,1626,0.998769987699877,8.893367463651092,8.506827865720767,8.506827865720767,11.456072205968454,12.213629987352869,1.8339268271670404,4.421452889420419,14.468508387215362,1.0,7.8711008713377995,9.156769182268597,True,K线收盘代理；达到描述性样本门槛,0.27955665024630544,0.0,0.0,0.0
NVDA,binance|futures|NVDAUSDT::binance|spot|NVDABUSDT,spot_perp,reference,7,pre_market,330,5,1,330,1.0,8.600066262256538,8.398346855826855,8.398346855826855,11.154290611424145,12.025416311064797,1.6989042539421824,4.421452889420419,12.963790791238328,1.0,7.845834780347838,8.398346855826855,True,K线收盘代理；达到描述性样本门槛,0.18787878787878787,0.0,0.0,0.0
NVDA,binance|futures|NVDAUSDT::binance|spot|NVDABUSDT,spot_perp,reference,7,after_market,240,5,1,240,1.0,7.853900425632896,7.917308115241717,7.917308115241717,9.640412636318985,9.774801901895612,1.1501143985267663,4.462492748449343,10.666666666667712,1.0,7.918527249727303,8.323658909213938,True,K线收盘代理；达到描述性样本门槛,0.0375,0.0,0.0,0.0
NVDA,binance|futures|NVDAUSDT::binance|spot|NVDABUSDT,spot_perp,reference,7,overnight,480,5,1,480,1.0,7.675997059410647,7.566653328739958,7.566653328739958,8.955878877331847,9.4003053183217,1.0535764989735856,4.822657722827195,11.634671320535084,1.0,7.442104859396448,7.987586238827893,True,K线收盘代理；达到描述性样本门槛,0.016666666666666666,0.0,0.0,0.0
NVDA,binance|futures|NVDAUSDT::binance|spot|NVDABUSDT,spot_perp,reference,7,weekend,574,2,2,576,0.9965277777777778,10.514620564034342,10.44362765542206,10.44362765542206,12.241011923652678,13.058093771076917,1.4163275987779849,7.124410009795579,14.468508387215362,1.0,10.192611319689293,10.953374746723865,True,K线收盘代理；达到描述性样本门槛,0.6533101045296167,0.0,0.0,0.0
NVDA,binance|futures|NVDAUSDT::binance|spot|NVDABUSDT,spot_perp,reference,7,holiday,0,0,0,0,0,,,,,,,,,,,,False,样本不足 / 仅事件观察,,,,
NVDA,binance|futures|NVDAUSDT::binance|spot|NVDABUSDT,spot_perp,reference,30,all,8605,30,5,8640,0.9959490740740741,5.349256571532988,5.3533190578169965,5.38768913033838,9.782773350731414,10.811297806205822,3.3085529813498997,-7.77427173366152,17.025584391681114,0.9403834979662986,3.2798398419672803,7.579871905144808,True,K线收盘代理；达到描述性样本门槛,0.084253341080767,0.0,0.0,0.0
NVDA,binance|futures|NVDAUSDT::binance|spot|NVDABUSDT,spot_perp,reference,30,regular,1560,20,5,1560,1.0,4.97243064720574,5.3469978861342415,5.350218035280463,8.718548131076753,9.589984624256642,3.067471573770999,-5.866690735141233,17.025584391681114,0.9333333333333333,2.803871480154263,7.542821470728489,True,K线收盘代理；达到描述性样本门槛,0.035256410256410256,0.0,0.0,0.0
NVDA,binance|futures|NVDAUSDT::binance|spot|NVDABUSDT,spot_perp,reference,30,non_regular,7045,30,5,7080,0.9950564971751412,5.432698507934763,5.358338914935867,5.404918475810927,9.909463537678409,10.888106572611633,3.3538771461351113,-7.77427173366152,16.62146793806274,0.94194464158978,3.4783346773950563,7.793376739195779,True,K线收盘代理；达到描述性样本门槛,0.09510290986515259,0.0,0.0,0.0
NVDA,binance|futures|NVDAUSDT::binance|spot|NVDABUSDT,spot_perp,reference,30,pre_market,1319,20,5,1320,0.9992424242424243,5.442085291288893,5.788067675867037,5.824111822947398,9.256484050219171,10.167334692042111,3.1510544232198634,-6.169847075933044,12.963790791238328,0.9454131918119788,3.4993702780922176,7.5278568017789205,True,K线收盘代理；达到描述性样本门槛,0.053828658074298714,0.0,0.0,0.0
NVDA,binance|futures|NVDAUSDT::binance|spot|NVDABUSDT,spot_perp,reference,30,after_market,956,20,5,960,0.9958333333333333,5.569299971953569,5.467468573405743,5.467468573405743,8.642270845364841,9.33354075917936,2.393831538875572,-4.132231404958553,16.62146793806274,0.9884937238493724,4.293621686073667,7.7155713053816966,True,K线收盘代理；达到描述性样本门槛,0.01882845188284519,0.0,0.0,0.0
NVDA,binance|futures|NVDAUSDT::binance|spot|NVDABUSDT,spot_perp,reference,30,overnight,1907,20,5,1920,0.9932291666666667,5.617435013558923,6.047355444944724,6.047355444944724,8.542474117634313,9.120189598201817,2.516020773577914,-3.6725887159716475,11.749819233550785,0.9732564237021499,3.9051718427712823,7.203238979901217,True,K线收盘代理；达到描述性样本门槛,0.012060828526481384,0.0,0.0,0.0
NVDA,binance|futures|NVDAUSDT::binance|spot|NVDABUSDT,spot_perp,reference,30,weekend,2580,9,5,2592,0.9953703703703703,5.167449260437947,3.9013394672127166,4.103499375207598,11.212128986233468,11.787106718650353,4.274783842409256,-7.77427173366152,14.513788098695635,0.8934108527131783,2.7347310904579647,9.812229606172007,True,K线收盘代理；达到描述性样本门槛,0.21511627906976744,0.0,0.0,0.0
NVDA,binance|futures|NVDAUSDT::binance|spot|NVDABUSDT,spot_perp,reference,30,holiday,283,1,1,288,0.9826388888888888,6.100819976028163,6.030583674347945,6.030583674347945,8.605777921844915,9.415793959899545,1.936780777489899,0.8618832148243882,11.618400103274862,1.0,6.030583674347945,6.030583674347945,False,样本不足 / 仅事件观察,0.01060070671378092,0.0,0.0,0.0
NVDA,bybit|futures|NVDAUSDT::bybit|spot|NVDAXUSDT,spot_perp,reference,7,all,1846,7,2,2016,0.9156746031746031,-10.403437871656626,-10.59602651071967,10.59602651071967,14.421816963409718,15.557629998419475,3.4761787680880145,-27.09064262557126,7.596407346173173,0.009209100758396533,9.756699862959184,11.458457758561636,True,K线收盘代理；达到描述性样本门槛,0.5698808234019501,0.0,0.0,0.0
NVDA,bybit|futures|NVDAUSDT::bybit|spot|NVDAXUSDT,spot_perp,reference,7,regular,373,5,1,390,0.9564102564102565,-9.573685057063564,-9.749180182575534,9.749180182575534,14.184196576660701,16.368898643479344,4.476482941021951,-22.697939383149457,7.596407346173173,0.029490616621983913,9.360791655522727,10.218610911896796,True,K线收盘代理；达到描述性样本门槛,0.4745308310991957,0.0,0.0,0.0
NVDA,bybit|futures|NVDAUSDT::bybit|spot|NVDAXUSDT,spot_perp,reference,7,non_regular,1473,7,2,1626,0.9059040590405905,-10.613551788726017,-10.669511869831894,10.669511869831894,14.444643259878596,15.401481636025725,3.138615194972919,-27.09064262557126,1.7928376137321678,0.004073319755600814,9.95730433419495,11.448238058005822,True,K线收盘代理；达到描述性样本门槛,0.5940257976917854,0.0,0.0,0.0
NVDA,bybit|futures|NVDAUSDT::bybit|spot|NVDAXUSDT,spot_perp,reference,7,pre_market,324,5,1,330,0.9818181818181818,-10.159703600754225,-9.830475221930811,9.830475221930811,14.703195319065053,16.085831277337867,3.601399685559206,-23.224653863331834,1.321585903084621,0.006172839506172839,10.096132742196673,11.143394421094243,True,K线收盘代理；达到描述性样本门槛,0.49074074074074076,0.0,0.0,0.0
NVDA,bybit|futures|NVDAUSDT::bybit|spot|NVDAXUSDT,spot_perp,reference,7,after_market,192,5,1,240,0.8,-9.732468706694167,-9.747020513047877,9.747020513047877,12.324052285828557,13.675287724978112,2.4945000051481996,-20.344080314891322,-2.639567110993557,0.0,8.917027063176652,10.195939676913014,True,K线收盘代理；达到描述性样本门槛,0.4739583333333333,0.0,0.0,0.0
NVDA,bybit|futures|NVDAUSDT::bybit|spot|NVDAXUSDT,spot_perp,reference,7,overnight,456,5,1,480,0.95,-10.108641266910183,-10.201818665337981,10.201818665337981,13.361081438221788,14.304233244754327,2.7662369599895857,-27.09064262557126,-2.194233554220215,0.0,9.779081655332256,10.93230723772265,True,K线收盘代理；达到描述性样本门槛,0.5328947368421053,0.0,0.0,0.0
NVDA,bybit|futures|NVDAUSDT::bybit|spot|NVDAXUSDT,spot_perp,reference,7,weekend,501,2,2,576,0.8697916666666666,-11.704278260983493,-12.18191662154755,12.18191662154755,15.111111111111297,15.831373258550219,3.061557231464817,-18.566317982159354,1.7928376137321678,0.007984031936127744,12.050368344217327,12.139899696729934,True,K线收盘代理；达到描述性样本门槛,0.7624750499001997,0.0,0.0,0.0
NVDA,bybit|futures|NVDAUSDT::bybit|spot|NVDAXUSDT,spot_perp,reference,7,holiday,0,0,0,0,0,,,,,,,,,,,,False,样本不足 / 仅事件观察,,,,
NVDA,bybit|futures|NVDAUSDT::bybit|spot|NVDAXUSDT,spot_perp,reference,30,all,8239,30,5,8640,0.953587962962963,-7.912179225692638,-8.353055826256783,8.373363888766194,14.374140994740214,16.462736431698154,5.662320720799915,-40.465116279070344,13.748224187708491,0.07318849374924141,3.8554637135304604,10.522824015999493,True,K线收盘代理；达到描述性样本门槛,0.3811142128899138,0.0006068697657482705,0.0,0.0
NVDA,bybit|futures|NVDAUSDT::bybit|spot|NVDAXUSDT,spot_perp,reference,30,regular,1528,20,5,1560,0.9794871794871794,-7.378724825673035,-7.975203236063044,8.007266547298553,13.652314163179913,15.46955929453485,5.471190684007836,-40.465116279070344,13.748224187708491,0.08180628272251309,4.799272550962963,9.919876586439447,True,K线收盘代理；达到描述性样本门槛,0.3390052356020942,0.0013089005235602095,0.0,0.0
NVDA,bybit|futures|NVDAUSDT::bybit|spot|NVDAXUSDT,spot_perp,reference,30,non_regular,6711,30,5,7080,0.9478813559322034,-8.033639264916292,-8.445945945946276,8.445945945946276,14.480948502126889,16.671343917689097,5.697967518746891,-33.868423494478606,8.292255954300831,0.07122634480703323,3.590264328223874,10.593785312124766,True,K线收盘代理；达到描述性样本门槛,0.39070183281180154,0.0004470272686633885,0.0,0.0
NVDA,bybit|futures|NVDAUSDT::bybit|spot|NVDAXUSDT,spot_perp,reference,30,pre_market,1300,20,5,1320,0.9848484848484849,-8.146666991801776,-8.348174493822969,8.348174493822969,14.333386173115526,16.066875557213645,4.972121983885183,-32.83456072048385,8.292255954300831,0.04461538461538461,6.449044663496134,10.663990793125661,True,K线收盘代理；达到描述性样本门槛,0.3546153846153846,0.0007692307692307692,0.0,0.0
NVDA,bybit|futures|NVDAUSDT::bybit|spot|NVDAXUSDT,spot_perp,reference,30,after_market,845,20,5,960,0.8802083333333334,-6.599678530751225,-7.485689123734041,7.485689123734041,12.295513904046151,13.644993715488996,4.9109169997535,-20.344080314891322,6.117009656136929,0.11834319526627218,3.3352813629444755,9.77072671019999,True,K线收盘代理；达到描述性样本门槛,0.2923076923076923,0.0,0.0,0.0
NVDA,bybit|futures|NVDAUSDT::bybit|spot|NVDAXUSDT,spot_perp,reference,30,overnight,1833,20,5,1920,0.9546875,-7.24706346859121,-7.987929351203071,7.987929351203071,13.316998525317647,14.61681204565912,5.272808802041499,-27.09064262557126,6.775679826542813,0.0894708128750682,3.173768352384143,9.825065111994796,True,K线收盘代理；达到描述性样本门槛,0.3453355155482815,0.0,0.0,0.0
NVDA,bybit|futures|NVDAUSDT::bybit|spot|NVDAXUSDT,spot_perp,reference,30,weekend,2448,9,5,2592,0.9444444444444444,-9.797217912684387,-10.337310956028967,10.337310956028967,16.92698686046246,21.311391907159084,6.102069384494975,-33.868423494478606,8.22481151473653,0.042075163398692814,6.638308284029337,12.139741918080205,True,K线收盘代理；达到描述性样本门槛,0.5232843137254902,0.0008169934640522876,0.0,0.0
NVDA,bybit|futures|NVDAUSDT::bybit|spot|NVDAXUSDT,spot_perp,reference,30,holiday,285,1,1,288,0.9895833333333334,-1.6803539327967794,-1.7212444597436427,1.7232465965877353,4.303481707811363,5.164933558299056,2.09230707562807,-9.06461777528289,4.315553253926296,0.18596491228070175,1.7232465965877353,1.7232465965877353,False,样本不足 / 仅事件观察,0.0,0.0,0.0,0.0
TSLA,binance|futures|TSLAUSDT::bitget|futures|TSLAUSDT,perp_perp,comparable,7,all,1962,7,2,2016,0.9732142857142857,-1.757974341698947,-0.262388042306938,2.3744822326099424,8.642974530518655,9.686815353907972,4.5746314389382645,-15.41879001698665,8.927164837473356,0.47196738022426094,1.4579637027434256,4.950828042127875,True,K线收盘代理；达到描述性样本门槛,0.0417940876656473,0.0,0.0,0.0
TSLA,binance|futures|TSLAUSDT::bitget|futures|TSLAUSDT,perp_perp,comparable,7,regular,390,5,1,390,1.0,-0.7507711548313164,0.5278785953721776,1.8515826778098265,8.855494431772026,10.342912203652343,4.382540389742355,-13.141309303510429,7.683747549147579,0.5871794871794872,1.0510549993558715,2.241240382540033,True,K线收盘代理；达到描述性样本门槛,0.05641025641025641,0.0,0.0,0.0
TSLA,binance|futures|TSLAUSDT::bitget|futures|TSLAUSDT,perp_perp,comparable,7,non_regular,1572,7,2,1626,0.966789667896679,-2.007852994929466,-0.5280600967233484,2.3941901410506894,8.59681219513664,9.657762919162316,4.586937915971721,-15.41879001698665,8.927164837473356,0.44338422391857507,1.4587710219038375,4.954871896459823,True,K线收盘代理；达到描述性样本门槛,0.03816793893129771,0.0,0.0,0.0
TSLA,binance|futures|TSLAUSDT::bitget|futures|TSLAUSDT,perp_perp,comparable,7,pre_market,330,5,1,330,1.0,-1.2867347252724968,0.531123966334146,1.6211177609914973,10.988436588910355,12.552832222765653,5.143691118727416,-15.41879001698665,6.646108039132237,0.5545454545454546,1.0800014272094316,2.1247212262709425,True,K线收盘代理；达到描述性样本门槛,0.12727272727272726,0.0,0.0,0.0
TSLA,binance|futures|TSLAUSDT::bitget|futures|TSLAUSDT,perp_perp,comparable,7,after_market,238,5,1,240,0.9916666666666667,-0.11132685871043033,1.3331378123782045,2.1251688221224363,7.774633536468567,9.119303292756841,4.240396333608083,-13.406982356410913,4.5332124476682445,0.7689075630252101,1.3332266751997501,2.3834431366220876,True,K线收盘代理；达到描述性样本门槛,0.025210084033613446,0.0,0.0,0.0
TSLA,binance|futures|TSLAUSDT::bitget|futures|TSLAUSDT,perp_perp,comparable,7,overnight,471,5,1,480,0.98125,-0.4890497725937369,1.0534632604697336,2.1243826013073175,7.880841673890693,8.872518061939783,4.087415389300164,-10.770766563338308,8.927164837473356,0.6114649681528662,1.579695645306245,2.8990855428051576,True,K线收盘代理；达到描述性样本门槛,0.008492569002123142,0.0,0.0,0.0
TSLA,binance|futures|TSLAUSDT::bitget|futures|TSLAUSDT,perp_perp,comparable,7,weekend,533,2,2,576,0.9253472222222222,-4.643309968901434,-5.639400612277301,5.639703512730909,8.595403608912644,9.127615489505247,3.4595715979777655,-11.547344110854896,6.56958283149045,0.08067542213883677,3.215962633638103,6.085999918412632,True,K线收盘代理；达到描述性样本门槛,0.0150093808630394,0.0,0.0,0.0
TSLA,binance|futures|TSLAUSDT::bitget|futures|TSLAUSDT,perp_perp,comparable,7,holiday,0,0,0,0,0,,,,,,,,,,,,False,样本不足 / 仅事件观察,,,,
TSLA,binance|futures|TSLAUSDT::bitget|futures|TSLAUSDT,perp_perp,comparable,30,all,8323,30,5,8640,0.9633101851851852,-0.05837847074231782,0.2817060116067083,1.580236508731403,4.904205097502779,7.251203164482578,3.06441336169943,-15.41879001698665,9.49255512462388,0.5406704313348553,1.1214590277883185,1.8675386278255157,True,K线收盘代理；达到描述性样本门槛,0.009852216748768473,0.0,0.0,0.0
TSLA,binance|futures|TSLAUSDT::bitget|futures|TSLAUSDT,perp_perp,comparable,30,regular,1560,20,5,1560,1.0,0.2497781843062195,0.5427261808088613,1.6685206416461318,5.14863293650647,6.939098343492766,3.1647592883050284,-13.141309303510429,9.49255512462388,0.5551282051282052,1.103970011955696,2.2710400701531075,True,K线收盘代理；达到描述性样本门槛,0.014102564102564103,0.0,0.0,0.0
TSLA,binance|futures|TSLAUSDT::bitget|futures|TSLAUSDT,perp_perp,comparable,30,non_regular,6763,30,5,7080,0.955225988700565,-0.1294599999269575,0.2809225496536172,1.4196882364636565,4.79803243359367,7.256484475625546,3.0363611445242675,-15.41879001698665,8.927164837473356,0.5373355019961555,1.065558950029688,1.7603364435442304,True,K线收盘代理；达到描述性样本门槛,0.008871802454532013,0.0,0.0,0.0
TSLA,binance|futures|TSLAUSDT::bitget|futures|TSLAUSDT,perp_perp,comparable,30,pre_market,1319,20,5,1320,0.9992424242424243,0.1837992708099769,0.7927070947300052,1.437814521927372,4.426051897201688,7.5886484240952266,3.2677090969917617,-15.41879001698665,7.764190444501384,0.6004548900682335,1.0203535890981885,2.1553309507560403,True,K线收盘代理；达到描述性样本门槛,0.03184230477634572,0.0,0.0,0.0
TSLA,binance|futures|TSLAUSDT::bitget|futures|TSLAUSDT,perp_perp,comparable,30,after_market,939,20,5,960,0.978125,0.2872713949094963,0.5553087516663169,1.4352144210350026,4.2611903536031726,6.165442963859569,2.8306335026223963,-13.406982356410913,8.2593983960777,0.5899893503727369,0.8400994238882964,2.189662988113794,True,K线收盘代理；达到描述性样本门槛,0.006389776357827476,0.0,0.0,0.0
TSLA,binance|futures|TSLAUSDT::bitget|futures|TSLAUSDT,perp_perp,comparable,30,overnight,1886,20,5,1920,0.9822916666666667,0.3675937660383192,0.8141554877905133,1.6450751458990664,4.520923398604326,6.447773697261516,2.8615729799075416,-10.770766563338308,8.927164837473356,0.5996818663838812,1.0300144472134842,2.4527786291755893,True,K线收盘代理；达到描述性样本门槛,0.0021208907741251328,0.0,0.0,0.0
TSLA,binance|futures|TSLAUSDT::bitget|futures|TSLAUSDT,perp_perp,comparable,30,weekend,2345,9,5,2592,0.9047067901234568,-0.8366369523546471,0.0,1.4021312394840724,6.443783370037259,7.789249833767719,3.0989192210183587,-11.547344110854896,8.558570994727788,0.4511727078891258,1.1237849111167542,1.6415868673047562,True,K线收盘代理；达到描述性样本门槛,0.003411513859275053,0.0,0.0,0.0
TSLA,binance|futures|TSLAUSDT::bitget|futures|TSLAUSDT,perp_perp,comparable,30,holiday,274,1,1,288,0.9513888888888888,-0.4346176897847185,-0.5610963877422659,1.124432513187612,3.08869035754733,3.654123202535553,1.733468754720574,-7.587040211312068,5.92149785698215,0.3613138686131387,1.124432513187612,1.124432513187612,False,样本不足 / 仅事件观察,0.0,0.0,0.0,0.0
TSLA,binance|futures|TSLAUSDT::bybit|futures|TSLAUSDT,perp_perp,comparable,7,all,1996,7,2,2016,0.9900793650793651,-0.9725311137484316,-1.056719559126007,1.579321422607305,3.4215028388007163,4.006036894893539,1.9096421845791551,-9.043034203948253,7.187541594571023,0.27655310621242485,1.1873643696674874,1.62353183891073,True,K线收盘代理；达到描述性样本门槛,0.0,0.0,0.0,0.0
TSLA,binance|futures|TSLAUSDT::bybit|futures|TSLAUSDT,perp_perp,comparable,7,regular,390,5,1,390,1.0,-0.6983621187756625,-0.5358380515635419,1.6052011635470098,3.978682086815955,4.779845385069257,2.3383867562100997,-9.043034203948253,5.574136008918984,0.37435897435897436,1.3175249924113341,1.6078247820278113,True,K线收盘代理；达到描述性样本门槛,0.0,0.0,0.0,0.0
TSLA,binance|futures|TSLAUSDT::bybit|futures|TSLAUSDT,perp_perp,comparable,7,non_regular,1606,7,2,1626,0.9876998769987699,-1.0391101349435623,-1.0742148163023213,1.374816120682798,3.2945377930992947,3.8076257079561193,1.783748466735119,-8.105698305909126,7.187541594571023,0.25280199252801994,1.186542984170924,1.6237911613636857,True,K线收盘代理；达到描述性样本门槛,0.0,0.0,0.0,0.0
TSLA,binance|futures|TSLAUSDT::bybit|futures|TSLAUSDT,perp_perp,comparable,7,pre_market,330,5,1,330,1.0,-1.219663893037831,-1.3086093464559356,1.5860009087065308,3.67194036618268,4.392215364667663,1.9815813577758223,-8.105698305909126,4.521156352224054,0.22424242424242424,1.060965748733711,2.0954476630041796,True,K线收盘代理；达到描述性样本门槛,0.0,0.0,0.0,0.0
TSLA,binance|futures|TSLAUSDT::bybit|futures|TSLAUSDT,perp_perp,comparable,7,after_market,240,5,1,240,1.0,-0.9121180728036646,-1.0537839343810473,1.5776811047690797,3.2402934725700425,3.9957378795940635,1.8725378554388414,-5.320988639688773,3.4404276716237803,0.3375,1.1901579177275856,1.9730372017889852,True,K线收盘代理；达到描述性样本门槛,0.0,0.0,0.0,0.0
TSLA,binance|futures|TSLAUSDT::bybit|futures|TSLAUSDT,perp_perp,comparable,7,overnight,478,5,1,480,0.9958333333333333,-0.6020905109006481,-0.5434490867389785,1.3187392852426205,3.1613056192199007,3.44549015910911,1.8297959139279587,-6.577389565629588,7.187541594571023,0.3389121338912134,1.0634338278303623,1.3452432199745346,True,K线收盘代理；达到描述性样本门槛,0.0,0.0,0.0,0.0
TSLA,binance|futures|TSLAUSDT::bybit|futures|TSLAUSDT,perp_perp,comparable,7,weekend,558,2,2,576,0.96875,-1.3613157532858198,-1.3540889012997326,1.6108247422685906,3.2262921319570204,3.5769610702873766,1.4715357390100365,-5.225091439100549,3.81512971441067,0.15949820788530467,1.6168108677985793,1.6302528100228808,True,K线收盘代理；达到描述性样本门槛,0.0,0.0,0.0,0.0
TSLA,binance|futures|TSLAUSDT::bybit|futures|TSLAUSDT,perp_perp,comparable,7,holiday,0,0,0,0,0,,,,,,,,,,,,False,样本不足 / 仅事件观察,,,,
TSLA,binance|futures|TSLAUSDT::bybit|futures|TSLAUSDT,perp_perp,comparable,30,all,8585,30,5,8640,0.9936342592592593,-0.32542716954662754,-0.2814126917138893,1.6507098052165325,3.6659793524860276,4.296418003610238,2.281342316424792,-9.043034203948253,9.801377958431612,0.4201514269073966,1.376485296793184,1.9728809868939379,True,K线收盘代理；达到描述性样本门槛,0.0,0.0,0.0,0.0
TSLA,binance|futures|TSLAUSDT::bybit|futures|TSLAUSDT,perp_perp,comparable,30,regular,1560,20,5,1560,1.0,0.04599940569401071,0.266939464519389,1.701958671113113,4.240123553435951,5.102796982779988,2.620520390004005,-9.043034203948253,9.641560798550053,0.5083333333333333,1.3169829424530821,2.364823082518508,True,K线收盘代理；达到描述性样本门槛,0.0,0.0,0.0,0.0
TSLA,binance|futures|TSLAUSDT::bybit|futures|TSLAUSDT,perp_perp,comparable,30,non_regular,7025,30,5,7080,0.992231638418079,-0.40790766169970877,-0.5404382954565801,1.6449623029468619,3.5721940474071623,4.127115159008099,2.190406268119404,-8.105698305909126,9.801377958431612,0.4005693950177936,1.3685363962739894,2.032470452276447,True,K线收盘代理；达到描述性样本门槛,0.0,0.0,0.0,0.0
TSLA,binance|futures|TSLAUSDT::bybit|futures|TSLAUSDT,perp_perp,comparable,30,pre_market,1320,20,5,1320,1.0,-0.23528470078968444,-0.2702562808709619,1.651686787944584,3.804709918790786,4.353578322467521,2.321118444969148,-8.105698305909126,7.7474336625993345,0.4393939393939394,1.106361609603812,2.2217869331234152,True,K线收盘代理；达到描述性样本门槛,0.0,0.0,0.0,0.0
TSLA,binance|futures|TSLAUSDT::bybit|futures|TSLAUSDT,perp_perp,comparable,30,after_market,957,20,5,960,0.996875,-0.22816705889726546,-0.2629433882883614,1.6721475948955344,3.9773119626831384,4.521384830744379,2.384958140600674,-6.218026624460471,9.022875643545092,0.4566353187042842,1.0857798196996227,2.2284541923930923,True,K线收盘代理；达到描述性样本门槛,0.0,0.0,0.0,0.0
TSLA,binance|futures|TSLAUSDT::bybit|futures|TSLAUSDT,perp_perp,comparable,30,overnight,1913,20,5,1920,0.9963541666666667,-0.3950001851178727,-0.525817646441773,1.6447819293297083,3.5491783623373685,4.046126145315075,2.198069162071432,-7.614075161800349,7.383302797450142,0.40930475692629376,1.1616850146464741,1.974826192690099,True,K线收盘代理；达到描述性样本门槛,0.0,0.0,0.0,0.0
TSLA,binance|futures|TSLAUSDT::bybit|futures|TSLAUSDT,perp_perp,comparable,30,weekend,2548,9,5,2592,0.9830246913580247,-0.4275059528799507,-0.5604281688798007,1.636304232972563,3.363992791001636,3.853803637185405,2.0609528726103634,-5.899539274075716,9.801377958431612,0.3877551020408163,1.4015809877543361,1.6537812208727853,True,K线收盘代理；达到描述性样本门槛,0.0,0.0,0.0,0.0
TSLA,binance|futures|TSLAUSDT::bybit|futures|TSLAUSDT,perp_perp,comparable,30,holiday,287,1,1,288,0.9965277777777778,-1.7132373552779878,-1.6907599966187181,1.6915226523073201,3.2079807093454793,3.6625295729775242,1.3513534865501158,-5.362232946688472,2.540220152411621,0.09059233449477352,1.6915226523073201,1.6915226523073201,False,样本不足 / 仅事件观察,0.0,0.0,0.0,0.0
TSLA,binance|futures|TSLAUSDT::gateio|futures|TSLA_USDT,perp_perp,comparable,7,all,2006,7,2,2016,0.9950396825396826,-1.6150124179606526,-1.3760457989725472,1.8438035045065249,4.57530544878626,5.374321491911083,2.3133764282863276,-11.091158762015496,7.176651958960001,0.21984047856430708,1.447950635486417,2.565239033714972,True,K线收盘代理；达到描述性样本门槛,0.0009970089730807576,0.0,0.0,0.0
TSLA,binance|futures|TSLAUSDT::gateio|futures|TSLA_USDT,perp_perp,comparable,7,regular,390,5,1,390,1.0,-2.677312802936121,-2.666509210433321,2.8946990671807615,5.822849032549371,6.823998450444617,2.696598724429657,-11.091158762015496,7.176651958960001,0.13076923076923078,1.843609292156434,4.422013814663339,True,K线收盘代理；达到描述性样本门槛,0.005128205128205128,0.0,0.0,0.0
TSLA,binance|futures|TSLAUSDT::gateio|futures|TSLA_USDT,perp_perp,comparable,7,non_regular,1616,7,2,1626,0.993849938499385,-1.358640419111375,-1.31811357456324,1.6109112434359307,4.200964697250731,4.931068287655771,2.133140729494638,-9.135364608523489,6.065560800654346,0.24133663366336633,1.0679741000502174,2.169917991864112,True,K线收盘代理；达到描述性样本门槛,0.0,0.0,0.0,0.0
TSLA,binance|futures|TSLAUSDT::gateio|futures|TSLA_USDT,perp_perp,comparable,7,pre_market,330,5,1,330,1.0,-0.7040444459643106,-0.7854432263532107,1.328815366971603,3.4112011954297037,4.3942324195133144,2.008658111551496,-8.154675785874144,5.852309001914691,0.34545454545454546,1.1894887680219401,1.572471388716079,True,K线收盘代理；达到描述性样本门槛,0.0,0.0,0.0,0.0
TSLA,binance|futures|TSLAUSDT::gateio|futures|TSLA_USDT,perp_perp,comparable,7,after_market,238,5,1,240,0.9916666666666667,-1.149816275520304,-1.0566918558357896,1.3166733777736361,3.7575217897488633,4.294270255070842,1.8949750989054723,-6.170189934542325,6.065560800654346,0.24369747899159663,0.7997760662553643,1.3148727142914263,True,K线收盘代理；达到描述性样本门槛,0.0,0.0,0.0,0.0
TSLA,binance|futures|TSLAUSDT::gateio|futures|TSLA_USDT,perp_perp,comparable,7,overnight,478,5,1,480,0.9958333333333333,-0.6578599671781101,-0.5298663356356759,1.0851873297756942,3.4953095639664866,4.558066781760073,2.0827880064268713,-9.135364608523489,5.310674455656361,0.3514644351464435,0.8157716225609679,1.5803197524594248,True,K线收盘代理；达到描述性样本门槛,0.0,0.0,0.0,0.0
TSLA,binance|futures|TSLAUSDT::gateio|futures|TSLA_USDT,perp_perp,comparable,7,weekend,570,2,2,576,0.9895833333333334,-2.4124823021592814,-2.47001764167476,2.4746350212734303,4.651622766550623,5.30549850595085,1.907533049150505,-9.1319295229908,4.386806678913224,0.08771929824561403,2.250722362757418,2.8988146716693586,True,K线收盘代理；达到描述性样本门槛,0.0,0.0,0.0,0.0
TSLA,binance|futures|TSLAUSDT::gateio|futures|TSLA_USDT,perp_perp,comparable,7,holiday,0,0,0,0,0,,,,,,,,,,,,False,样本不足 / 仅事件观察,,,,
TSLA,binance|futures|TSLAUSDT::gateio|futures|TSLA_USDT,perp_perp,comparable,30,all,6628,24,4,8640,0.7671296296296296,-2.633244033423946,-1.9142419616152706,2.4297400249018164,7.0445148517145375,12.114854886181508,5.20146322032087,-71.31842713955395,33.95680249387745,0.22706698853349427,1.7914187658861491,3.2085666008777047,True,K线收盘代理；达到描述性样本门槛,0.06547978273989137,0.003168376584188292,0.00015087507543753772,0.0
TSLA,binance|futures|TSLAUSDT::gateio|futures|TSLA_USDT,perp_perp,comparable,30,regular,1212,16,4,1560,0.7769230769230769,-3.159664100744908,-1.9541359479580134,2.665531313458258,8.699775858526774,19.245852623640815,7.008819379263031,-71.31842713955395,31.348788198102273,0.23102310231023102,1.7973013970341845,3.4609063740198565,True,K线收盘代理；达到描述性样本门槛,0.08498349834983498,0.009075907590759076,0.0008250825082508251,0.0
TSLA,binance|futures|TSLAUSDT::gateio|futures|TSLA_USDT,perp_perp,comparable,30,non_regular,5416,24,4,7080,0.7649717514124293,-2.5154410198358725,-1.910193671865179,2.3719479823236522,6.809206066780704,11.259786981835662,4.694768024546857,-41.10940583205491,33.95680249387745,0.22618168389955687,1.6799727932445552,3.23635891414209,True,K线收盘代理；达到描述性样本门槛,0.061115214180206795,0.001846381093057607,0.0,0.0
TSLA,binance|futures|TSLAUSDT::gateio|futures|TSLA_USDT,perp_perp,comparable,30,pre_market,996,16,4,1320,0.7545454545454545,-2.731104707781503,-2.1046792973500317,2.4606345195316015,7.267441860464574,11.608010626365795,5.332884257063175,-41.10940583205491,33.95680249387745,0.23393574297188754,1.284227331582316,4.437661857321501,True,K线收盘代理；达到描述性样本门槛,0.060240963855421686,0.008032128514056224,0.0,0.0
TSLA,binance|futures|TSLAUSDT::gateio|futures|TSLA_USDT,perp_perp,comparable,30,after_market,736,16,4,960,0.7666666666666667,-2.738657072104256,-1.9460391338105287,2.2222223936901875,6.126457497684923,15.005168982888673,4.816704375757723,-28.774542992553442,30.584292970932125,0.16847826086956522,1.292837068938707,3.5666969985533035,True,K线收盘代理；达到描述性样本门槛,0.07472826086956522,0.001358695652173913,0.0,0.0
TSLA,binance|futures|TSLAUSDT::gateio|futures|TSLA_USDT,perp_perp,comparable,30,overnight,1424,16,4,1920,0.7416666666666667,-2.1873247697983027,-1.6351893326699285,2.190340796636714,6.641098591434358,8.724663458027914,4.171166778171827,-39.17754181189337,20.04972331381749,0.24508426966292135,1.6263037976506356,3.891728166120351,True,K线收盘代理；达到描述性样本门槛,0.04143258426966292,0.0007022471910112359,0.0,0.0
TSLA,binance|futures|TSLAUSDT::gateio|futures|TSLA_USDT,perp_perp,comparable,30,weekend,1972,7,4,2592,0.7608024691358025,-3.02327542306664,-2.1894114592413416,2.463526128907989,8.103549770507103,12.607065577809047,4.6628834970547,-26.377820181838764,10.416666666666075,0.17697768762677485,2.0624807861477357,2.913830263597539,True,K线收盘代理；达到描述性样本门槛,0.07910750507099391,0.0,0.0,0.0
TSLA,binance|futures|TSLAUSDT::gateio|futures|TSLA_USDT,perp_perp,comparable,30,holiday,288,1,1,288,1.0,0.6557393648202089,0.8427440169422873,2.2525376462928515,5.05916411366325,5.8038972743783495,3.0497705031938183,-11.57309396787709,7.0335358991679975,0.5902777777777778,2.2525376462928515,2.2525376462928515,False,样本不足 / 仅事件观察,0.003472222222222222,0.0,0.0,0.0
TSLA,binance|futures|TSLAUSDT::okx|futures|TSLA-USDT-SWAP,perp_perp,comparable,7,all,1998,7,2,2016,0.9910714285714286,-0.0866184958446535,0.0,1.0683332713262716,2.4515778992038046,2.9522633887561485,1.5671527659660767,-5.101766822405152,6.112794344337313,0.44794794794794796,1.0544631191375387,1.0933638530097323,True,K线收盘代理；达到描述性样本门槛,0.0,0.0,0.0,0.0
TSLA,binance|futures|TSLAUSDT::okx|futures|TSLA-USDT-SWAP,perp_perp,comparable,7,regular,390,5,1,390,1.0,0.034228915593778254,0.2622789670703174,1.304133167205901,2.9452837336102493,3.7102690989066485,1.87611302136988,-4.735845085245272,6.112794344337313,0.5051282051282051,1.0698489985189186,1.3148206620994252,True,K线收盘代理；达到描述性样本门槛,0.0,0.0,0.0,0.0
TSLA,binance|futures|TSLAUSDT::okx|futures|TSLA-USDT-SWAP,perp_perp,comparable,7,non_regular,1608,7,2,1626,0.988929889298893,-0.1159285023502433,0.0,1.0617824675029919,2.380436002665909,2.8365979217076887,1.481063015051206,-5.101766822405152,4.835330145598338,0.43407960199004975,0.9296346562567837,1.093408131828122,True,K线收盘代理；达到描述性样本门槛,0.0,0.0,0.0,0.0
TSLA,binance|futures|TSLAUSDT::okx|futures|TSLA-USDT-SWAP,perp_perp,comparable,7,pre_market,330,5,1,330,1.0,-0.3789610431884638,-0.27059571651888437,1.0805409764580443,2.6553021807761423,3.061540506395734,1.598256666332404,-4.866574742476981,3.9995733788389387,0.3575757575757576,1.0583691133064788,1.3520273771427949,True,K线收盘代理；达到描述性样本门槛,0.0,0.0,0.0,0.0
TSLA,binance|futures|TSLAUSDT::okx|futures|TSLA-USDT-SWAP,perp_perp,comparable,7,after_market,240,5,1,240,1.0,-0.34809684618237097,-0.5272246153670279,1.057907217474341,2.3969640333834086,2.630492141887264,1.4220471753263775,-4.486790361317716,4.532487269044427,0.35,1.0576554513558323,1.1837400914604945,True,K线收盘代理；达到描述性样本门槛,0.0,0.0,0.0,0.0
TSLA,binance|futures|TSLAUSDT::okx|futures|TSLA-USDT-SWAP,perp_perp,comparable,7,overnight,479,5,1,480,0.9979166666666667,0.134281502551567,0.2636366033059723,1.0553254359813025,2.3776186894362006,2.8973063041856095,1.4755644650608666,-4.210637122030736,4.7591348950337675,0.5302713987473904,1.0533800514439529,1.0752977230576999,True,K线收盘代理；达到描述性样本门槛,0.0,0.0,0.0,0.0
TSLA,binance|futures|TSLAUSDT::okx|futures|TSLA-USDT-SWAP,perp_perp,comparable,7,weekend,559,2,2,576,0.9704861111111112,-0.07537295915103707,0.0,1.074431222969352,2.1828699867607604,2.6891764748374634,1.3959658939366597,-5.101766822405152,4.835330145598338,0.4329159212880143,0.8798575179799761,1.026712684582265,True,K线收盘代理；达到描述性样本门槛,0.0,0.0,0.0,0.0
TSLA,binance|futures|TSLAUSDT::okx|futures|TSLA-USDT-SWAP,perp_perp,comparable,7,holiday,0,0,0,0,0,,,,,,,,,,,,False,样本不足 / 仅事件观察,,,,
TSLA,binance|futures|TSLAUSDT::okx|futures|TSLA-USDT-SWAP,perp_perp,comparable,30,all,8564,30,5,8640,0.9912037037037037,0.3352130745790043,0.2795365289276486,1.1198992198241386,2.751447960419262,3.287617194887904,1.6672374239597159,-5.751848808546178,8.417508417508657,0.5397010742643624,0.9054942623058782,1.3662216933718607,True,K线收盘代理；达到描述性样本门槛,0.0,0.0,0.0,0.0
TSLA,binance|futures|TSLAUSDT::okx|futures|TSLA-USDT-SWAP,perp_perp,comparable,30,regular,1560,20,5,1560,1.0,0.5465736785927016,0.5515267522238076,1.3179225939624617,3.0441361672306537,3.6828958689736337,1.8093585095928153,-5.751848808546178,8.417508417508657,0.5858974358974359,1.0905115557598155,1.3775582104305628,True,K线收盘代理；达到描述性样本门槛,0.0,0.0,0.0,0.0
TSLA,binance|futures|TSLAUSDT::okx|futures|TSLA-USDT-SWAP,perp_perp,comparable,30,non_regular,7004,30,5,7080,0.9892655367231639,0.2881367550099912,0.2751220858943082,1.111141979595054,2.726653033402471,3.2630422475791163,1.630173020783217,-5.265783493154652,7.148552418136944,0.5294117647058824,0.9051682460765875,1.3628032061877016,True,K线收盘代理；达到描述性样本门槛,0.0,0.0,0.0,0.0
TSLA,binance|futures|TSLAUSDT::okx|futures|TSLA-USDT-SWAP,perp_perp,comparable,30,pre_market,1320,20,5,1320,1.0,0.2207152094544169,0.2709182815274769,1.1026726029317313,2.780411445479136,3.3090470373906538,1.7002579894778025,-5.265783493154652,7.148552418136944,0.5121212121212121,0.9507425848113982,1.3322403198268162,True,K线收盘代理；达到描述性样本门槛,0.0,0.0,0.0,0.0
TSLA,binance|futures|TSLAUSDT::okx|futures|TSLA-USDT-SWAP,perp_perp,comparable,30,after_market,956,20,5,960,0.9958333333333333,0.3302345424953268,0.2732618446343871,1.1204167959266709,2.665387434152011,3.0888247764848664,1.6182117742967548,-5.0630212913371775,5.446771426236285,0.5292887029288703,1.0040105160212531,1.409568206569567,True,K线收盘代理；达到描述性样本门槛,0.0,0.0,0.0,0.0
TSLA,binance|futures|TSLAUSDT::okx|futures|TSLA-USDT-SWAP,perp_perp,comparable,30,overnight,1917,20,5,1920,0.9984375,0.47543901815728024,0.5434487256139597,1.1245431543427387,2.802036089767147,3.329586024316542,1.6615427957415871,-4.867232707803648,5.5166326474309635,0.5826812728221179,1.0550584436266885,1.40193166555308,True,K线收盘代理；达到描述性样本门槛,0.0,0.0,0.0,0.0
TSLA,binance|futures|TSLAUSDT::okx|futures|TSLA-USDT-SWAP,perp_perp,comparable,30,weekend,2525,9,5,2592,0.9741512345679012,0.2204506994199754,0.27332859563689027,1.1036309458112292,2.723520118867117,3.1367628607270603,1.5988141448451811,-5.101766822405152,6.041774555498591,0.5148514851485149,0.8458805677180603,1.3690378402064773,True,K线收盘代理；达到描述性样本门槛,0.0,0.0,0.0,0.0
TSLA,binance|futures|TSLAUSDT::okx|futures|TSLA-USDT-SWAP,perp_perp,comparable,30,holiday,286,1,1,288,0.9930555555555556,-0.19927650649765227,-0.2810370391137518,0.8431347752602125,1.9673421347815578,2.2565724013462463,1.1712445726686804,-3.654970760234022,2.534354584364795,0.3811188811188811,0.8431347752602125,0.8431347752602125,False,样本不足 / 仅事件观察,0.0,0.0,0.0,0.0
TSLA,bitget|futures|TSLAUSDT::bybit|futures|TSLAUSDT,perp_perp,comparable,7,all,1943,7,2,2016,0.9637896825396826,0.7459878097273565,-0.2736801773439712,2.9313009646647625,7.743163195390146,8.856872935693705,4.492674704247891,-11.25070316894794,14.13205621417779,0.442614513638703,1.589061652026158,5.077474250222425,True,K线收盘代理；达到描述性样本门槛,0.020586721564590838,0.0,0.0,0.0
TSLA,bitget|futures|TSLAUSDT::bybit|futures|TSLAUSDT,perp_perp,comparable,7,regular,390,5,1,390,1.0,0.05409836017533927,-0.7873090574850306,2.2517658669812812,7.777906686050828,9.008622099964105,4.468184060697901,-11.25070316894794,12.91746279501682,0.382051282051282,1.3187095277455985,4.809557579345536,True,K线收盘代理；达到描述性样本门槛,0.028205128205128206,0.0,0.0,0.0
TSLA,bitget|futures|TSLAUSDT::bybit|futures|TSLAUSDT,perp_perp,comparable,7,non_regular,1553,7,2,1626,0.9551045510455105,0.9197398286103485,-0.2645922633215392,3.163305654408921,7.623354086944811,8.68591395663065,4.482056519112294,-9.241892957133624,14.13205621417779,0.4578235672891178,1.8511666228832047,4.819659823630529,True,K线收盘代理；达到描述性样本门槛,0.018673535093367676,0.0,0.0,0.0
TSLA,bitget|futures|TSLAUSDT::bybit|futures|TSLAUSDT,perp_perp,comparable,7,pre_market,330,5,1,330,1.0,0.06940292030929802,-1.3270695659212128,2.701537785940733,8.942247640399975,10.36204854545764,4.891796650076808,-8.101101749837802,14.13205621417779,0.2909090909090909,1.7196201839408953,3.5088690926943222,True,K线收盘代理；达到描述性样本门槛,0.06060606060606061,0.0,0.0,0.0
TSLA,bitget|futures|TSLAUSDT::bybit|futures|TSLAUSDT,perp_perp,comparable,7,after_market,238,5,1,240,0.9916666666666667,-0.7900629530126435,-1.8481633270950315,3.1647463316913926,7.32826886425442,8.053313098137837,4.319892163105615,-8.792028560771215,10.739119929121799,0.226890756302521,1.5873855937337256,4.52392357230158,True,K线收盘代理；达到描述性样本门槛,0.008403361344537815,0.0,0.0,0.0
TSLA,bitget|futures|TSLAUSDT::bybit|futures|TSLAUSDT,perp_perp,comparable,7,overnight,469,5,1,480,0.9770833333333333,-0.13641868019455328,-1.3218770654332967,2.988399576189238,6.828855892868635,7.636361936037783,4.090722402453529,-9.241892957133624,10.782380013150128,0.35607675906183367,2.126754572523426,3.171918174673105,True,K线收盘代理；达到描述性样本门槛,0.0021321961620469083,0.0,0.0,0.0
TSLA,bitget|futures|TSLAUSDT::bybit|futures|TSLAUSDT,perp_perp,comparable,7,weekend,516,2,2,576,0.8958333333333334,3.2121479340272434,3.2948504695573533,3.578556386132359,7.793289721489405,8.857158213356197,3.641461986042005,-6.291888934483181,11.28304319793827,0.7635658914728682,2.572945129828419,4.978958236394604,True,K线收盘代理；达到描述性样本门槛,0.011627906976744186,0.0,0.0,0.0
TSLA,bitget|futures|TSLAUSDT::bybit|futures|TSLAUSDT,perp_perp,comparable,7,holiday,0,0,0,0,0,,,,,,,,,,,,False,样本不足 / 仅事件观察,,,,
TSLA,bitget|futures|TSLAUSDT::bybit|futures|TSLAUSDT,perp_perp,comparable,30,all,8277,30,5,8640,0.9579861111111111,-0.27163415341802605,-0.5583161185873653,1.6894745734075123,4.911969495392303,6.441560592085116,3.0004623580534564,-11.25070316894794,14.13205621417779,0.3845596230518304,1.3738014297516588,1.896477036657379,True,K线收盘代理；达到描述性样本门槛,0.0049534855624018366,0.0,0.0,0.0
TSLA,bitget|futures|TSLAUSDT::bybit|futures|TSLAUSDT,perp_perp,comparable,30,regular,1560,20,5,1560,1.0,-0.2031335315114822,-0.28015951828053165,1.6518461181247446,5.258840848835545,6.703987214410788,3.1070898809052996,-11.25070316894794,12.91746279501682,0.4237179487179487,1.3181224114808265,1.898920091583517,True,K线收盘代理；达到描述性样本门槛,0.007051282051282051,0.0,0.0,0.0
TSLA,bitget|futures|TSLAUSDT::bybit|futures|TSLAUSDT,perp_perp,comparable,30,non_regular,6717,30,5,7080,0.948728813559322,-0.2875431857500505,-0.5624613307830817,1.6962569263823113,4.837279320093479,6.275556169402337,2.9749260221973928,-9.516878463863288,14.13205621417779,0.3754652374571982,1.3682659477548542,2.109123663727175,True,K线收盘代理；达到描述性样本门槛,0.0044662795891022775,0.0,0.0,0.0
TSLA,bitget|futures|TSLAUSDT::bybit|futures|TSLAUSDT,perp_perp,comparable,30,pre_market,1319,20,5,1320,0.9992424242424243,-0.4182621032422397,-0.8269930532578407,1.924451531314375,4.801892244669983,6.841933808309977,3.21534587463023,-8.374304392457788,14.13205621417779,0.34040940106141016,1.3719484765961631,2.5658395479442877,True,K线收盘代理；达到描述性样本门槛,0.015163002274450341,0.0,0.0,0.0
TSLA,bitget|futures|TSLAUSDT::bybit|futures|TSLAUSDT,perp_perp,comparable,30,after_market,937,20,5,960,0.9760416666666667,-0.5084060656293364,-0.7996161842327432,1.6872416411239932,4.814475827626951,6.128006056187685,2.925818973422242,-8.792028560771215,10.739119929121799,0.37246531483457845,1.2471928657423192,2.3537076613133756,True,K线收盘代理；达到描述性样本门槛,0.0021344717182497333,0.0,0.0,0.0
TSLA,bitget|futures|TSLAUSDT::bybit|futures|TSLAUSDT,perp_perp,comparable,30,overnight,1880,20,5,1920,0.9791666666666666,-0.7668260207668156,-1.0955904103410186,1.9046582555304337,4.763719517000498,5.79567406706083,2.8003195054402545,-9.241892957133624,10.782380013150128,0.30638297872340425,1.3952854913400203,2.2296945161773274,True,K线收盘代理；达到描述性样本门槛,0.0005319148936170213,0.0,0.0,0.0
TSLA,bitget|futures|TSLAUSDT::bybit|futures|TSLAUSDT,perp_perp,comparable,30,weekend,2308,9,5,2592,0.8904320987654321,0.3805150615563724,0.0,1.645075071698976,5.119744528939047,6.713860648620895,2.97174657504828,-9.516878463863288,11.28304319793827,0.4718370883882149,1.1521732868624568,1.4266759902292758,True,K线收盘代理；达到描述性样本门槛,0.0030329289428076256,0.0,0.0,0.0
TSLA,bitget|futures|TSLAUSDT::bybit|futures|TSLAUSDT,perp_perp,comparable,30,holiday,273,1,1,288,0.9479166666666666,-1.2452718829391245,-1.4035087719299622,1.6853459172494478,3.37408483113677,4.048934272445009,1.79889812142131,-6.473584958766043,4.216799730123455,0.21611721611721613,1.6853459172494478,1.6853459172494478,False,样本不足 / 仅事件观察,0.0,0.0,0.0,0.0
TSLA,bitget|futures|TSLAUSDT::gateio|futures|TSLA_USDT,perp_perp,comparable,7,all,1952,7,2,2016,0.9682539682539683,0.11302208279675018,-0.5431609419281891,2.9026044358759773,6.5863137327969445,8.273276650456003,4.149039148742291,-12.939685222351782,17.015706806282616,0.42827868852459017,1.8648464757320404,4.006431952882639,True,K线收盘代理；达到描述性样本门槛,0.018442622950819672,0.0,0.0,0.0
TSLA,bitget|futures|TSLAUSDT::gateio|futures|TSLA_USDT,perp_perp,comparable,7,regular,390,5,1,390,1.0,-1.9252682832958554,-2.668590378052671,3.9480962379284668,6.638583456636151,7.6767491365582465,4.052476606458355,-12.939685222351782,11.978598237813998,0.23846153846153847,3.4178606239843035,4.572720764225435,True,K线收盘代理；达到描述性样本门槛,0.010256410256410256,0.0,0.0,0.0
TSLA,bitget|futures|TSLAUSDT::gateio|futures|TSLA_USDT,perp_perp,comparable,7,non_regular,1562,7,2,1626,0.9606396063960639,0.6219422126150064,-0.13139223209168716,2.648375697332783,6.553440833683366,8.410641741166565,4.014465774726241,-10.010801127532387,17.015706806282616,0.47567221510883484,1.7178044373250545,3.999378247216967,True,K线收盘代理；达到描述性样本门槛,0.020486555697823303,0.0,0.0,0.0
TSLA,bitget|futures|TSLAUSDT::gateio|futures|TSLA_USDT,perp_perp,comparable,7,pre_market,330,5,1,330,1.0,0.5851495811731587,-0.5399641279085765,2.8948145931784186,9.681555866047464,11.009217914884184,5.025350919561362,-8.234387866231652,17.015706806282616,0.4393939393939394,1.4863304933698807,3.985545824408687,True,K线收盘代理；达到描述性样本门槛,0.08181818181818182,0.0,0.0,0.0
TSLA,bitget|futures|TSLAUSDT::gateio|futures|TSLA_USDT,perp_perp,comparable,7,after_market,236,5,1,240,0.9833333333333333,-1.0948915163642827,-2.104626336775217,2.7871171577786846,5.29128597909212,6.436216434143605,3.377141912913438,-9.05676460403404,9.125067096080741,0.23728813559322035,2.3678915111385868,3.702528308253683,True,K线收盘代理；达到描述性样本门槛,0.0,0.0,0.0,0.0
TSLA,bitget|futures|TSLAUSDT::gateio|futures|TSLA_USDT,perp_perp,comparable,7,overnight,469,5,1,480,0.9770833333333333,-0.22501454887041847,-0.7898894154823033,2.386508273229948,5.791485541085883,6.444696623657541,3.4664855264943943,-10.010801127532387,9.72941702384933,0.39658848614072495,1.5898672472014486,3.2984176308775703,True,K线收盘代理；达到描述性样本门槛,0.0021321961620469083,0.0,0.0,0.0
TSLA,bitget|futures|TSLAUSDT::gateio|futures|TSLA_USDT,perp_perp,comparable,7,weekend,527,2,2,576,0.9149305555555556,2.167553312333386,1.9185966835677526,2.4783147459717103,7.245676747461349,8.444390012924517,3.4356161911071745,-9.269103895749309,10.468112518788875,0.6755218216318786,1.8973460778926032,3.496829277223057,True,K线收盘代理；达到描述性样本门槛,0.007590132827324478,0.0,0.0,0.0
TSLA,bitget|futures|TSLAUSDT::gateio|futures|TSLA_USDT,perp_perp,comparable,7,holiday,0,0,0,0,0,,,,,,,,,,,,False,样本不足 / 仅事件观察,,,,
TSLA,bitget|futures|TSLAUSDT::gateio|futures|TSLA_USDT,perp_perp,comparable,30,all,6348,24,4,8640,0.7347222222222223,-2.5262557713684215,-2.1650586694693663,3.159932062008486,8.96672508074714,11.875796157260753,5.686108608509205,-72.69523075228656,32.00846136717894,0.2665406427221172,2.0700232110552887,4.564259759974876,True,K线收盘代理；达到描述性样本门槛,0.07876496534341525,0.002835538752362949,0.0001575299306868305,0.0
TSLA,bitget|futures|TSLAUSDT::gateio|futures|TSLA_USDT,perp_perp,comparable,30,regular,1212,16,4,1560,0.7769230769230769,-3.544114538197415,-2.894546435973089,3.5542918080216923,9.085531622500369,17.808519867144216,6.758690968202743,-72.69523075228656,28.714436248682418,0.22194719471947194,2.3593127240915948,4.616343537876405,True,K线收盘代理；达到描述性样本门槛,0.0891089108910891,0.006600660066006601,0.0008250825082508251,0.0
TSLA,bitget|futures|TSLAUSDT::gateio|futures|TSLA_USDT,perp_perp,comparable,30,non_regular,5136,24,4,7080,0.7254237288135593,-2.28606012779429,-1.9254838073007319,3.059890800435894,8.949458361706686,11.419647177549063,5.373988863651797,-42.20565665424281,32.00846136717894,0.2770638629283489,1.9339254224333413,4.631940610969054,True,K线收盘代理；达到描述性样本门槛,0.0763239875389408,0.0019470404984423676,0.0,0.0
TSLA,bitget|futures|TSLAUSDT::gateio|futures|TSLA_USDT,perp_perp,comparable,30,pre_market,995,16,4,1320,0.7537878787878788,-2.87980344504542,-2.770697107392639,3.702528297894192,10.363766639884588,12.80264993358282,6.36625596151271,-42.20565665424281,32.00846136717894,0.24321608040201004,1.8905376840709642,6.792564288438524,True,K线收盘代理；达到描述性样本门槛,0.10954773869346733,0.008040201005025126,0.0,0.0
TSLA,bitget|futures|TSLAUSDT::gateio|futures|TSLA_USDT,perp_perp,comparable,30,after_market,716,16,4,960,0.7458333333333333,-3.0895438054913646,-2.6630457584331246,3.1961371847077924,8.380042710053326,12.499421679467437,4.832957242370359,-24.542992552470942,28.38572755007318,0.1634078212290503,2.157468966042242,4.7258490524426655,True,K线收盘代理；达到描述性样本门槛,0.07541899441340782,0.0,0.0,0.0
TSLA,bitget|futures|TSLAUSDT::gateio|futures|TSLA_USDT,perp_perp,comparable,30,overnight,1391,16,4,1920,0.7244791666666667,-2.517721356731813,-2.374294306969338,3.2599837000812926,8.355119532112987,10.439738743077687,4.7923935291054365,-40.25830158601473,17.847183491355167,0.24442846872753415,1.9142208477290756,4.943342502472248,True,K线收盘代理；达到描述性样本门槛,0.05966930265995687,0.0014378145219266715,0.0,0.0
TSLA,bitget|futures|TSLAUSDT::gateio|futures|TSLA_USDT,perp_perp,comparable,30,weekend,1760,7,4,2592,0.6790123456790124,-1.9533135524174154,-1.3696003547281066,2.728848017317098,9.280768583916355,12.693236021370714,5.429159334668656,-25.255359748569404,10.468112518788875,0.3164772727272727,1.6676783818775354,3.9314035346818543,False,样本不足 / 仅事件观察,0.08238636363636363,0.0,0.0,0.0
TSLA,bitget|futures|TSLAUSDT::gateio|futures|TSLA_USDT,perp_perp,comparable,30,holiday,274,1,1,288,0.9513888888888888,1.0083767725151158,1.1280798425328253,2.811911756330221,5.6242984566665655,6.7532523644219244,3.5200512472806027,-7.598570343060329,10.126297431858333,0.6094890510948905,2.811911756330221,2.811911756330221,False,样本不足 / 仅事件观察,0.0036496350364963502,0.0,0.0,0.0
TSLA,bitget|futures|TSLAUSDT::okx|futures|TSLA-USDT-SWAP,perp_perp,comparable,7,all,1946,7,2,2016,0.9652777777777778,1.641813174935619,0.2642601388325172,2.383222492303716,8.597759513130354,9.66371611324568,4.418435044041453,-7.3405470066878475,15.704750687082214,0.5097636176772867,1.4658366046754745,5.083550070476006,True,K线收盘代理；达到描述性样本门槛,0.03494347379239465,0.0,0.0,0.0
TSLA,bitget|futures|TSLAUSDT::okx|futures|TSLA-USDT-SWAP,perp_perp,comparable,7,regular,390,5,1,390,1.0,0.7866664048453652,-0.26403349824732913,1.848233621883355,8.076428748041936,9.386878487284921,4.056631450624244,-6.699898161548479,12.358282736015802,0.41794871794871796,1.3180444265842306,1.5799452822468085,True,K线收盘代理；达到描述性样本门槛,0.023076923076923078,0.0,0.0,0.0
TSLA,bitget|futures|TSLAUSDT::okx|futures|TSLA-USDT-SWAP,perp_perp,comparable,7,non_regular,1556,7,2,1626,0.956949569495695,1.8561494476446159,0.5280116630945741,2.635289358876025,8.602613043711127,9.682494861427692,4.479049814780227,-7.3405470066878475,15.704750687082214,0.5327763496143959,1.4986849715015182,5.155824893665617,True,K线收盘代理；达到描述性样本门槛,0.037917737789203085,0.0,0.0,0.0
TSLA,bitget|futures|TSLAUSDT::okx|futures|TSLA-USDT-SWAP,perp_perp,comparable,7,pre_market,330,5,1,330,1.0,0.9102343511128052,-0.7919919728599512,1.893196671220454,9.958149571705155,11.255348078654137,4.792204425857884,-6.330115524608715,15.704750687082214,0.3575757575757576,1.0638581422878213,2.518438633458686,True,K线收盘代理；达到描述性样本门槛,0.08787878787878788,0.0,0.0,0.0
TSLA,bitget|futures|TSLAUSDT::okx|futures|TSLA-USDT-SWAP,perp_perp,comparable,7,after_market,238,5,1,240,0.9916666666666667,-0.23591486555233757,-1.8418629446548263,2.6400200866927293,6.869228964804692,8.322360028387488,3.9196527980051865,-5.8064345852348875,12.080861231174023,0.2605042016806723,2.109593375877461,2.909206366494277,True,K线收盘代理；达到描述性样本门槛,0.012605042016806723,0.0,0.0,0.0
TSLA,bitget|futures|TSLAUSDT::okx|futures|TSLA-USDT-SWAP,perp_perp,comparable,7,overnight,470,5,1,480,0.9791666666666666,0.6168343221207189,-0.5317663996268207,2.1072597195492815,7.0982622906132775,9.147088184309649,3.9816496500936314,-7.3405470066878475,11.302475780408106,0.4106382978723404,1.3249069925025392,2.9103610497716037,True,K线收盘代理；达到描述性样本门槛,0.02127659574468085,0.0,0.0,0.0
TSLA,bitget|futures|TSLAUSDT::okx|futures|TSLA-USDT-SWAP,perp_perp,comparable,7,weekend,518,2,2,576,0.8993055555555556,4.544453303614894,4.835395197628767,4.83623955855772,8.872160236590432,9.664884140500263,3.6038579877139134,-5.181912398407595,11.814617904515323,0.8803088803088803,3.1151705018173104,6.059550772681277,True,K线收盘代理；达到描述性样本门槛,0.032818532818532815,0.0,0.0,0.0
TSLA,bitget|futures|TSLAUSDT::okx|futures|TSLA-USDT-SWAP,perp_perp,comparable,7,holiday,0,0,0,0,0,,,,,,,,,,,,False,样本不足 / 仅事件观察,,,,
TSLA,bitget|futures|TSLAUSDT::okx|futures|TSLA-USDT-SWAP,perp_perp,comparable,30,all,8263,30,5,8640,0.9563657407407408,0.39475453255927834,0.0,1.421100500227368,4.512930534258608,6.773678638155581,2.9233547646604072,-9.316439522999431,15.704750687082214,0.4821493404332567,1.112807577529351,1.641189042986546,True,K线收盘代理；达到描述性样本门槛,0.008350478034612127,0.0,0.0,0.0
TSLA,bitget|futures|TSLAUSDT::okx|futures|TSLA-USDT-SWAP,perp_perp,comparable,30,regular,1560,20,5,1560,1.0,0.2975596428770514,0.0,1.638225257194481,4.643375822241392,6.4641680889655495,2.9476803518543595,-8.9421200953832,12.358282736015802,0.48333333333333334,1.2285461519799534,1.8666385191801194,True,K线收盘代理；达到描述性样本门槛,0.00641025641025641,0.0,0.0,0.0
TSLA,bitget|futures|TSLAUSDT::okx|futures|TSLA-USDT-SWAP,perp_perp,comparable,30,non_regular,6703,30,5,7080,0.9467514124293785,0.41737485598226415,0.0,1.406351081483237,4.49144611353125,6.978891539099141,2.9171998449768664,-9.316439522999431,15.704750687082214,0.4818737878561838,1.1124214579162628,1.7915972746576636,True,K线收盘代理；达到描述性样本门槛,0.008802028942264657,0.0,0.0,0.0
TSLA,bitget|futures|TSLAUSDT::okx|futures|TSLA-USDT-SWAP,perp_perp,comparable,30,pre_market,1319,20,5,1320,0.9992424242424243,0.03710254213785352,-0.2807569206575433,1.619651774869002,4.166251326991115,6.35059623479937,3.0844694499866447,-7.114516349705502,15.704750687082214,0.4025777103866566,1.1436625280591972,1.8876287374341993,True,K线收盘代理；达到描述性样本门槛,0.021986353297952996,0.0,0.0,0.0
TSLA,bitget|futures|TSLAUSDT::okx|futures|TSLA-USDT-SWAP,perp_perp,comparable,30,after_market,936,20,5,960,0.975,0.049167941717092725,0.0,1.6474467014282457,4.154013764309794,5.342406206232941,2.714795236496167,-9.316439522999431,12.080861231174023,0.4497863247863248,1.0646247793504038,2.2888095633186167,True,K线收盘代理；达到描述性样本门槛,0.003205128205128205,0.0,0.0,0.0
TSLA,bitget|futures|TSLAUSDT::okx|futures|TSLA-USDT-SWAP,perp_perp,comparable,30,overnight,1883,20,5,1920,0.9807291666666667,0.11782368221562947,-0.2649357530792873,1.5833641209694882,4.47712456750704,5.6504094043570126,2.7872387773482763,-8.523039700868429,11.302475780408106,0.4439723844928306,1.271647196737502,1.9327766540472302,True,K线收盘代理；达到描述性样本门槛,0.0053106744556558685,0.0,0.0,0.0
TSLA,bitget|futures|TSLAUSDT::okx|futures|TSLA-USDT-SWAP,perp_perp,comparable,30,weekend,2293,9,5,2592,0.8846450617283951,1.0556695393276,0.547240539578997,1.4003248753713393,6.174331050589733,8.056416420877177,3.0138167262809037,-8.817856158721549,11.814617904515323,0.5651984300043611,1.0949304719165553,1.5439395984329085,True,K线收盘代理；达到描述性样本门槛,0.007413868294810292,0.0,0.0,0.0
TSLA,bitget|futures|TSLAUSDT::okx|futures|TSLA-USDT-SWAP,perp_perp,comparable,30,holiday,272,1,1,288,0.9444444444444444,0.22129399202894007,0.2811160311422256,0.8472063453812684,2.8108442820238277,3.2226738625539233,1.6137142490523237,-5.0540502597207215,6.185856881766316,0.5367647058823529,0.8472063453812684,0.8472063453812684,False,样本不足 / 仅事件观察,0.0,0.0,0.0,0.0
TSLA,bybit|futures|TSLAUSDT::gateio|futures|TSLA_USDT,perp_perp,comparable,7,all,1986,7,2,2016,0.9851190476190477,-0.6363381589739697,-0.7867717607734637,1.8455778639325793,4.5991353533758605,5.883339115957398,2.75903085324655,-11.091158762015496,7.749452193894779,0.3826787512588117,1.5951079224729714,1.9803668353110537,True,K线收盘代理；达到描述性样本门槛,0.0015105740181268882,0.0,0.0,0.0
TSLA,bybit|futures|TSLAUSDT::gateio|futures|TSLA_USDT,perp_perp,comparable,7,regular,390,5,1,390,1.0,-1.9785435190175347,-2.4014908269831547,3.17948325335049,6.33539180455245,7.094757382965382,3.5654427340848667,-11.091158762015496,7.749452193894779,0.24871794871794872,2.8131193028868573,3.0586385468456267,True,K线收盘代理；达到描述性样本门槛,0.007692307692307693,0.0,0.0,0.0
TSLA,bybit|futures|TSLAUSDT::gateio|futures|TSLA_USDT,perp_perp,comparable,7,non_regular,1596,7,2,1626,0.981549815498155,-0.3083556461813693,-0.5277392990837848,1.5944513097249091,3.991006937406061,4.83237694172689,2.4120916874722433,-8.859773941526372,7.294931373607039,0.41541353383458646,1.3461407258646974,1.7312634454408338,True,K线收盘代理；达到描述性样本门槛,0.0,0.0,0.0,0.0
TSLA,bybit|futures|TSLAUSDT::gateio|futures|TSLA_USDT,perp_perp,comparable,7,pre_market,330,5,1,330,1.0,0.5159674917327448,0.5310674758951528,1.5944513097249091,3.9967222167423,4.675721766590148,2.4105887286124847,-7.274805788666239,7.294931373607039,0.5696969696969697,1.4550054186523997,1.8431239593719173,True,K线收盘代理；达到描述性样本门槛,0.0,0.0,0.0,0.0
TSLA,bybit|futures|TSLAUSDT::gateio|futures|TSLA_USDT,perp_perp,comparable,7,after_market,238,5,1,240,0.9916666666666667,-0.2353528559696421,-0.5290165641402833,1.8646529371924014,4.2639718371007,5.094304973430052,2.60103581506367,-6.606067011943884,7.1873502635355635,0.40336134453781514,1.3154608272869517,2.4129009811274527,True,K线收盘代理；达到描述性样本门槛,0.0,0.0,0.0,0.0
TSLA,bybit|futures|TSLAUSDT::gateio|futures|TSLA_USDT,perp_perp,comparable,7,overnight,476,5,1,480,0.9916666666666667,-0.05303697702912404,0.0,1.5801532847314892,3.80900670528983,4.460755056646947,2.3174898353450786,-7.369972625816956,6.538262456752264,0.4726890756302521,1.574224694338433,1.8499921179798706,True,K线收盘代理；达到描述性样本门槛,0.0,0.0,0.0,0.0
TSLA,bybit|futures|TSLAUSDT::gateio|futures|TSLA_USDT,perp_perp,comparable,7,weekend,552,2,2,576,0.9583333333333334,-1.0527994615772343,-1.0742148163023213,1.4937043511015213,3.8378140125548965,4.954928097754145,2.1865531889670087,-8.859773941526372,4.832214765100318,0.27898550724637683,1.4310942203139831,1.552054588705859,True,K线收盘代理；达到描述性样本门槛,0.0,0.0,0.0,0.0
TSLA,bybit|futures|TSLAUSDT::gateio|futures|TSLA_USDT,perp_perp,comparable,7,holiday,0,0,0,0,0,,,,,,,,,,,,False,样本不足 / 仅事件观察,,,,
TSLA,bybit|futures|TSLAUSDT::gateio|futures|TSLA_USDT,perp_perp,comparable,30,all,6581,24,4,8640,0.7616898148148148,-2.215731677443336,-1.6125997796112568,2.4642006406927486,7.804660497268134,11.00575685743288,5.148554910304071,-69.94162352682021,35.070140280561986,0.2943321683634706,1.788893067605768,3.351133958581914,True,K线收盘代理；达到描述性样本门槛,0.060021273362710834,0.001671478498708403,0.000151952590791673,0.0
TSLA,bybit|futures|TSLAUSDT::gateio|futures|TSLA_USDT,perp_perp,comparable,30,regular,1212,16,4,1560,0.7769230769230769,-3.179430234735912,-2.3731678098215525,3.020857654074671,8.572239908129054,17.49751555817969,6.517720475146974,-69.94162352682021,27.924130663856683,0.24257425742574257,2.131658582241319,4.3837248760617005,True,K线收盘代理；达到描述性样本门槛,0.08333333333333333,0.0049504950495049506,0.0008250825082508251,0.0
TSLA,bybit|futures|TSLAUSDT::gateio|futures|TSLA_USDT,perp_perp,comparable,30,non_regular,5369,24,4,7080,0.7583333333333333,-1.9981860169034587,-1.3746838227213232,2.3848640627499584,7.587040235278675,10.384281822985553,4.75866348927662,-39.739092304318376,35.070140280561986,0.30601601788042465,1.604241827241476,3.495937177091096,True,K线收盘代理；达到描述性样本门槛,0.054758800521512385,0.0009312721177127957,0.0,0.0
TSLA,bybit|futures|TSLAUSDT::gateio|futures|TSLA_USDT,perp_perp,comparable,30,pre_market,996,16,4,1320,0.7545454545454545,-2.4228336533251134,-1.6598479213159045,2.66006972394095,8.529846528939622,11.730347403978158,5.455980186449049,-39.739092304318376,35.070140280561986,0.2971887550200803,1.5798666297744957,5.83872694573731,True,K线收盘代理；达到描述性样本门槛,0.071285140562249,0.0030120481927710845,0.0,0.0
TSLA,bybit|futures|TSLAUSDT::gateio|futures|TSLA_USDT,perp_perp,comparable,30,after_market,733,16,4,960,0.7635416666666667,-2.4126325779801254,-2.1450596594718707,2.6836271905117393,7.346539507546046,11.586765197057147,4.624957113924422,-25.671406003160424,27.855153203342198,0.25102319236016374,1.658712918891636,3.636033777425496,True,K线收盘代理；达到描述性样本门槛,0.06684856753069578,0.0,0.0,0.0
TSLA,bybit|futures|TSLAUSDT::gateio|futures|TSLA_USDT,perp_perp,comparable,30,overnight,1419,16,4,1920,0.7390625,-1.805899496513407,-1.1250175784005556,2.1745039412901512,7.354424472948651,9.057034496816254,4.347452149204576,-39.17754181189337,18.98040473708118,0.321353065539112,1.6566630885944678,3.5523904005563267,True,K线收盘代理；达到描述性样本门槛,0.03875968992248062,0.0014094432699083862,0.0,0.0
TSLA,bybit|futures|TSLAUSDT::gateio|futures|TSLA_USDT,perp_perp,comparable,30,weekend,1934,7,4,2592,0.746141975308642,-2.408364583895388,-1.6395460077073265,2.1938544754906975,7.914559991155315,12.127448394224189,4.565070132851869,-23.57166909866537,10.13513513513642,0.2559462254395036,1.491574404509921,3.189318914313677,True,K线收盘代理；达到描述性样本门槛,0.06153050672182006,0.0,0.0,0.0
TSLA,bybit|futures|TSLAUSDT::gateio|futures|TSLA_USDT,perp_perp,comparable,30,holiday,287,1,1,288,0.9965277777777778,2.3473510955497607,2.24883341766402,3.0914507335166874,6.7432783060534796,7.3040683709235665,3.2469761161636,-7.621305783723775,9.55673609354557,0.7386759581881533,3.0914507335166874,3.0914507335166874,False,样本不足 / 仅事件观察,0.0,0.0,0.0,0.0
TSLA,bybit|futures|TSLAUSDT::okx|futures|TSLA-USDT-SWAP,perp_perp,comparable,7,all,1978,7,2,2016,0.9811507936507936,0.88053126587465,0.8057584925524885,1.3462778246131624,3.7613276691290665,4.51656477517348,2.0614031840951705,-6.319448101531622,8.38290968090849,0.6400404448938322,1.1943662975541502,1.4934027897423041,True,K线收盘代理；达到描述性样本门槛,0.0,0.0,0.0,0.0
TSLA,bybit|futures|TSLAUSDT::okx|futures|TSLA-USDT-SWAP,perp_perp,comparable,7,regular,390,5,1,390,1.0,0.7330351222189858,0.5277471418818624,1.338724792077084,4.514867174228332,5.336307739967072,2.4309735089386804,-6.319448101531622,6.9472277889115475,0.5717948717948718,1.0646528131463828,1.3156509877509937,True,K线收盘代理；达到描述性样本门槛,0.0,0.0,0.0,0.0
TSLA,bybit|futures|TSLAUSDT::okx|futures|TSLA-USDT-SWAP,perp_perp,comparable,7,non_regular,1588,7,2,1626,0.976629766297663,0.9167551298706885,0.8245385600391675,1.350841646386991,3.684423843638096,4.301381685153927,1.95831157859197,-5.263296402536755,8.38290968090849,0.656801007556675,1.3162323025667222,1.4934027897423041,True,K线收盘代理；达到描述性样本门槛,0.0,0.0,0.0,0.0
TSLA,bybit|futures|TSLAUSDT::okx|futures|TSLA-USDT-SWAP,perp_perp,comparable,7,pre_market,330,5,1,330,1.0,0.841040825228865,0.7969820950304296,1.316291962071281,3.265943372934514,3.926725491526395,1.8263766087424198,-5.038317732226627,8.38290968090849,0.6575757575757576,1.0506547415756184,1.3281976358081593,True,K线收盘代理；达到描述性样本门槛,0.0,0.0,0.0,0.0
TSLA,bybit|futures|TSLAUSDT::okx|futures|TSLA-USDT-SWAP,perp_perp,comparable,7,after_market,240,5,1,240,1.0,0.5643737931856352,0.2635671239570314,1.1941818788946401,3.7317510711178947,4.79202609185958,2.1302957419707576,-3.753955059794256,6.9320393526539625,0.5208333333333334,0.8044944424290268,1.314837948268588,True,K线收盘代理；达到描述性样本门槛,0.0,0.0,0.0,0.0
TSLA,bybit|futures|TSLAUSDT::okx|futures|TSLA-USDT-SWAP,perp_perp,comparable,7,overnight,477,5,1,480,0.99375,0.7339701805637281,0.7914940769859768,1.5839074998025282,3.7658299455833877,4.303759553569986,2.209091988188879,-5.263296402536755,7.356146469048586,0.6079664570230608,1.318217769575858,1.6118032029655005,True,K线收盘代理；达到描述性样本门槛,0.0,0.0,0.0,0.0
TSLA,bybit|futures|TSLAUSDT::okx|futures|TSLA-USDT-SWAP,perp_perp,comparable,7,weekend,541,2,2,576,0.9392361111111112,1.2804254850567045,1.3427865506510095,1.3761594143057998,3.49735008474239,4.131434709560011,1.6388588685434382,-4.027710649268101,6.329113924050667,0.7597042513863216,1.4346485652175223,1.552157014267086,True,K线收盘代理；达到描述性样本门槛,0.0,0.0,0.0,0.0
TSLA,bybit|futures|TSLAUSDT::okx|futures|TSLA-USDT-SWAP,perp_perp,comparable,7,holiday,0,0,0,0,0,,,,,,,,,,,,False,样本不足 / 仅事件观察,,,,
TSLA,bybit|futures|TSLAUSDT::okx|futures|TSLA-USDT-SWAP,perp_perp,comparable,30,all,8515,30,5,8640,0.9855324074074074,0.660284589529215,0.571559213533579,1.409959957137108,3.655957607360261,4.38059724036588,2.1211842882120386,-10.07423117709405,11.161625786078044,0.6043452730475631,1.3633551416895873,1.6697146948189967,True,K线收盘代理；达到描述性样本门槛,0.00035231943628890195,0.0,0.0,0.0
TSLA,bybit|futures|TSLAUSDT::okx|futures|TSLA-USDT-SWAP,perp_perp,comparable,30,regular,1560,20,5,1560,1.0,0.5010602685005997,0.5315989246712505,1.6307228543277485,4.260429517977338,5.1922480329866225,2.4844279548992088,-8.490824431662825,10.372311387705224,0.5532051282051282,1.2631340395968804,1.9140478938356464,True,K线收盘代理；达到描述性样本门槛,0.000641025641025641,0.0,0.0,0.0
TSLA,bybit|futures|TSLAUSDT::okx|futures|TSLA-USDT-SWAP,perp_perp,comparable,30,non_regular,6955,30,5,7080,0.9823446327683616,0.6959984559281568,0.7969609223490437,1.404376035727406,3.5483835754392956,4.204566176193136,2.0290927875914613,-10.07423117709405,11.161625786078044,0.6158159597411934,1.3633364280163374,1.6358413377899617,True,K线收盘代理；达到描述性样本门槛,0.0002875629043853343,0.0,0.0,0.0
TSLA,bybit|futures|TSLAUSDT::okx|futures|TSLA-USDT-SWAP,perp_perp,comparable,30,pre_market,1320,20,5,1320,1.0,0.456357797253222,0.5493298325431883,1.4386843187619291,3.5103921386809844,4.108345504644673,2.1085595070882968,-7.465162574651352,8.38290968090849,0.5742424242424242,1.3267049295752342,1.6742159464269712,True,K线收盘代理；达到描述性样本门槛,0.0,0.0,0.0,0.0
TSLA,bybit|futures|TSLAUSDT::okx|futures|TSLA-USDT-SWAP,perp_perp,comparable,30,after_market,953,20,5,960,0.9927083333333333,0.5558527881146436,0.27326884188605405,1.3931845412251675,3.8318207939860303,4.605448887450957,2.2435537930111624,-10.07423117709405,7.792280076810432,0.5445960125918153,1.0274015271263814,2.0392384133498256,True,K线收盘代理；达到描述性样本门槛,0.001049317943336831,0.0,0.0,0.0
TSLA,bybit|futures|TSLAUSDT::okx|futures|TSLA-USDT-SWAP,perp_perp,comparable,30,overnight,1910,20,5,1920,0.9947916666666666,0.8731471784981972,1.0531858873075173,1.661566580675733,3.8790297487543146,4.483874015744515,2.1892033898387946,-6.012407422590904,11.161625786078044,0.6392670157068063,1.3562120223602203,1.8267734296764648,True,K线收盘代理；达到描述性样本门槛,0.0005235602094240838,0.0,0.0,0.0
TSLA,bybit|futures|TSLAUSDT::okx|futures|TSLA-USDT-SWAP,perp_perp,comparable,30,weekend,2487,9,5,2592,0.9594907407407407,0.6491554861521982,0.569297771197963,1.3424981205023556,3.0799042408227173,3.82007462581968,1.7815071371359088,-9.50406082598998,7.615931400204445,0.6252513067953357,1.1206365356175585,1.4200107920814276,True,K线收盘代理；达到描述性样本门槛,0.0,0.0,0.0,0.0
TSLA,bybit|futures|TSLAUSDT::okx|futures|TSLA-USDT-SWAP,perp_perp,comparable,30,holiday,285,1,1,288,0.9895833333333334,1.4960998475113976,1.6839269175727978,1.6854406022637214,3.368403061896341,3.66937341825313,1.4267213583728702,-2.819522372911054,4.797651972681116,0.8070175438596491,1.6854406022637214,1.6854406022637214,False,样本不足 / 仅事件观察,0.0,0.0,0.0,0.0
TSLA,gateio|futures|TSLA_USDT::okx|futures|TSLA-USDT-SWAP,perp_perp,comparable,7,all,1988,7,2,2016,0.9861111111111112,1.5212386031447591,1.3406802806836815,1.8560501337205881,4.752540928851023,5.660171807855052,2.441603415482989,-5.480503110185664,10.602205258694042,0.7062374245472837,1.5829463904509788,2.0363740000112207,True,K线收盘代理；达到描述性样本门槛,0.001006036217303823,0.0,0.0,0.0
TSLA,gateio|futures|TSLA_USDT::okx|futures|TSLA-USDT-SWAP,perp_perp,comparable,7,regular,390,5,1,390,1.0,2.712813262723332,2.9200195510470373,2.9419633463667605,5.938851731683625,6.9075437026285815,2.674478214198521,-4.28231137756474,10.602205258694042,0.8358974358974359,2.2228250598171906,3.7588434321689235,True,K线收盘代理；达到描述性样本门槛,0.005128205128205128,0.0,0.0,0.0
TSLA,gateio|futures|TSLA_USDT::okx|futures|TSLA-USDT-SWAP,perp_perp,comparable,7,non_regular,1598,7,2,1626,0.982779827798278,1.2304287675780234,1.0749076408445024,1.6375997198364578,4.22829157191451,4.95907784157312,2.2890099293793997,-5.480503110185664,9.682104243988743,0.6745932415519399,1.3242746011546402,1.881284208822831,True,K线收盘代理；达到描述性样本门槛,0.0,0.0,0.0,0.0
TSLA,gateio|futures|TSLA_USDT::okx|futures|TSLA-USDT-SWAP,perp_perp,comparable,7,pre_market,330,5,1,330,1.0,0.32540689574093207,0.2644629497983164,1.3535646245582678,3.5068702181900724,3.9862459757035174,2.12871043718545,-5.399276496949046,7.118563632049213,0.5303030303030303,1.4853628095368165,1.7233664821547645,True,K线收盘代理；达到描述性样本门槛,0.0,0.0,0.0,0.0
TSLA,gateio|futures|TSLA_USDT::okx|futures|TSLA-USDT-SWAP,perp_perp,comparable,7,after_market,238,5,1,240,0.9916666666666667,0.8126320873692126,0.791995573656834,1.3148033822935057,3.2050759617492375,3.7867562453766053,1.719618144061549,-4.217740872546338,6.397099981341192,0.6638655462184874,1.0518703586148703,1.332409530340195,True,K线收盘代理；达到描述性样本门槛,0.0,0.0,0.0,0.0
TSLA,gateio|futures|TSLA_USDT::okx|futures|TSLA-USDT-SWAP,perp_perp,comparable,7,overnight,477,5,1,480,0.99375,0.7894324598238432,0.790763877906997,1.5816528272050157,3.953404209954048,4.749591020670296,2.2771651788694354,-5.26912032036253,9.682104243988743,0.6121593291404612,1.3195049226727429,1.8428327022262936,True,K线收盘代理；达到描述性样本门槛,0.0,0.0,0.0,0.0
TSLA,gateio|futures|TSLA_USDT::okx|futures|TSLA-USDT-SWAP,perp_perp,comparable,7,weekend,553,2,2,576,0.9600694444444444,2.3306965187438125,2.468661711056974,2.4749071909813125,4.937350722498124,5.781747808251136,2.179198264317703,-5.480503110185664,9.600877794539997,0.8191681735985533,2.247958170338016,2.8977201742788616,True,K线收盘代理；达到描述性样本门槛,0.0,0.0,0.0,0.0
TSLA,gateio|futures|TSLA_USDT::okx|futures|TSLA-USDT-SWAP,perp_perp,comparable,7,holiday,0,0,0,0,0,,,,,,,,,,,,False,样本不足 / 仅事件观察,,,,
TSLA,gateio|futures|TSLA_USDT::okx|futures|TSLA-USDT-SWAP,perp_perp,comparable,30,all,6564,24,4,8640,0.7597222222222222,2.789596901972605,2.1246365063332107,2.476950615482032,7.242381709178679,11.755926251097804,5.124348395235498,-33.28894806924221,71.55138942814388,0.7592931139549055,1.8902244513917255,3.4017120733478845,True,K线收盘代理；达到描述性样本门槛,0.05971968312004875,0.0030469226081657527,0.00015234613040828764,0.0
TSLA,gateio|futures|TSLA_USDT::okx|futures|TSLA-USDT-SWAP,perp_perp,comparable,30,regular,1212,16,4,1560,0.7769230769230769,3.606044576251397,2.4727996287177145,2.771789138867886,8.759911537768126,19.07809527254435,6.761361504245138,-28.632220441828782,71.55138942814388,0.7953795379537953,2.2142321998135097,3.57304208689041,True,K线收盘代理；达到描述性样本门槛,0.08415841584158416,0.009900990099009901,0.0008250825082508251,0.0
TSLA,gateio|futures|TSLA_USDT::okx|futures|TSLA-USDT-SWAP,perp_perp,comparable,30,non_regular,5352,24,4,7080,0.7559322033898305,2.604706285151623,1.9420708980233403,2.4612018873815256,7.004782905822405,10.577830557113234,4.654848285333445,-33.28894806924221,40.7264722069356,0.7511210762331838,1.6440705426493119,3.4186704568919812,True,K线收盘代理；达到描述性样本门槛,0.054185351270553066,0.0014947683109118087,0.0,0.0
TSLA,gateio|futures|TSLA_USDT::okx|futures|TSLA-USDT-SWAP,perp_perp,comparable,30,pre_market,996,16,4,1320,0.7545454545454545,2.713768764690931,1.9150537504575293,2.470392394225973,7.259957459181399,10.89569620314923,5.283998716698388,-33.28894806924221,40.7264722069356,0.7359437751004017,1.5544006115411624,4.861783633882677,True,K线收盘代理；达到描述性样本门槛,0.05823293172690763,0.0050200803212851405,0.0,0.0
TSLA,gateio|futures|TSLA_USDT::okx|futures|TSLA-USDT-SWAP,perp_perp,comparable,30,after_market,732,16,4,960,0.7625,2.9245243692245597,2.185882026848329,2.240927765627676,6.582942869375995,14.268411098022883,4.733624117747775,-31.548250265110987,28.573853509490377,0.8265027322404371,1.3557229778951574,4.040647596651182,True,K线收盘代理；达到描述性样本门槛,0.07513661202185792,0.001366120218579235,0.0,0.0
TSLA,gateio|futures|TSLA_USDT::okx|futures|TSLA-USDT-SWAP,perp_perp,comparable,30,overnight,1421,16,4,1920,0.7401041666666667,2.4200906471575587,1.8761726078797558,2.214348981398606,6.674453529118551,9.039292675347976,4.0468863755386,-18.944447409146026,39.059321344292464,0.757213230119634,1.5758473095793535,3.7210698899645123,True,K线收盘代理；达到描述性样本门槛,0.03589021815622801,0.0014074595355383533,0.0,0.0
TSLA,gateio|futures|TSLA_USDT::okx|futures|TSLA-USDT-SWAP,perp_perp,comparable,30,weekend,1917,7,4,2592,0.7395833333333334,3.07697709965879,2.415783116358483,2.7240533914452136,8.141332150997107,12.369837298057627,4.656526104065488,-10.405827263267886,25.883412108935744,0.7850808555033907,1.945541546188867,3.398561542309886,True,K线收盘代理；达到描述性样本门槛,0.06572769953051644,0.0,0.0,0.0
TSLA,gateio|futures|TSLA_USDT::okx|futures|TSLA-USDT-SWAP,perp_perp,comparable,30,holiday,286,1,1,288,0.9930555555555556,-0.8419279700344384,-1.122933133119175,2.3918857046811848,5.353398691717581,6.18229528552866,3.214341706407696,-8.433125316242851,9.323614171892203,0.3531468531468531,2.3918857046811848,2.3918857046811848,False,样本不足 / 仅事件观察,0.0,0.0,0.0,0.0
TSLA,okx|futures|TSLA-USDT-SWAP::okx|spot|XTSLA-USDT,spot_perp,comparable,7,all,1468,7,2,2016,0.7281746031746031,7.388768308512799,7.259821811445022,7.263336297727019,11.386124053896827,12.951193824602747,3.5376254612429765,-11.048851708626017,30.619644919556155,0.9822888283378747,6.177783940732318,8.010196579974483,True,K线收盘代理；达到描述性样本门槛,0.1989100817438692,0.0006811989100817438,0.0,0.0
TSLA,okx|futures|TSLA-USDT-SWAP::okx|spot|XTSLA-USDT,spot_perp,comparable,7,regular,387,5,1,390,0.9923076923076923,7.862652989854837,7.898062342039935,7.917238467223253,12.267446672111777,15.028421176861425,4.47438222799607,-11.048851708626017,30.619644919556155,0.9560723514211886,7.1292775665399155,8.147225439266714,True,K线收盘代理；达到描述性样本门槛,0.27648578811369506,0.002583979328165375,0.0,0.0
TSLA,okx|futures|TSLA-USDT-SWAP::okx|spot|XTSLA-USDT,spot_perp,comparable,7,non_regular,1081,7,2,1626,0.6648216482164822,7.219116715839933,6.983802949314111,6.983802949314111,11.05059594285196,12.473460721866836,3.1174837286902592,-1.9051247856727294,22.10209570473909,0.9916743755781684,6.164693599300386,7.749457649804947,False,样本不足 / 仅事件观察,0.1711378353376503,0.0,0.0,0.0
TSLA,okx|futures|TSLA-USDT-SWAP::okx|spot|XTSLA-USDT,spot_perp,comparable,7,pre_market,292,5,1,330,0.8848484848484849,8.447409910881543,8.19975670401596,8.19975670401596,12.516445017338507,13.939681400152779,3.5442708817397377,-1.5732752969555008,22.10209570473909,0.9965753424657534,7.933989209774062,9.063736901582242,True,K线收盘代理；达到描述性样本门槛,0.2945205479452055,0.0,0.0,0.0
TSLA,okx|futures|TSLA-USDT-SWAP::okx|spot|XTSLA-USDT,spot_perp,comparable,7,after_market,138,5,1,240,0.575,8.564227967596059,8.69290352625951,8.69290352625951,12.645169494251096,12.990937165775819,3.019132105369139,1.8524399280184234,15.322431511373136,1.0,7.194819729796631,8.691987567823745,False,样本不足 / 仅事件观察,0.36231884057971014,0.0,0.0,0.0
TSLA,okx|futures|TSLA-USDT-SWAP::okx|spot|XTSLA-USDT,spot_perp,comparable,7,overnight,362,5,1,480,0.7541666666666667,6.850996016061439,6.855637668263803,6.855637668263803,10.015023096917375,10.895809618540419,2.612015328986263,-1.3213181469839963,15.591966173362781,0.9861878453038674,6.479176843533496,7.637206362582916,True,K线收盘代理；达到描述性样本门槛,0.10497237569060773,0.0,0.0,0.0
TSLA,okx|futures|TSLA-USDT-SWAP::okx|spot|XTSLA-USDT,spot_perp,comparable,7,weekend,289,2,2,576,0.5017361111111112,5.79687701904173,5.649413537069936,5.649413537069936,8.505968306818712,9.569655122318554,2.4861643267365956,-1.9051247856727294,21.310310911972774,0.9896193771626297,5.679546906282306,5.746800417729403,False,样本不足 / 仅事件观察,0.03806228373702422,0.0,0.0,0.0
TSLA,okx|futures|TSLA-USDT-SWAP::okx|spot|XTSLA-USDT,spot_perp,comparable,7,holiday,0,0,0,0,0,,,,,,,,,,,,False,样本不足 / 仅事件观察,,,,
TSLA,okx|futures|TSLA-USDT-SWAP::okx|spot|XTSLA-USDT,spot_perp,comparable,30,all,6323,30,5,8640,0.7318287037037037,7.322442065221321,7.459387777655202,7.49193176579066,11.872342843323391,13.46754890617019,4.088600719833773,-14.641700689849158,31.54218767601691,0.9571405978174917,6.050019942843987,8.914175842072435,True,K线收盘代理；达到描述性样本门槛,0.22410248299857663,0.0003163055511624229,0.0,0.0
TSLA,okx|futures|TSLA-USDT-SWAP::okx|spot|XTSLA-USDT,spot_perp,comparable,30,regular,1538,20,5,1560,0.985897435897436,7.8412222156157885,7.746918308417783,7.785803924713619,13.276657907524747,15.276455330718635,4.745258884271699,-14.641700689849158,30.619644919556155,0.9505851755526658,6.912231618210196,8.955077486230978,True,K线收盘代理；达到描述性样本门槛,0.30299089726918077,0.0006501950585175553,0.0,0.0
TSLA,okx|futures|TSLA-USDT-SWAP::okx|spot|XTSLA-USDT,spot_perp,comparable,30,non_regular,4785,30,5,7080,0.6758474576271186,7.15569517466611,7.351739911778399,7.360959651034893,11.472189734187399,12.703428495699944,3.8389892439574314,-14.394702749388477,31.54218767601691,0.9592476489028213,5.972560386376669,8.761058479536398,False,样本不足 / 仅事件观察,0.1987460815047022,0.0002089864158829676,0.0,0.0
TSLA,okx|futures|TSLA-USDT-SWAP::okx|spot|XTSLA-USDT,spot_perp,comparable,30,pre_market,1168,20,5,1320,0.8848484848484849,7.443336746926476,7.517024627854418,7.529073675146547,12.361507529419669,14.10908165411184,4.2478560898616085,-8.427913248678642,24.84472049689268,0.9529109589041096,5.9694129898976716,8.747844982021636,True,K线收盘代理；达到描述性样本门槛,0.23972602739726026,0.0,0.0,0.0
TSLA,okx|futures|TSLA-USDT-SWAP::okx|spot|XTSLA-USDT,spot_perp,comparable,30,after_market,579,20,5,960,0.603125,7.286881091570082,7.084360565614567,7.084360565614567,11.728642009942725,12.928766507384504,3.3151365686808925,-1.9062661692215155,20.540454024060573,0.9879101899827288,5.763780502542892,8.616122881915377,False,样本不足 / 仅事件观察,0.20379965457685664,0.0,0.0,0.0
TSLA,okx|futures|TSLA-USDT-SWAP::okx|spot|XTSLA-USDT,spot_perp,comparable,30,overnight,1403,20,5,1920,0.7307291666666667,7.1012652135933525,7.29473428254801,7.29473428254801,11.226356199938614,12.594285537584014,3.8024500892259456,-4.578361518872143,27.68504193469523,0.9558089807555239,6.436172815975083,8.612315404296078,True,K线收盘代理；达到描述性样本门槛,0.1810406272273699,0.0,0.0,0.0
TSLA,okx|futures|TSLA-USDT-SWAP::okx|spot|XTSLA-USDT,spot_perp,comparable,30,weekend,1400,9,5,2592,0.5401234567901234,6.58061519284039,7.000148875739853,7.014689068907121,10.900648934087712,11.824458994921017,3.7641921979909583,-14.394702749388477,21.97681446074462,0.9492857142857143,5.645920150558759,8.541003836982641,False,样本不足 / 仅事件观察,0.16285714285714287,0.0,0.0,0.0
TSLA,okx|futures|TSLA-USDT-SWAP::okx|spot|XTSLA-USDT,spot_perp,comparable,30,holiday,235,1,1,288,0.8159722222222222,9.15380244127708,9.017386648630943,9.017386648630943,11.530327575984156,12.487933605882736,2.481688935660623,1.6922382671480385,31.54218767601691,1.0,9.017386648630943,9.017386648630943,False,样本不足 / 仅事件观察,0.3021276595744681,0.00425531914893617,0.0,0.0
TSLA,gateio|futures|TSLA_USDT::gateio|spot|TSLAX_USDT,spot_perp,reference,7,all,1498,7,2,2016,0.7430555555555556,9.661759248561719,9.360202876244061,9.360202876244061,15.291825682163472,17.40773895593872,4.518438080541413,-4.764173415912065,28.558584763465067,0.9879839786381842,8.670117454414594,9.638590135565007,True,K线收盘代理；达到描述性样本门槛,0.43524699599465955,0.0,0.0,0.0
TSLA,gateio|futures|TSLA_USDT::gateio|spot|TSLAX_USDT,spot_perp,reference,7,regular,375,5,1,390,0.9615384615384616,11.781626343026069,11.583214868635672,11.583214868635672,19.09406554876325,21.025061228864494,5.232529544894567,-4.764173415912065,28.558584763465067,0.9866666666666667,10.276950644285687,11.910118307174589,True,K线收盘代理；达到描述性样本门槛,0.624,0.0,0.0,0.0
TSLA,gateio|futures|TSLA_USDT::gateio|spot|TSLAX_USDT,spot_perp,reference,7,non_regular,1123,7,2,1626,0.6906519065190652,8.953878428949848,8.79296562749765,8.79296562749765,14.010495475798024,15.831564670372149,4.011161050518285,-3.933497666124275,28.453824691287988,0.9884238646482636,8.014273897875569,9.389438718765408,False,样本不足 / 仅事件观察,0.3722172751558326,0.0,0.0,0.0
TSLA,gateio|futures|TSLA_USDT::gateio|spot|TSLAX_USDT,spot_perp,reference,7,pre_market,302,5,1,330,0.9151515151515152,9.730483084509041,9.360496704529098,9.360496704529098,16.635532053146843,18.485568192190826,4.764895767141687,-2.3600367116827226,23.202467898857382,0.9900662251655629,9.347684424531044,10.319781121691518,True,K线收盘代理；达到描述性样本门槛,0.45364238410596025,0.0,0.0,0.0
TSLA,gateio|futures|TSLA_USDT::gateio|spot|TSLAX_USDT,spot_perp,reference,7,after_market,189,5,1,240,0.7875,9.80489280734787,9.672219236969148,9.672219236969148,14.543379671857707,15.199144799191709,3.4079630539473404,1.3233464785744609,17.443704408499627,1.0,8.269974656529566,10.529918129886795,True,K线收盘代理；达到描述性样本门槛,0.4444444444444444,0.0,0.0,0.0
TSLA,gateio|futures|TSLA_USDT::gateio|spot|TSLAX_USDT,spot_perp,reference,7,overnight,349,5,1,480,0.7270833333333333,8.180837657670642,8.170157139355538,8.170157139355538,12.69092333415811,14.152254946301115,3.721274559420713,-3.933497666124275,19.789440354627263,0.9770773638968482,7.115094407971201,8.97761001431352,True,K线收盘代理；达到描述性样本门槛,0.3237822349570201,0.0,0.0,0.0
TSLA,gateio|futures|TSLA_USDT::gateio|spot|TSLAX_USDT,spot_perp,reference,7,weekend,283,2,2,576,0.4913194444444444,8.510114844781434,8.220979940809503,8.220979940809503,13.177498309203006,14.011913116979802,3.5668408451813036,-1.3639959625721954,28.453824691287988,0.9929328621908127,7.702558937800196,8.589986739197808,False,样本不足 / 仅事件观察,0.2968197879858657,0.0,0.0,0.0
TSLA,gateio|futures|TSLA_USDT::gateio|spot|TSLAX_USDT,spot_perp,reference,7,holiday,0,0,0,0,0,,,,,,,,,,,,False,样本不足 / 仅事件观察,,,,
TSLA,gateio|futures|TSLA_USDT::gateio|spot|TSLAX_USDT,spot_perp,reference,30,all,5410,24,4,8640,0.6261574074074074,12.269170967647929,11.494567457088767,11.500474744498002,19.764720808504112,23.617543205751602,6.53773763366408,-20.554413643686374,80.49741853106252,0.988539741219963,9.019499902364336,14.006242485215814,False,样本不足 / 仅事件观察,0.6186691312384474,0.020517560073937152,0.0007393715341959334,0.0
TSLA,gateio|futures|TSLA_USDT::gateio|spot|TSLAX_USDT,spot_perp,reference,30,regular,1190,16,4,1560,0.7628205128205128,12.792723797136182,11.686862467535919,11.686862467535919,21.45232168290124,29.75255485199165,8.255450086981764,-8.864020387246985,80.49741853106252,0.9756302521008403,9.892506431961046,13.981414056353502,True,K线收盘代理；达到描述性样本门槛,0.6159663865546219,0.05042016806722689,0.0025210084033613447,0.0
TSLA,gateio|futures|TSLA_USDT::gateio|spot|TSLAX_USDT,spot_perp,reference,30,non_regular,4220,24,4,7080,0.596045197740113,12.121534032318301,11.446073878109697,11.457567117330036,19.383284778174303,22.628114210965887,5.95629221599253,-20.554413643686374,57.60908514567564,0.9921800947867299,8.471967672794566,13.645205908534297,False,样本不足 / 仅事件观察,0.6194312796208531,0.012085308056872038,0.00023696682464454977,0.0
TSLA,gateio|futures|TSLA_USDT::gateio|spot|TSLAX_USDT,spot_perp,reference,30,pre_market,930,16,4,1320,0.7045454545454546,12.439870993373448,11.752690105308883,11.840992726753763,19.826809808798362,23.38371640333958,6.800862077886894,-20.554413643686374,57.60908514567564,0.9881720430107527,9.647632945534445,14.712580579629709,True,K线收盘代理；达到描述性样本门槛,0.6333333333333333,0.01827956989247312,0.001075268817204301,0.0
TSLA,gateio|futures|TSLA_USDT::gateio|spot|TSLAX_USDT,spot_perp,reference,30,after_market,604,16,4,960,0.6291666666666667,11.729421133950915,11.112264640514846,11.157909424999168,18.713862534558647,22.635797618095978,5.653197155555363,-17.213983050848867,37.09261828581223,0.9933774834437086,8.177312110287938,12.877996688828997,False,样本不足 / 仅事件观察,0.5844370860927153,0.006622516556291391,0.0,0.0
TSLA,gateio|futures|TSLA_USDT::gateio|spot|TSLAX_USDT,spot_perp,reference,30,overnight,1126,16,4,1920,0.5864583333333333,11.324821860171316,10.830065488922624,10.830065488922624,18.528855997845817,20.390136984579364,5.608801389361154,-5.610772683551923,49.690452916260064,0.9884547069271759,8.055195251222557,13.770606855327273,False,样本不足 / 仅事件观察,0.5621669626998224,0.008880994671403197,0.0,0.0
TSLA,gateio|futures|TSLA_USDT::gateio|spot|TSLAX_USDT,spot_perp,reference,30,weekend,1306,7,4,2592,0.503858024691358,12.988578186993962,12.252065891198427,12.252065891198427,20.749214894570933,25.655158530399902,5.996508764157672,-1.3702384214842045,34.07682775712573,0.9961715160796325,9.447816970696854,13.750385842325464,False,样本不足 / 仅事件观察,0.678407350689127,0.015313935681470138,0.0,0.0
TSLA,gateio|futures|TSLA_USDT::gateio|spot|TSLAX_USDT,spot_perp,reference,30,holiday,254,1,1,288,0.8819444444444444,10.9621681136715,10.989168184983855,10.989168184983855,14.917013579927696,16.624995880020755,3.3135242995043273,1.6889514426465801,22.018348623853434,1.0,10.989168184983855,10.989168184983855,False,样本不足 / 仅事件观察,0.6023622047244095,0.0,0.0,0.0
TSLA,gateio|futures|TSLA_USDT::gateio|spot|TSLAON_USDT,spot_perp,reference,7,all,1086,7,2,2016,0.5386904761904762,10.956247093655298,11.115605080395108,11.20388605414524,19.715166398770467,21.98471675289526,7.244243643847857,-14.132056214180011,44.06933575492155,0.934622467771639,10.176990821414433,12.52356973648061,False,样本不足 / 仅事件观察,0.580110497237569,0.009208103130755065,0.0,0.0
TSLA,gateio|futures|TSLA_USDT::gateio|spot|TSLAON_USDT,spot_perp,reference,7,regular,297,5,1,390,0.7615384615384615,11.999563839214499,12.166415403740416,12.178374316584861,22.830409657204957,27.021766691976968,8.975538591844632,-13.61256544502587,44.06933575492155,0.9057239057239057,10.668527125086147,14.210885112491134,True,K线收盘代理；达到描述性样本门槛,0.6262626262626263,0.02356902356902357,0.0,0.0
TSLA,gateio|futures|TSLA_USDT::gateio|spot|TSLAON_USDT,spot_perp,reference,7,non_regular,789,7,2,1626,0.48523985239852396,10.563515695136815,10.761945759791836,10.800273958166962,18.00323322384534,20.452308626106134,6.429975494682664,-14.132056214180011,39.14515446466371,0.9455006337135615,9.85822470555564,12.62916287845195,False,样本不足 / 仅事件观察,0.5627376425855514,0.0038022813688212928,0.0,0.0
TSLA,gateio|futures|TSLA_USDT::gateio|spot|TSLAON_USDT,spot_perp,reference,7,pre_market,244,5,1,330,0.7393939393939394,10.163141229611284,10.282298354272745,10.48315670416966,20.525406415171865,23.148516939125116,8.269074455047285,-14.132056214180011,39.14515446466371,0.889344262295082,7.6145464093468895,14.218005821947655,True,K线收盘代理；达到描述性样本门槛,0.5450819672131147,0.012295081967213115,0.0,0.0
TSLA,gateio|futures|TSLA_USDT::gateio|spot|TSLAON_USDT,spot_perp,reference,7,after_market,151,5,1,240,0.6291666666666667,11.401816132354421,10.858050847457612,10.858050847457612,17.448315973140893,18.62348017661497,4.258660715235614,2.104155707522981,20.706160755101788,1.0,11.230680808924642,13.167441827808268,False,样本不足 / 仅事件观察,0.6291390728476821,0.0,0.0,0.0
TSLA,gateio|futures|TSLA_USDT::gateio|spot|TSLAON_USDT,spot_perp,reference,7,overnight,285,5,1,480,0.59375,10.124300779255309,10.637427379101005,10.646225912913643,17.265966911384822,19.424084433168346,5.961097991731687,-12.63157894736855,24.23822714681556,0.9543859649122807,9.224849107825062,12.14264973735002,False,样本不足 / 仅事件观察,0.5263157894736842,0.0,0.0,0.0
TSLA,gateio|futures|TSLA_USDT::gateio|spot|TSLAON_USDT,spot_perp,reference,7,weekend,109,2,2,576,0.1892361111111111,11.446857480408372,11.738050391723043,11.738050391723043,17.940990152252034,19.1603193165597,5.055231123293529,-3.4917138943357795,22.20759993420085,0.9724770642201835,11.15952006504467,12.235573104334707,False,样本不足 / 仅事件观察,0.6055045871559633,0.0,0.0,0.0
TSLA,gateio|futures|TSLA_USDT::gateio|spot|TSLAON_USDT,spot_perp,reference,7,holiday,0,0,0,0,0,,,,,,,,,,,,False,样本不足 / 仅事件观察,,,,
TSLA,gateio|futures|TSLA_USDT::gateio|spot|TSLAON_USDT,spot_perp,reference,30,all,3446,24,4,8640,0.3988425925925926,12.02049905302325,11.839924224483767,11.994691279882952,21.732401537334354,25.81110048481383,8.461116347146676,-25.99538449295835,69.59656176348305,0.9338363319791062,10.460411356867649,13.412447910874647,False,样本不足 / 仅事件观察,0.6160766105629716,0.026697620429483458,0.0008705745792222867,0.0
TSLA,gateio|futures|TSLA_USDT::gateio|spot|TSLAON_USDT,spot_perp,reference,30,regular,951,16,4,1560,0.6096153846153847,12.257354731264778,12.095798725910711,12.334173884442912,25.32610767680632,29.95618217622953,10.744363960632752,-25.873573549036742,69.59656176348305,0.886435331230284,10.752428373614897,14.164277253684576,False,样本不足 / 仅事件观察,0.6088328075709779,0.04942166140904311,0.0031545741324921135,0.0
TSLA,gateio|futures|TSLA_USDT::gateio|spot|TSLAON_USDT,spot_perp,reference,30,non_regular,2495,24,4,7080,0.3524011299435028,11.930218592098324,11.785019321950418,11.850213303838952,20.46048598739824,23.21164208898807,7.4058529154284685,-25.99538449295835,47.999106993359405,0.9519038076152304,10.445654045223574,13.194560295547719,False,样本不足 / 仅事件观察,0.6188376753507014,0.018036072144288578,0.0,0.0
TSLA,gateio|futures|TSLA_USDT::gateio|spot|TSLAON_USDT,spot_perp,reference,30,pre_market,687,16,4,1320,0.5204545454545455,12.27304629949621,12.18060515461028,12.314926250385216,21.742104210894286,25.48067540958909,8.506064498530208,-19.69978635443015,47.9459518361125,0.9301310043668122,10.516709871284668,15.555058974286162,False,样本不足 / 仅事件观察,0.6404657933042213,0.027656477438136828,0.0,0.0
TSLA,gateio|futures|TSLA_USDT::gateio|spot|TSLAON_USDT,spot_perp,reference,30,after_market,492,16,4,960,0.5125,11.520908321605868,11.071595805925982,11.175824057234607,19.48928496145142,21.888430309282214,6.540364269618732,-25.99538449295835,38.22954719225224,0.9695121951219512,8.984485373771944,13.481160426716821,False,样本不足 / 仅事件观察,0.6016260162601627,0.0040650406504065045,0.0,0.0
TSLA,gateio|futures|TSLA_USDT::gateio|spot|TSLAON_USDT,spot_perp,reference,30,overnight,830,16,4,1920,0.4322916666666667,11.486286454310816,11.630045139422451,11.63458515173188,19.736511389696123,21.09842826289232,6.703554677157401,-12.63157894736855,47.999106993359405,0.9518072289156626,9.864842734832457,14.878636742082785,False,样本不足 / 仅事件观察,0.6024096385542169,0.004819277108433735,0.0,0.0
TSLA,gateio|futures|TSLA_USDT::gateio|spot|TSLAON_USDT,spot_perp,reference,30,weekend,415,7,4,2592,0.16010802469135801,12.891163027782351,12.344662990702027,12.345332622540894,22.063011939126305,29.10189288839189,7.785134338540956,-13.14024473705877,40.87500704741398,0.963855421686747,10.589404326736274,12.970800709676267,False,样本不足 / 仅事件观察,0.6433734939759036,0.04578313253012048,0.0,0.0
TSLA,gateio|futures|TSLA_USDT::gateio|spot|TSLAON_USDT,spot_perp,reference,30,holiday,71,1,1,288,0.2465277777777778,11.022186925263155,10.992108229987974,10.992108229987974,17.989655947829863,19.427271733948317,6.358578036112784,-5.345186518876943,36.0766629086795,0.971830985915493,10.992108229987974,10.992108229987974,False,样本不足 / 仅事件观察,0.5774647887323944,0.014084507042253521,0.0,0.0
TSLA,gateio|futures|TSLA_USDT::gateio|spot|TSLAG_USDT,spot_perp,reference,7,all,1625,7,2,2016,0.8060515873015873,8.569916301924563,8.464936645240506,8.501142341001966,12.745996424637259,15.37464140205902,4.4785909616022055,-27.448827542936314,55.63025653193998,0.9809230769230769,8.174983890754106,8.939328558025261,True,K线收盘代理；达到描述性样本门槛,0.30953846153846154,0.0012307692307692308,0.0006153846153846154,0.0
TSLA,gateio|futures|TSLA_USDT::gateio|spot|TSLAG_USDT,spot_perp,reference,7,regular,383,5,1,390,0.982051282051282,9.699896989392727,9.554900867903005,9.623095429027728,17.37606944184833,20.369453825176848,6.781275384172685,-27.448827542936314,55.63025653193998,0.9556135770234987,9.125688638280671,10.01885165135663,True,K线收盘代理；达到描述性样本门槛,0.4804177545691906,0.005221932114882507,0.0026109660574412533,0.0
TSLA,gateio|futures|TSLA_USDT::gateio|spot|TSLAG_USDT,spot_perp,reference,7,non_regular,1242,7,2,1626,0.7638376383763837,8.221460099589372,8.221394514593694,8.243256346178729,11.731686288322551,13.398233819439833,3.398105510368418,-12.878645595770788,26.2596422123762,0.9887278582930756,7.708904018862706,8.939328558025261,True,K线收盘代理；达到描述性样本门槛,0.25684380032206117,0.0,0.0,0.0
TSLA,gateio|futures|TSLA_USDT::gateio|spot|TSLAG_USDT,spot_perp,reference,7,pre_market,328,5,1,330,0.9939393939393939,8.060935194693188,7.950369384301936,8.128192263531231,12.954818668383439,15.101756624056767,4.427568342460099,-10.993901002538387,25.7576155807282,0.9695121951219512,7.345227428122714,8.917835504357319,True,K线收盘代理；达到描述性样本门槛,0.29878048780487804,0.0,0.0,0.0
TSLA,gateio|futures|TSLA_USDT::gateio|spot|TSLAG_USDT,spot_perp,reference,7,after_market,234,5,1,240,0.975,8.457168728264461,8.53549567256362,8.53549567256362,11.061568163257762,11.726595832086794,2.2043815566289533,1.8421537408874755,17.698647506341203,1.0,8.403226380050421,8.994565752777905,True,K线收盘代理；达到描述性样本门槛,0.24786324786324787,0.0,0.0,0.0
TSLA,gateio|futures|TSLA_USDT::gateio|spot|TSLAG_USDT,spot_perp,reference,7,overnight,474,5,1,480,0.9875,7.872860807011558,7.712458673703182,7.719544784238197,11.281282136717417,12.804295005188534,3.0880845472149545,-12.878645595770788,21.11988172866175,0.9915611814345991,7.360959651034893,8.515566660003415,True,K线收盘代理；达到描述性样本门槛,0.20253164556962025,0.0,0.0,0.0
TSLA,gateio|futures|TSLA_USDT::gateio|spot|TSLAG_USDT,spot_perp,reference,7,weekend,206,2,2,576,0.3576388888888889,9.011423276180933,8.871087337574135,8.871087337574135,11.924308868537237,13.983513029340312,3.1520908631763205,0.27548209366345944,26.2596422123762,1.0,8.837072495199717,9.041584620850806,False,样本不足 / 仅事件观察,0.32524271844660196,0.0,0.0,0.0
TSLA,gateio|futures|TSLA_USDT::gateio|spot|TSLAG_USDT,spot_perp,reference,7,holiday,0,0,0,0,0,,,,,,,,,,,,False,样本不足 / 仅事件观察,,,,
TSLA,gateio|futures|TSLA_USDT::gateio|spot|TSLAG_USDT,spot_perp,reference,30,all,5340,24,4,8640,0.6180555555555556,9.297781338983624,8.668623582739343,8.720681278490128,15.549851721209597,20.74532707016076,6.521040786823295,-33.51296281401628,72.94815965384504,0.9653558052434457,7.84551391281918,9.81130357841642,False,样本不足 / 仅事件观察,0.36741573033707864,0.014044943820224719,0.0005617977528089888,0.0
TSLA,gateio|futures|TSLA_USDT::gateio|spot|TSLAG_USDT,spot_perp,reference,30,regular,1195,16,4,1560,0.7660256410256411,10.13992480389527,9.105273024287985,9.290125143450734,21.783155128809046,27.876855412487735,9.24466687564036,-33.51296281401628,72.94815965384504,0.9305439330543933,7.737371947368898,9.76681274404867,True,K线收盘代理；达到描述性样本门槛,0.44602510460251044,0.038493723849372385,0.0016736401673640166,0.0
TSLA,gateio|futures|TSLA_USDT::gateio|spot|TSLAG_USDT,spot_perp,reference,30,non_regular,4145,24,4,7080,0.58545197740113,9.054992089147818,8.536182398941605,8.63377112657604,14.308881502320236,18.523726076032247,5.466354190559962,-32.484372014304206,50.236246130452855,0.9753920386007238,7.616322938385212,9.856000232018047,False,样本不足 / 仅事件观察,0.34475271411338965,0.006996381182147165,0.00024125452352231604,0.0
TSLA,gateio|futures|TSLA_USDT::gateio|spot|TSLAG_USDT,spot_perp,reference,30,pre_market,985,16,4,1320,0.7462121212121212,9.433511738406327,8.723466123872203,8.769598724420735,15.648533085878213,20.638942051882655,6.405289010794871,-25.818272674273945,45.718017797369285,0.965482233502538,7.389121351380479,10.779134847545835,True,K线收盘代理；达到描述性样本门槛,0.39086294416243655,0.014213197969543147,0.0,0.0
TSLA,gateio|futures|TSLA_USDT::gateio|spot|TSLAG_USDT,spot_perp,reference,30,after_market,729,16,4,960,0.759375,9.008266208587303,8.705056846660675,8.719778042012294,12.35795220642455,17.42818383392431,4.006461838432063,-20.91385609149232,31.12796423113906,0.9917695473251029,8.30605694143255,9.494946046258445,True,K线收盘代理；达到描述性样本门槛,0.27709190672153633,0.0027434842249657062,0.0,0.0
TSLA,gateio|futures|TSLA_USDT::gateio|spot|TSLAG_USDT,spot_perp,reference,30,overnight,1390,16,4,1920,0.7239583333333334,8.796990375799913,8.419873280187673,8.424666632171895,13.300651951355222,15.331603395618675,4.500808495562489,-12.878645595770788,50.236246130452855,0.9856115107913669,7.45384055021503,10.294125261550436,True,K线收盘代理；达到描述性样本门槛,0.318705035971223,0.0035971223021582736,0.0007194244604316547,0.0
TSLA,gateio|futures|TSLA_USDT::gateio|spot|TSLAG_USDT,spot_perp,reference,30,weekend,770,7,4,2592,0.2970679012345679,9.901399427652812,9.211389962716643,9.321964220719847,17.473471073164106,22.627766608035216,6.5895121102404035,-32.484372014304206,48.29318100284308,0.9675324675324676,8.578349254685369,10.166371568907095,False,样本不足 / 仅事件观察,0.42597402597402595,0.01038961038961039,0.0,0.0
TSLA,gateio|futures|TSLA_USDT::gateio|spot|TSLAG_USDT,spot_perp,reference,30,holiday,271,1,1,288,0.9409722222222222,6.723294832002908,7.030173504682935,7.3150831387325255,11.84099238793479,13.260546304471044,5.3958711691623,-23.380281690140727,28.727539007491476,0.9372693726937269,7.3150831387325255,7.3150831387325255,False,样本不足 / 仅事件观察,0.26199261992619927,0.0,0.0,0.0
TSLA,bitget|futures|TSLAUSDT::bitget|spot|RTSLAUSDT,spot_perp,reference,7,all,0,0,0,2016,0.0,,,,,,,,,,,,False,样本不足 / 仅事件观察,,,,
TSLA,bitget|futures|TSLAUSDT::bitget|spot|RTSLAUSDT,spot_perp,reference,7,regular,0,0,0,390,0.0,,,,,,,,,,,,False,样本不足 / 仅事件观察,,,,
TSLA,bitget|futures|TSLAUSDT::bitget|spot|RTSLAUSDT,spot_perp,reference,7,non_regular,0,0,0,1626,0.0,,,,,,,,,,,,False,样本不足 / 仅事件观察,,,,
TSLA,bitget|futures|TSLAUSDT::bitget|spot|RTSLAUSDT,spot_perp,reference,7,pre_market,0,0,0,330,0.0,,,,,,,,,,,,False,样本不足 / 仅事件观察,,,,
TSLA,bitget|futures|TSLAUSDT::bitget|spot|RTSLAUSDT,spot_perp,reference,7,after_market,0,0,0,240,0.0,,,,,,,,,,,,False,样本不足 / 仅事件观察,,,,
TSLA,bitget|futures|TSLAUSDT::bitget|spot|RTSLAUSDT,spot_perp,reference,7,overnight,0,0,0,480,0.0,,,,,,,,,,,,False,样本不足 / 仅事件观察,,,,
TSLA,bitget|futures|TSLAUSDT::bitget|spot|RTSLAUSDT,spot_perp,reference,7,weekend,0,0,0,576,0.0,,,,,,,,,,,,False,样本不足 / 仅事件观察,,,,
TSLA,bitget|futures|TSLAUSDT::bitget|spot|RTSLAUSDT,spot_perp,reference,7,holiday,0,0,0,0,0,,,,,,,,,,,,False,样本不足 / 仅事件观察,,,,
TSLA,bitget|futures|TSLAUSDT::bitget|spot|RTSLAUSDT,spot_perp,reference,30,all,0,0,0,8640,0.0,,,,,,,,,,,,False,样本不足 / 仅事件观察,,,,
TSLA,bitget|futures|TSLAUSDT::bitget|spot|RTSLAUSDT,spot_perp,reference,30,regular,0,0,0,1560,0.0,,,,,,,,,,,,False,样本不足 / 仅事件观察,,,,
TSLA,bitget|futures|TSLAUSDT::bitget|spot|RTSLAUSDT,spot_perp,reference,30,non_regular,0,0,0,7080,0.0,,,,,,,,,,,,False,样本不足 / 仅事件观察,,,,
TSLA,bitget|futures|TSLAUSDT::bitget|spot|RTSLAUSDT,spot_perp,reference,30,pre_market,0,0,0,1320,0.0,,,,,,,,,,,,False,样本不足 / 仅事件观察,,,,
TSLA,bitget|futures|TSLAUSDT::bitget|spot|RTSLAUSDT,spot_perp,reference,30,after_market,0,0,0,960,0.0,,,,,,,,,,,,False,样本不足 / 仅事件观察,,,,
TSLA,bitget|futures|TSLAUSDT::bitget|spot|RTSLAUSDT,spot_perp,reference,30,overnight,0,0,0,1920,0.0,,,,,,,,,,,,False,样本不足 / 仅事件观察,,,,
TSLA,bitget|futures|TSLAUSDT::bitget|spot|RTSLAUSDT,spot_perp,reference,30,weekend,0,0,0,2592,0.0,,,,,,,,,,,,False,样本不足 / 仅事件观察,,,,
TSLA,bitget|futures|TSLAUSDT::bitget|spot|RTSLAUSDT,spot_perp,reference,30,holiday,0,0,0,288,0.0,,,,,,,,,,,,False,样本不足 / 仅事件观察,,,,
TSLA,binance|futures|TSLAUSDT::binance|spot|TSLABUSDT,spot_perp,reference,7,all,1986,7,2,2016,0.9851190476190477,6.803645826088951,6.7155559137188625,6.7155559137188625,8.98769524221854,9.827943149042229,1.7997627059907961,-2.377304664799018,16.901861887643754,0.9984894259818731,6.047960261016949,7.586898211544013,True,K线收盘代理；达到描述性样本门槛,0.04682779456193353,0.0,0.0,0.0
TSLA,binance|futures|TSLAUSDT::binance|spot|TSLABUSDT,spot_perp,reference,7,regular,390,5,1,390,1.0,6.83194084576036,6.638343074251152,6.638343074251152,10.218962464622065,11.08794504615762,2.471266765714751,-2.377304664799018,16.901861887643754,0.9948717948717949,6.2109258342391005,6.606157292824433,True,K线收盘代理；达到描述性样本门槛,0.11282051282051282,0.0,0.0,0.0
TSLA,binance|futures|TSLAUSDT::binance|spot|TSLABUSDT,spot_perp,reference,7,non_regular,1596,7,2,1626,0.981549815498155,6.796731629552705,6.719978526414927,6.719978526414927,8.814577309207428,9.485677493371591,1.5931327491017393,0.0,12.89352100569463,0.9993734335839599,5.987287970893318,7.524717317725083,True,K线收盘代理；达到描述性样本门槛,0.03070175438596491,0.0,0.0,0.0
TSLA,binance|futures|TSLAUSDT::binance|spot|TSLABUSDT,spot_perp,reference,7,pre_market,330,5,1,330,1.0,6.79612458074024,6.7870207725928555,6.7870207725928555,8.91260786650383,9.456558611590783,1.6152015928630281,2.8802597470600766,12.243159799849579,1.0,5.587194375251681,7.571866048422526,True,K线收盘代理；达到描述性样本门槛,0.021212121212121213,0.0,0.0,0.0
TSLA,binance|futures|TSLAUSDT::binance|spot|TSLABUSDT,spot_perp,reference,7,after_market,224,5,1,240,0.9333333333333333,6.598614586621129,6.618046144885037,6.618046144885037,8.727158480072328,9.557992696630933,1.6703634593982897,0.5327366682639223,12.89352100569463,1.0,5.636524679926147,7.20393816439624,True,K线收盘代理；达到描述性样本门槛,0.04017857142857143,0.0,0.0,0.0
TSLA,binance|futures|TSLAUSDT::binance|spot|TSLABUSDT,spot_perp,reference,7,overnight,477,5,1,480,0.99375,6.803398110964266,6.600311534703529,6.600311534703529,8.91717327783992,9.503543907829926,1.544199871323822,0.5305602716476621,12.391900442945136,1.0,6.24575180005249,7.33975884639082,True,K线收盘代理；达到描述性样本门槛,0.029350104821802937,0.0,0.0,0.0
TSLA,binance|futures|TSLAUSDT::binance|spot|TSLABUSDT,spot_perp,reference,7,weekend,565,2,2,576,0.9809027777777778,6.870003544758851,6.846126461648172,6.846126461648172,8.816835762317066,9.396726123819919,1.582855876533539,0.0,12.273285149326796,0.9982300884955753,6.366363285592868,7.26190495457052,True,K线收盘代理；达到描述性样本门槛,0.033628318584070796,0.0,0.0,0.0
TSLA,binance|futures|TSLAUSDT::binance|spot|TSLABUSDT,spot_perp,reference,7,holiday,0,0,0,0,0,,,,,,,,,,,,False,样本不足 / 仅事件观察,,,,
TSLA,binance|futures|TSLAUSDT::binance|spot|TSLABUSDT,spot_perp,reference,30,all,8509,30,5,8640,0.984837962962963,5.167701160695336,5.378078950197818,5.382565869149758,7.970710328977226,8.883213543557478,2.5382017049790617,-14.147473261275634,24.29906542056104,0.9735574098013867,4.078533694375497,6.121332345297159,True,K线收盘代理；达到描述性样本门槛,0.024209660359619228,0.0,0.0,0.0
TSLA,binance|futures|TSLAUSDT::binance|spot|TSLABUSDT,spot_perp,reference,30,regular,1558,20,5,1560,0.9987179487179487,5.462576684102748,5.736607906725588,5.75127956796373,8.88647635643336,10.389167595133419,3.1821985257420855,-14.147473261275634,22.137532926076453,0.9473684210526315,5.379294796064027,6.179629170496859,True,K线收盘代理；达到描述性样本门槛,0.06033376123234917,0.0,0.0,0.0
TSLA,binance|futures|TSLAUSDT::binance|spot|TSLABUSDT,spot_perp,reference,30,non_regular,6951,30,5,7080,0.9817796610169491,5.101607639551796,5.297872904028722,5.299712699784465,7.794651256549656,8.65145452579208,2.3649302174867737,-12.344970142398326,24.29906542056104,0.9794274205150338,3.8604919075374555,6.12099771330421,True,K线收盘代理；达到描述性样本门槛,0.016112789526686808,0.0,0.0,0.0
TSLA,binance|futures|TSLAUSDT::binance|spot|TSLABUSDT,spot_perp,reference,30,pre_market,1320,20,5,1320,1.0,5.3985742378418005,5.528341777113477,5.533277285481031,8.112080271110989,8.950840638467849,2.474619381086788,-6.144736474595902,18.818638878745908,0.975,4.1681816333341555,6.1060300684318,True,K线收盘代理；达到描述性样本门槛,0.02196969696969697,0.0,0.0,0.0
TSLA,binance|futures|TSLAUSDT::binance|spot|TSLABUSDT,spot_perp,reference,30,after_market,910,20,5,960,0.9479166666666666,5.268948759728984,5.493600221322392,5.496091030896544,7.7354167394037,8.712950160029598,2.49447420551078,-12.344970142398326,24.29906542056104,0.978021978021978,4.733159289668221,5.912161573563834,True,K线收盘代理；达到描述性样本门槛,0.023076923076923078,0.0,0.0,0.0
TSLA,binance|futures|TSLAUSDT::binance|spot|TSLABUSDT,spot_perp,reference,30,overnight,1898,20,5,1920,0.9885416666666667,5.441246246344422,5.733475411947575,5.734884551472641,7.963583461434442,8.758323142309953,2.2804789177140017,-6.00686498855918,14.446049561063212,0.9736564805057956,4.45581553889185,6.279453559482063,True,K线收盘代理；达到描述性样本门槛,0.016332982086406742,0.0,0.0,0.0
TSLA,binance|futures|TSLAUSDT::binance|spot|TSLABUSDT,spot_perp,reference,30,weekend,2543,9,5,2592,0.9810956790123457,4.838884730299417,4.923548237096842,4.923817599913338,7.522837206030086,8.49194087647076,2.2515000317492486,-9.532888465205724,17.591116486173064,0.9878096736138419,3.141062252703941,5.918592451104043,True,K线收盘代理；达到描述性样本门槛,0.011797090051120724,0.0,0.0,0.0
TSLA,binance|futures|TSLAUSDT::binance|spot|TSLABUSDT,spot_perp,reference,30,holiday,280,1,1,288,0.9722222222222222,3.24158604466734,3.3696035615637943,3.3696035615637943,5.34765422834349,6.469733671990885,1.7562131414442534,-1.689902830587231,10.976639459612247,0.9678571428571429,3.3696035615637943,3.3696035615637943,False,样本不足 / 仅事件观察,0.0035714285714285713,0.0,0.0,0.0
TSLA,bybit|futures|TSLAUSDT::bybit|spot|TSLAXUSDT,spot_perp,reference,7,all,849,7,2,2016,0.4211309523809524,8.639263984891551,8.42970417006983,8.447729672649285,15.235986907293778,17.426409802502537,5.627447621652308,-13.067454198573136,40.5282087068537,0.9481743227326266,7.135607841627367,8.999612048093963,False,样本不足 / 仅事件观察,0.375736160188457,0.002355712603062426,0.0,0.0
TSLA,bybit|futures|TSLAUSDT::bybit|spot|TSLAXUSDT,spot_perp,reference,7,regular,298,5,1,390,0.764102564102564,9.029019498966818,8.716448883797634,8.792772442798302,17.540381531841348,19.679066299223326,7.269851549384244,-13.067454198573136,40.5282087068537,0.9161073825503355,6.734369528325068,9.02479163348735,True,K线收盘代理；达到描述性样本门槛,0.4228187919463087,0.006711409395973154,0.0,0.0
TSLA,bybit|futures|TSLAUSDT::bybit|spot|TSLAXUSDT,spot_perp,reference,7,non_regular,551,7,2,1626,0.33886838868388686,8.42847062156228,8.394103142541631,8.394103142541631,14.273253508843009,15.743079114428626,4.481662686329579,-5.71681002000779,23.145069036154542,0.9655172413793104,7.323002700753145,9.054350028789848,False,样本不足 / 仅事件观察,0.3502722323049002,0.0,0.0,0.0
TSLA,bybit|futures|TSLAUSDT::bybit|spot|TSLAXUSDT,spot_perp,reference,7,pre_market,178,5,1,330,0.5393939393939394,9.268482340686822,9.401133910449389,9.401133910449389,15.528060103060296,17.05018497065214,4.944315815382593,-5.71681002000779,21.810544455813652,0.9606741573033708,8.200633034241012,10.624734381639023,False,样本不足 / 仅事件观察,0.4438202247191011,0.0,0.0,0.0
TSLA,bybit|futures|TSLAUSDT::bybit|spot|TSLAXUSDT,spot_perp,reference,7,after_market,62,5,1,240,0.25833333333333336,9.624012217944948,9.89254072010004,9.89254072010004,14.47492496844438,15.596706238893088,3.5921822357141733,1.5875955864852465,15.841165909811217,1.0,9.129197394865951,10.388365031164248,False,样本不足 / 仅事件观察,0.4838709677419355,0.0,0.0,0.0
TSLA,bybit|futures|TSLAUSDT::bybit|spot|TSLAXUSDT,spot_perp,reference,7,overnight,183,5,1,480,0.38125,8.511828829384598,8.772163002737088,8.772163002737088,14.0524545812859,15.138963404144334,4.455897063115139,-4.9809935771394365,23.145069036154542,0.9617486338797814,7.36338294850869,9.282916573531974,False,样本不足 / 仅事件观察,0.36065573770491804,0.0,0.0,0.0
TSLA,bybit|futures|TSLAUSDT::bybit|spot|TSLAXUSDT,spot_perp,reference,7,weekend,128,2,2,576,0.2222222222222222,6.562062676160885,6.868233501717835,6.868233501717835,10.749411062684231,12.312549602748634,3.5583189571133165,-3.570447679208666,20.054945054945872,0.9609375,6.4148832619620455,6.8936670772618,False,样本不足 / 仅事件观察,0.140625,0.0,0.0,0.0
TSLA,bybit|futures|TSLAUSDT::bybit|spot|TSLAXUSDT,spot_perp,reference,7,holiday,0,0,0,0,0,,,,,,,,,,,,False,样本不足 / 仅事件观察,,,,
TSLA,bybit|futures|TSLAUSDT::bybit|spot|TSLAXUSDT,spot_perp,reference,30,all,4760,30,5,8640,0.5509259259259259,8.349499919858873,8.459298042018393,8.493848815867011,14.505705842212226,16.486725666763903,5.3572467609757135,-17.26072322430383,41.91349055549409,0.9434873949579832,7.134333413269522,9.855145090057471,False,样本不足 / 仅事件观察,0.36953781512605044,0.0010504201680672268,0.0,0.0
TSLA,bybit|futures|TSLAUSDT::bybit|spot|TSLAXUSDT,spot_perp,reference,30,regular,1374,20,5,1560,0.8807692307692307,8.493855677140349,8.460352598974596,8.589197140140836,16.370322320720778,19.24314407616445,6.771044410198728,-15.545737195222786,41.91349055549409,0.9104803493449781,6.497976940194189,10.132579987330303,True,K线收盘代理；达到描述性样本门槛,0.3930131004366812,0.002911208151382824,0.0,0.0
TSLA,bybit|futures|TSLAUSDT::bybit|spot|TSLAXUSDT,spot_perp,reference,30,non_regular,3386,30,5,7080,0.47824858757062144,8.290922007719255,8.459298042018393,8.473394914330079,13.790656411551971,15.442606974183647,4.661563019761664,-17.26072322430383,34.22146174529406,0.9568812758417011,7.137473006560424,9.925378193793577,False,样本不足 / 仅事件观察,0.36001181334908444,0.00029533372711163615,0.0,0.0
TSLA,bybit|futures|TSLAUSDT::bybit|spot|TSLAXUSDT,spot_perp,reference,30,pre_market,938,20,5,1320,0.7106060606060606,7.752695465691907,7.5904548406857675,7.601082274968363,14.571074372806914,16.496030095917934,5.130858097884033,-14.930737965549445,29.839091999219747,0.9466950959488273,6.0080059833404755,8.98479590781931,True,K线收盘代理；达到描述性样本门槛,0.3091684434968017,0.0,0.0,0.0
TSLA,bybit|futures|TSLAUSDT::bybit|spot|TSLAXUSDT,spot_perp,reference,30,after_market,423,20,5,960,0.440625,6.7232940474781975,7.1855598988279645,7.316524088247789,12.219818647576375,13.616744876987719,4.743643473927789,-14.423731119879157,20.552515681304673,0.9219858156028369,5.863421552523285,9.34465788750588,False,样本不足 / 仅事件观察,0.2647754137115839,0.0,0.0,0.0
TSLA,bybit|futures|TSLAUSDT::bybit|spot|TSLAXUSDT,spot_perp,reference,30,overnight,823,20,5,1920,0.42864583333333334,8.258195270804734,8.43170320404818,8.43789977952536,13.527406881990167,15.404052200111982,4.56855081380104,-12.924515330674513,34.22146174529406,0.9526123936816525,7.155990331276785,9.723093206056854,False,样本不足 / 仅事件观察,0.3511543134872418,0.001215066828675577,0.0,0.0
TSLA,bybit|futures|TSLAUSDT::bybit|spot|TSLAXUSDT,spot_perp,reference,30,weekend,1030,9,5,2592,0.39737654320987653,9.044072158731415,9.091826099972833,9.104229200812552,13.949824411358058,14.924889931668739,4.1077743113735465,-17.26072322430383,27.35120658708068,0.9776699029126213,7.133058984911678,10.661280124507622,False,样本不足 / 仅事件观察,0.40679611650485437,0.0,0.0,0.0
TSLA,bybit|futures|TSLAUSDT::bybit|spot|TSLAXUSDT,spot_perp,reference,30,holiday,172,1,1,288,0.5972222222222222,10.72785556900847,10.971390546410387,10.971390546410387,13.829435257485256,15.156005981367342,3.3159438407524986,-3.388681802778404,27.585430389012178,0.9941860465116279,10.971390546410387,10.971390546410387,False,样本不足 / 仅事件观察,0.6337209302325582,0.0,0.0,0.0
AAPL,binance|futures|AAPLUSDT::bitget|futures|AAPLUSDT,perp_perp,comparable,7,all,1870,7,2,2016,0.9275793650793651,-0.617926428754748,-0.5880104686201149,1.1802369328212103,3.2585453382939504,4.006690485094934,1.8585992261757924,-10.572376729024446,7.181758333831834,0.34385026737967916,0.8920051840527465,1.3406559501849546,True,K线收盘代理；达到描述性样本门槛,0.0010695187165775401,0.0,0.0,0.0
AAPL,binance|futures|AAPLUSDT::bitget|futures|AAPLUSDT,perp_perp,comparable,7,regular,390,5,1,390,1.0,-0.6774810376914366,-0.5838734182328498,1.1872961688758066,3.5453917290866337,4.694091572084613,2.123831300483107,-10.572376729024446,5.641665182019029,0.3487179487179487,0.891213448718231,1.1865915419756456,True,K线收盘代理；达到描述性样本门槛,0.002564102564102564,0.0,0.0,0.0
AAPL,binance|futures|AAPLUSDT::bitget|futures|AAPLUSDT,perp_perp,comparable,7,non_regular,1480,7,2,1626,0.9102091020910209,-0.602232984507918,-0.5882352946257052,1.1775962380711213,3.232014579726994,3.8664642422293616,1.7818162669026048,-10.47904191616822,7.181758333831834,0.34256756756756757,0.8877259342765509,1.339789720494755,True,K线收盘代理；达到描述性样本门槛,0.0006756756756756757,0.0,0.0,0.0
AAPL,binance|futures|AAPLUSDT::bitget|futures|AAPLUSDT,perp_perp,comparable,7,pre_market,324,5,1,330,0.9818181818181818,-0.3281753066281082,-0.29740219191942696,0.8894159626998688,2.0832775347445764,2.6461739796192476,1.2962652548832287,-6.752392695673626,3.2753692234410714,0.35802469135802467,0.8815750808122136,0.8914509850521668,True,K线收盘代理；达到描述性样本门槛,0.0,0.0,0.0,0.0
AAPL,binance|futures|AAPLUSDT::bitget|futures|AAPLUSDT,perp_perp,comparable,7,after_market,222,5,1,240,0.925,-0.9630864739703229,-0.8898116596639527,1.0327046698027642,2.9656607398461654,3.2713560090031346,1.3656489109242598,-4.100161077755793,4.170762951707374,0.20270270270270271,0.8846686923436042,1.6364490402354104,True,K线收盘代理；达到描述性样本门槛,0.0,0.0,0.0,0.0
AAPL,binance|futures|AAPLUSDT::bitget|futures|AAPLUSDT,perp_perp,comparable,7,overnight,448,5,1,480,0.9333333333333333,-0.7078768280455247,-0.29811623202313786,1.18727833405885,3.2715019471508677,3.869888401493049,1.7511455719048306,-5.354274495805722,3.27157005620915,0.37276785714285715,0.8826125330974044,1.7596339961289953,True,K线收盘代理；达到描述性样本门槛,0.0,0.0,0.0,0.0
AAPL,binance|futures|AAPLUSDT::bitget|futures|AAPLUSDT,perp_perp,comparable,7,weekend,486,2,2,576,0.84375,-0.5227201677744956,-0.598193455763063,1.4697020917037174,3.592331148095651,4.399891986594239,2.177913191357499,-10.47904191616822,7.181758333831834,0.3683127572016461,1.114955998594569,1.5477075093517367,True,K线收盘代理；达到描述性样本门槛,0.00205761316872428,0.0,0.0,0.0
AAPL,binance|futures|AAPLUSDT::bitget|futures|AAPLUSDT,perp_perp,comparable,7,holiday,0,0,0,0,0,,,,,,,,,,,,False,样本不足 / 仅事件观察,,,,
AAPL,binance|futures|AAPLUSDT::bitget|futures|AAPLUSDT,perp_perp,comparable,30,all,8078,30,5,8640,0.9349537037037037,-0.7946434239708481,-0.8789277506315862,1.2298610257044373,3.2257497308394445,3.8967189697762805,1.796145347168072,-10.572376729024446,8.204739815076412,0.28781876702153997,0.9089518705573951,1.537380455849946,True,K线收盘代理；达到描述性样本门槛,0.0002475860361475613,0.0,0.0,0.0
AAPL,binance|futures|AAPLUSDT::bitget|futures|AAPLUSDT,perp_perp,comparable,30,regular,1560,20,5,1560,1.0,-0.7521828925532579,-0.6319614517702465,1.4717139898040577,3.379790094649837,4.183182017737042,1.9927873136852017,-10.572376729024446,8.204739815076412,0.30512820512820515,1.184730344714613,1.6325972081698836,True,K线收盘代理；达到描述性样本门槛,0.000641025641025641,0.0,0.0,0.0
AAPL,binance|futures|AAPLUSDT::bitget|futures|AAPLUSDT,perp_perp,comparable,30,non_regular,6518,30,5,7080,0.9206214689265537,-0.8048058095203174,-0.8816916726117618,1.224908514932399,3.1541064896026816,3.8665907756422198,1.7456465810930744,-10.47904191616822,7.181758333831834,0.28367597422522245,0.9057297771977724,1.536450007225687,True,K线收盘代理；达到描述性样本门槛,0.00015342129487572875,0.0,0.0,0.0
AAPL,binance|futures|AAPLUSDT::bitget|futures|AAPLUSDT,perp_perp,comparable,30,pre_market,1308,20,5,1320,0.990909090909091,-0.9625838388823587,-0.8915702196687914,1.2016522938340657,3.2788633421098052,4.003874664578189,1.717231747429142,-8.19413803970992,4.222208818385198,0.25382262996941896,0.8914377418789421,1.547473753134021,True,K线收盘代理；达到描述性样本门槛,0.0,0.0,0.0,0.0
AAPL,binance|futures|AAPLUSDT::bitget|futures|AAPLUSDT,perp_perp,comparable,30,after_market,910,20,5,960,0.9479166666666666,-0.6608524530521287,-0.6010428126668188,1.1740738786475413,2.6767391369009186,3.2504944381055987,1.4675404769586737,-5.986703217065736,5.692599620492622,0.2813186813186813,0.8885655060728026,1.3311888783390513,True,K线收盘代理；达到描述性样本门槛,0.0,0.0,0.0,0.0
AAPL,binance|futures|AAPLUSDT::bitget|futures|AAPLUSDT,perp_perp,comparable,30,overnight,1831,20,5,1920,0.9536458333333333,-0.9461072424258108,-0.898822542468869,1.2176560121768265,3.153479865031228,3.9965570543337714,1.6708632411807847,-6.633813495071639,6.0587700696745905,0.2659748771163299,0.8997241577668458,1.6215132761601692,True,K线收盘代理；达到描述性样本门槛,0.0,0.0,0.0,0.0
AAPL,binance|futures|AAPLUSDT::bitget|futures|AAPLUSDT,perp_perp,comparable,30,weekend,2195,9,5,2592,0.8468364197530864,-0.6386933480188574,-0.6226068549031183,1.252073747144422,3.2909302027417375,3.9552177241255153,1.915021146973916,-10.47904191616822,7.181758333831834,0.32391799544419136,0.9051685122041242,1.7886688313428767,True,K线收盘代理；达到描述性样本门槛,0.00045558086560364467,0.0,0.0,0.0
AAPL,binance|futures|AAPLUSDT::bitget|futures|AAPLUSDT,perp_perp,comparable,30,holiday,274,1,1,288,0.9513888888888888,-0.9161847194701281,-0.9369436933398534,1.2489852007424584,3.117022478331566,3.551187163332626,1.6342167424735956,-7.173377413218773,4.37158469945409,0.22992700729927007,1.2489852007424584,1.2489852007424584,False,样本不足 / 仅事件观察,0.0,0.0,0.0,0.0
AAPL,binance|futures|AAPLUSDT::bybit|futures|AAPLUSDT,perp_perp,comparable,7,all,2011,7,2,2016,0.9975198412698413,1.361308913072395,1.1852554225422196,1.4873869585896315,4.704222039280115,5.295597355393644,2.2101025528736256,-5.931374002787759,11.827321111768097,0.6986573843858777,1.1823897585863663,2.0643035338208104,True,K线收盘代理；达到描述性样本门槛,0.0004972650422675286,0.0,0.0,0.0
AAPL,binance|futures|AAPLUSDT::bybit|futures|AAPLUSDT,perp_perp,comparable,7,regular,390,5,1,390,1.0,0.9056390316464754,0.5923030379406669,1.185185189346294,3.8233494941979362,4.709747443244483,2.0739596939127973,-5.931374002787759,11.827321111768097,0.6153846153846154,0.8850080274580563,1.0373368364424707,True,K线收盘代理；达到描述性样本门槛,0.002564102564102564,0.0,0.0,0.0
AAPL,binance|futures|AAPLUSDT::bybit|futures|AAPLUSDT,perp_perp,comparable,7,non_regular,1621,7,2,1626,0.9969249692496925,1.4709395446307594,1.192463629859919,1.4932059130945419,4.7069898799700916,5.361451166114861,2.227757421902151,-4.746366063483887,8.238686517976213,0.7186921653300432,1.1925029962431277,1.923938424955307,True,K线收盘代理；达到描述性样本门槛,0.0,0.0,0.0,0.0
AAPL,binance|futures|AAPLUSDT::bybit|futures|AAPLUSDT,perp_perp,comparable,7,pre_market,330,5,1,330,1.0,0.7407274525422881,0.8941878080326315,1.1923392207713324,2.3846287453155313,2.974322883359304,1.479145935733142,-4.115831250918189,5.010315355142847,0.6787878787878788,1.1865038421482454,1.4899355416908566,True,K线收盘代理；达到描述性样本门槛,0.0,0.0,0.0,0.0
AAPL,binance|futures|AAPLUSDT::bybit|futures|AAPLUSDT,perp_perp,comparable,7,after_market,238,5,1,240,0.9916666666666667,0.8965361664151236,0.5889812151682605,1.6259602077894897,4.983086820693927,5.570940805453617,2.5986473065430307,-4.746366063483887,7.038329569781787,0.5504201680672269,1.1899980791540976,1.7804682631528124,True,K线收盘代理；达到描述性样本门槛,0.0,0.0,0.0,0.0
AAPL,binance|futures|AAPLUSDT::bybit|futures|AAPLUSDT,perp_perp,comparable,7,overnight,480,5,1,480,1.0,0.6035344181038645,0.5955128121581943,1.190830608568949,2.9725897898804643,3.5173700923605278,1.7404739097989663,-3.5626280319445147,6.159802886307464,0.6145833333333334,0.8853213716580877,1.4860607554145755,True,K线收盘代理；达到描述性样本门槛,0.0,0.0,0.0,0.0
AAPL,binance|futures|AAPLUSDT::bybit|futures|AAPLUSDT,perp_perp,comparable,7,weekend,573,2,2,576,0.9947916666666666,2.8566855396349937,2.989536621824662,2.989536621824662,5.5865593270918446,5.926702391552127,2.1077691767508298,-1.498127340824329,8.238686517976213,0.8987783595113438,2.071946141353198,3.8265662560932334,True,K线收盘代理；达到描述性样本门槛,0.0,0.0,0.0,0.0
AAPL,binance|futures|AAPLUSDT::bybit|futures|AAPLUSDT,perp_perp,comparable,7,holiday,0,0,0,0,0,,,,,,,,,,,,False,样本不足 / 仅事件观察,,,,
AAPL,binance|futures|AAPLUSDT::bybit|futures|AAPLUSDT,perp_perp,comparable,30,all,8558,30,5,8640,0.9905092592592593,1.3896513454347907,1.2288031874840843,1.575348964812373,4.400866119086189,5.212726745977722,2.234070274709822,-6.651463321931672,14.563395351603337,0.7091610189296564,1.1874956735000164,2.329407038040854,True,K线收盘代理；达到描述性样本门槛,0.0012853470437017994,0.0,0.0,0.0
AAPL,binance|futures|AAPLUSDT::bybit|futures|AAPLUSDT,perp_perp,comparable,30,regular,1560,20,5,1560,1.0,1.5041780592758782,1.1904232387449643,1.8968733280605443,5.380334574644599,6.965718069835369,2.9378943068147514,-5.931374002787759,14.563395351603337,0.6519230769230769,1.1937260318892196,2.925623656423737,True,K线收盘代理；达到描述性样本门槛,0.00641025641025641,0.0,0.0,0.0
AAPL,binance|futures|AAPLUSDT::bybit|futures|AAPLUSDT,perp_perp,comparable,30,non_regular,6998,30,5,7080,0.9884180790960452,1.364120954810027,1.231148046717534,1.5563717860922477,4.160908286130027,4.987684846220697,2.0435332986892965,-6.651463321931672,10.860056110291172,0.7219205487282081,1.1914364523731014,2.3072731558795856,True,K线收盘代理；达到描述性样本门槛,0.00014289797084881395,0.0,0.0,0.0
AAPL,binance|futures|AAPLUSDT::bybit|futures|AAPLUSDT,perp_perp,comparable,30,pre_market,1318,20,5,1320,0.9984848484848485,1.0344101860046802,1.1891490176008102,1.5669069811269365,3.6955835013363636,4.46332265875482,1.9976556794578708,-6.116394996789065,6.5454761833905195,0.6775417298937785,1.127701321489566,1.861584653043008,True,K线收盘代理；达到描述性样本门槛,0.0,0.0,0.0,0.0
AAPL,binance|futures|AAPLUSDT::bybit|futures|AAPLUSDT,perp_perp,comparable,30,after_market,930,20,5,960,0.96875,1.5691143472153353,1.4898911448524288,1.7876030055108405,4.611153551180138,5.667591919145341,2.42585329489027,-6.306561977736935,10.860056110291172,0.7150537634408602,1.2201369398578965,2.4705340608979776,True,K线收盘代理；达到描述性样本门槛,0.001075268817204301,0.0,0.0,0.0
AAPL,binance|futures|AAPLUSDT::bybit|futures|AAPLUSDT,perp_perp,comparable,30,overnight,1906,20,5,1920,0.9927083333333333,1.0751437636307024,1.1744843282290862,1.4874755040483745,3.566651808768473,4.219981615812274,1.8677345541137746,-6.651463321931672,6.936904331040772,0.7030430220356768,1.1858907970437038,2.1878700750846414,True,K线收盘代理；达到描述性样本门槛,0.0,0.0,0.0,0.0
AAPL,binance|futures|AAPLUSDT::bybit|futures|AAPLUSDT,perp_perp,comparable,30,weekend,2557,9,5,2592,0.9864969135802469,1.7901089522449602,1.5600624024969534,1.7992083483275856,4.695552651743817,5.2961426427744485,2.0015952976854288,-3.7297196494068263,8.238686517976213,0.7798201016816582,0.9397907399300021,2.414292621060188,True,K线收盘代理；达到描述性样本门槛,0.0,0.0,0.0,0.0
AAPL,binance|futures|AAPLUSDT::bybit|futures|AAPLUSDT,perp_perp,comparable,30,holiday,287,1,1,288,0.9965277777777778,0.33782881298138423,0.31191515907691425,0.9348706762235537,2.1894431312925455,2.7157123766025046,1.3070019570645157,-5.328485456369547,4.058694973463339,0.5574912891986062,0.9348706762235537,0.9348706762235537,False,样本不足 / 仅事件观察,0.0,0.0,0.0,0.0
AAPL,binance|futures|AAPLUSDT::gateio|futures|AAPL_USDT,perp_perp,comparable,7,all,2005,7,2,2016,0.9945436507936508,2.578936914209219,2.0826515128979928,2.643559994124356,7.342316426399265,8.080203501421579,3.4136860751511255,-5.645520725003905,14.359649385227158,0.7012468827930175,1.6255034799542156,4.785464457287558,True,K线收盘代理；达到描述性样本门槛,0.008977556109725686,0.0,0.0,0.0
AAPL,binance|futures|AAPLUSDT::gateio|futures|AAPL_USDT,perp_perp,comparable,7,regular,390,5,1,390,1.0,2.099905690613027,1.4805822041796812,1.7839356629362202,6.5038167431219485,7.400960579771909,2.9637147976603524,-4.090218534532619,11.269610605295632,0.7230769230769231,1.189078347456629,1.7739497078494981,True,K线收盘代理；达到描述性样本门槛,0.01282051282051282,0.0,0.0,0.0
AAPL,binance|futures|AAPLUSDT::gateio|futures|AAPL_USDT,perp_perp,comparable,7,non_regular,1615,7,2,1626,0.9932349323493235,2.694616280898083,2.382512359284661,2.93349760920103,7.3801609712460525,8.233647681262779,3.503917336172361,-5.645520725003905,14.359649385227158,0.6959752321981424,1.6263374640168582,5.594567861085253,True,K线收盘代理；达到描述性样本门槛,0.00804953560371517,0.0,0.0,0.0
AAPL,binance|futures|AAPLUSDT::gateio|futures|AAPL_USDT,perp_perp,comparable,7,pre_market,330,5,1,330,1.0,3.1019276700076195,3.5492143810145205,3.57408818004723,7.082996869451243,7.753406400353824,3.2025748844222357,-5.645520725003905,11.175155864016073,0.7636363636363637,1.7798344769592855,4.772486743112037,True,K线收盘代理；达到描述性样本门槛,0.0030303030303030303,0.0,0.0,0.0
AAPL,binance|futures|AAPLUSDT::gateio|futures|AAPL_USDT,perp_perp,comparable,7,after_market,240,5,1,240,1.0,2.237693480416252,2.0581576566558457,2.082806444421159,6.490307320627053,7.379017324253168,2.7249157185537465,-3.2624492095978397,8.559116935247246,0.7541666666666667,1.1901928122892702,2.9307035210424104,True,K线收盘代理；达到描述性样本门槛,0.0,0.0,0.0,0.0
AAPL,binance|futures|AAPLUSDT::gateio|futures|AAPL_USDT,perp_perp,comparable,7,overnight,478,5,1,480,0.9958333333333333,2.6169330309678833,2.056072181355617,2.3779445646926467,7.378375133240134,7.972668514751979,3.3136928659585587,-3.866976024748947,9.557088671863223,0.7133891213389121,1.328774273134381,5.440178179958455,True,K线收盘代理；达到描述性样本门槛,0.0,0.0,0.0,0.0
AAPL,binance|futures|AAPLUSDT::gateio|futures|AAPL_USDT,perp_perp,comparable,7,weekend,567,2,2,576,0.984375,2.7164528014909006,2.682003754805873,3.2268473701191347,8.066746183668538,8.981632603675349,4.0509677611443555,-4.99280448765016,14.359649385227158,0.6172839506172839,2.672247722515231,5.077727737713145,True,K线收盘代理；达到描述性样本门槛,0.021164021164021163,0.0,0.0,0.0
AAPL,binance|futures|AAPLUSDT::gateio|futures|AAPL_USDT,perp_perp,comparable,7,holiday,0,0,0,0,0,,,,,,,,,,,,False,样本不足 / 仅事件观察,,,,
AAPL,binance|futures|AAPLUSDT::gateio|futures|AAPL_USDT,perp_perp,comparable,30,all,6510,24,4,8640,0.7534722222222222,1.49616967779485,3.517359636121542,5.536932717367105,9.877903131494392,13.002812782502549,6.791591348917839,-34.406113935998576,60.68073309718258,0.6620583717357911,4.436655255193045,6.939134100073241,True,K线收盘代理；达到描述性样本门槛,0.09600614439324116,0.0006144393241167435,0.00015360983102918587,0.0
AAPL,binance|futures|AAPLUSDT::gateio|futures|AAPL_USDT,perp_perp,comparable,30,regular,1184,16,4,1560,0.7589743589743589,1.9474753345340279,3.5869638190522135,5.689764765298144,10.507927766530312,13.479082494010738,7.482005808047311,-30.39042391540403,60.68073309718258,0.700168918918919,4.139520477848269,7.428605241614067,True,K线收盘代理；达到描述性样本门槛,0.11993243243243243,0.0016891891891891893,0.0008445945945945946,0.0
AAPL,binance|futures|AAPLUSDT::gateio|futures|AAPL_USDT,perp_perp,comparable,30,non_regular,5326,24,4,7080,0.7522598870056497,1.3958418712647738,3.463751318059094,5.516649556132069,9.650105839870138,12.772486588289167,6.624168903475055,-34.406113935998576,23.4060203839781,0.6535861809988734,5.020426113998278,6.878545312673373,True,K线收盘代理；达到描述性样本门槛,0.09068719489297784,0.0003755163349605708,0.0,0.0
AAPL,binance|futures|AAPLUSDT::gateio|futures|AAPL_USDT,perp_perp,comparable,30,pre_market,953,16,4,1320,0.7219696969696969,2.0621749138446073,3.675682298525107,4.825672578117057,9.36115804204586,11.116473283699023,5.9473838932520655,-34.406113935998576,23.4060203839781,0.7313746065057712,3.1527037868542274,7.311344482107129,True,K线收盘代理；达到描述性样本门槛,0.07660020986358866,0.001049317943336831,0.0,0.0
AAPL,binance|futures|AAPLUSDT::gateio|futures|AAPL_USDT,perp_perp,comparable,30,after_market,724,16,4,960,0.7541666666666667,3.125221592432857,4.776262131191977,5.997474747474474,8.737685412294471,9.512169461292409,5.407560727843049,-18.699161654253118,21.36947827945157,0.7790055248618785,2.751588630693913,7.380946359308305,True,K线收盘代理；达到描述性样本门槛,0.03867403314917127,0.0,0.0,0.0
AAPL,binance|futures|AAPLUSDT::gateio|futures|AAPL_USDT,perp_perp,comparable,30,overnight,1398,16,4,1920,0.728125,2.7965248476742963,4.536039202858166,5.445222784009607,8.423788837157886,9.615948236991633,5.533551492772801,-33.439685851024414,21.56965457739135,0.7367668097281831,4.64951221165133,6.6854938135182955,True,K线收盘代理；达到描述性样本门槛,0.044349070100143065,0.000715307582260372,0.0,0.0
AAPL,binance|futures|AAPLUSDT::gateio|futures|AAPL_USDT,perp_perp,comparable,30,weekend,1978,7,4,2592,0.7631172839506173,0.48543179981495144,3.0219697198630158,5.670711062965017,12.418966285475118,15.197709805637116,7.438723201292843,-21.45789277273269,15.317155213840916,0.5975733063700708,5.23502526409203,6.709261865439076,True,K线收盘代理；达到描述性样本门槛,0.1430738119312437,0.0,0.0,0.0
AAPL,binance|futures|AAPLUSDT::gateio|futures|AAPL_USDT,perp_perp,comparable,30,holiday,273,1,1,288,0.9479166666666666,-6.092985921398368,-5.595101178079709,5.595101178079709,11.21474366532249,12.908889102168024,3.960817426370624,-27.914766911697477,3.7608123354648804,0.029304029304029304,5.595101178079709,5.595101178079709,False,样本不足 / 仅事件观察,0.13553113553113552,0.0,0.0,0.0
AAPL,binance|futures|AAPLUSDT::okx|futures|AAPL-USDT-SWAP,perp_perp,comparable,7,all,1968,7,2,2016,0.9761904761904762,0.5098346169631255,0.29389290567838344,1.7677735031013109,4.491555874956976,5.687030727586806,2.7245247414198577,-6.530903045776082,10.148042024831216,0.5142276422764228,1.1891324162233152,1.9246856131721612,True,K线收盘代理；达到描述性样本门槛,0.0005081300813008131,0.0,0.0,0.0
AAPL,binance|futures|AAPLUSDT::okx|futures|AAPL-USDT-SWAP,perp_perp,comparable,7,regular,390,5,1,390,1.0,-0.6147010428110307,-0.5908157793133029,1.6176866379108423,3.892577673908937,4.73683900536126,2.3109051502764677,-6.530903045776082,5.018153909732703,0.3717948717948718,1.6167185549215146,1.921124970046817,True,K线收盘代理；达到描述性样本门槛,0.0,0.0,0.0,0.0
AAPL,binance|futures|AAPLUSDT::okx|futures|AAPL-USDT-SWAP,perp_perp,comparable,7,non_regular,1578,7,2,1626,0.9704797047970479,0.7877616811658636,0.5869319600382283,1.770485998406901,4.78665010593704,5.974234572062031,2.7473626306337677,-5.946187007582759,10.148042024831216,0.5494296577946768,1.1877910381832835,2.0596887554047427,True,K线收盘代理；达到描述性样本门槛,0.0006337135614702154,0.0,0.0,0.0
AAPL,binance|futures|AAPLUSDT::okx|futures|AAPL-USDT-SWAP,perp_perp,comparable,7,pre_market,329,5,1,330,0.996969696969697,-0.1233880498594074,-0.2938238232352841,1.7608733932039655,3.5688370797375413,4.161192724663865,2.229406481065337,-5.946187007582759,6.263795263379279,0.44680851063829785,1.4709560662695687,2.0836436651650025,True,K线收盘代理；达到描述性样本门槛,0.0,0.0,0.0,0.0
AAPL,binance|futures|AAPLUSDT::okx|futures|AAPL-USDT-SWAP,perp_perp,comparable,7,after_market,238,5,1,240,0.9916666666666667,-0.23959453749157397,-0.29689091183116023,1.7782519798675844,3.245450506498049,3.561557297290574,2.113036858710739,-4.1620834200428725,4.706712949344993,0.3949579831932773,1.4742304517034732,2.499930918984372,True,K线收盘代理；达到描述性样本门槛,0.0,0.0,0.0,0.0
AAPL,binance|futures|AAPLUSDT::okx|futures|AAPL-USDT-SWAP,perp_perp,comparable,7,overnight,477,5,1,480,0.99375,0.05393627179190421,0.0,1.4727106712619786,3.840782142446654,4.464719458501687,2.2500467380329368,-5.349182763744187,6.767890772128027,0.44025157232704404,1.1747085619218112,1.4861490917900122,True,K线收盘代理；达到描述性样本门槛,0.0,0.0,0.0,0.0
AAPL,binance|futures|AAPLUSDT::okx|futures|AAPL-USDT-SWAP,perp_perp,comparable,7,weekend,534,2,2,576,0.9270833333333334,2.4625065534863935,2.096373281756936,2.395891047392018,6.288686795993703,7.283452136203174,2.909053029108555,-4.114742534681026,10.148042024831216,0.7790262172284644,1.8581609623657958,3.8106589167308247,True,K线收盘代理；达到描述性样本门槛,0.0018726591760299626,0.0,0.0,0.0
AAPL,binance|futures|AAPLUSDT::okx|futures|AAPL-USDT-SWAP,perp_perp,comparable,7,holiday,0,0,0,0,0,,,,,,,,,,,,False,样本不足 / 仅事件观察,,,,
AAPL,binance|futures|AAPLUSDT::okx|futures|AAPL-USDT-SWAP,perp_perp,comparable,30,all,8480,30,5,8640,0.9814814814814815,1.9116174530484327,1.8405202425808564,2.467003973999904,6.037134438041659,7.2394259185328815,3.1044308467142683,-7.0760027017469085,10.808863267879332,0.6735849056603773,1.3295426837567348,3.9053842172265263,True,K线收盘代理；达到描述性样本门槛,0.0007075471698113207,0.0,0.0,0.0
AAPL,binance|futures|AAPLUSDT::okx|futures|AAPL-USDT-SWAP,perp_perp,comparable,30,regular,1560,20,5,1560,1.0,1.4190583842805213,1.2261483467013168,2.3512469570574623,5.850006571243693,6.915004470418926,3.1337736630842383,-7.0760027017469085,10.167160072962478,0.6237179487179487,1.5024569320562509,3.0671646661056817,True,K线收盘代理；达到描述性样本门槛,0.000641025641025641,0.0,0.0,0.0
AAPL,binance|futures|AAPLUSDT::okx|futures|AAPL-USDT-SWAP,perp_perp,comparable,30,non_regular,6920,30,5,7080,0.9774011299435028,2.0226567806897537,1.8948966844845039,2.490427419605812,6.043610696759183,7.478133941454911,3.0869407034144376,-5.946187007582759,10.808863267879332,0.6848265895953757,1.2513922812100453,4.127816017646113,True,K线收盘代理；达到描述性样本门槛,0.000722543352601156,0.0,0.0,0.0
AAPL,binance|futures|AAPLUSDT::okx|futures|AAPL-USDT-SWAP,perp_perp,comparable,30,pre_market,1319,20,5,1320,0.9992424242424243,1.2996222404320352,1.2534077021908452,2.150735858912345,5.211654498241458,5.84245208301981,2.7589571917191242,-5.946187007582759,8.465352521467295,0.624715693707354,1.5640481578690912,3.2665860640349043,True,K线收盘代理；达到描述性样本门槛,0.0,0.0,0.0,0.0
AAPL,binance|futures|AAPLUSDT::okx|futures|AAPL-USDT-SWAP,perp_perp,comparable,30,after_market,948,20,5,960,0.9875,2.0257733806554095,2.0617668300648706,2.456627733813388,5.96332074721007,7.518118665985618,2.947284800229455,-4.1620834200428725,10.225871454780933,0.6930379746835443,1.4214789341501777,3.747006561848343,True,K线收盘代理；达到描述性样本门槛,0.0010548523206751054,0.0,0.0,0.0
AAPL,binance|futures|AAPLUSDT::okx|futures|AAPL-USDT-SWAP,perp_perp,comparable,30,overnight,1912,20,5,1920,0.9958333333333333,1.6436774925534459,1.47232048032242,2.1382533544711535,5.461513057803735,6.630370425085408,2.9169704303976247,-5.349182763744187,10.229255671221349,0.6464435146443515,1.3982101439269368,2.971246222047419,True,K线收盘代理；达到描述性样本门槛,0.0005230125523012552,0.0,0.0,0.0
AAPL,binance|futures|AAPLUSDT::okx|futures|AAPL-USDT-SWAP,perp_perp,comparable,30,weekend,2460,9,5,2592,0.9490740740740741,2.9874384020657487,3.2974130319762818,3.432833492807985,7.19856028794208,8.10567397177886,3.2462771880485772,-5.278519530522718,10.808863267879332,0.7853658536585366,2.4847807181016535,5.22229754538972,True,K线收盘代理；达到描述性样本门槛,0.0012195121951219512,0.0,0.0,0.0
AAPL,binance|futures|AAPLUSDT::okx|futures|AAPL-USDT-SWAP,perp_perp,comparable,30,holiday,281,1,1,288,0.9756944444444444,-0.4614228201495281,-0.622917120876032,0.9378516943847615,2.1930511607504144,2.8046120286684406,1.3157304088954704,-4.3673571250302246,3.738201302139199,0.3202846975088968,0.9378516943847615,0.9378516943847615,False,样本不足 / 仅事件观察,0.0,0.0,0.0,0.0
AAPL,bitget|futures|AAPLUSDT::bybit|futures|AAPLUSDT,perp_perp,comparable,7,all,1867,7,2,2016,0.9260912698412699,1.874170542483098,1.1929259491227917,1.7838030681416317,6.625608399546862,7.64683391665022,3.1293977636320935,-5.682327960043754,14.410917004883395,0.6882699517943225,1.3366676397974508,2.680888753339161,True,K线收盘代理；达到描述性样本门槛,0.005356186395286556,0.0,0.0,0.0
AAPL,bitget|futures|AAPLUSDT::bybit|futures|AAPLUSDT,perp_perp,comparable,7,regular,390,5,1,390,1.0,1.5837572611523296,0.8917823924603496,1.7508034588809007,7.0684385073369675,8.683614826507913,3.22352146100918,-4.743551734361917,14.410917004883395,0.6435897435897436,1.1867853670338713,2.047594093647076,True,K线收盘代理；达到描述性样本门槛,0.01282051282051282,0.0,0.0,0.0
AAPL,bitget|futures|AAPLUSDT::bybit|futures|AAPLUSDT,perp_perp,comparable,7,non_regular,1477,7,2,1626,0.9083640836408364,1.9508538056645466,1.197533081851443,1.7931323032782664,6.502709150750802,7.6280336481118205,3.099530536702892,-5.682327960043754,10.886835755898883,0.7000677048070413,1.3340628086577766,2.5261133697268567,True,K线收盘代理；达到描述性样本门槛,0.003385240352064997,0.0,0.0,0.0
AAPL,bitget|futures|AAPLUSDT::bybit|futures|AAPLUSDT,perp_perp,comparable,7,pre_market,324,5,1,330,0.9818181818181818,1.040662342081279,1.1737089454511018,1.4873869704379317,3.534724253121402,4.174101994013135,1.9471400910286485,-5.000882508678917,8.521141245263486,0.6944444444444444,1.1735195320172753,1.7662123575989952,True,K线收盘代理；达到描述性样本门槛,0.0,0.0,0.0,0.0
AAPL,bitget|futures|AAPLUSDT::bybit|futures|AAPLUSDT,perp_perp,comparable,7,after_market,220,5,1,240,0.9166666666666666,1.7692407815184563,1.3308634355935212,2.0585510745674274,7.034946114310214,8.21149289124401,3.222529706581216,-4.466678577809136,10.850758086746737,0.6454545454545455,1.4823160173738081,2.6772168843147703,True,K线收盘代理；达到描述性样本门槛,0.00909090909090909,0.0,0.0,0.0
AAPL,bitget|futures|AAPLUSDT::bybit|futures|AAPLUSDT,perp_perp,comparable,7,overnight,448,5,1,480,0.9333333333333333,1.2413288055668215,0.8807727434245738,1.4842741893178468,5.6553510301311505,6.514232638438753,2.718907143138595,-5.055160724375396,8.799718409011614,0.6339285714285714,1.1878247958430066,2.9733587059932454,True,K线收盘代理；达到描述性样本门槛,0.0,0.0,0.0,0.0
AAPL,bitget|futures|AAPLUSDT::bybit|futures|AAPLUSDT,perp_perp,comparable,7,weekend,485,2,2,576,0.8420138888888888,3.296676691348875,3.292033279465034,3.8234169583239996,7.644630535469599,8.46707458152539,3.512909679222729,-5.682327960043754,10.886835755898883,0.7896907216494845,2.4423550389235382,4.9322498911957835,True,K线收盘代理；达到描述性样本门槛,0.006185567010309278,0.0,0.0,0.0
AAPL,bitget|futures|AAPLUSDT::bybit|futures|AAPLUSDT,perp_perp,comparable,7,holiday,0,0,0,0,0,,,,,,,,,,,,False,样本不足 / 仅事件观察,,,,
AAPL,bitget|futures|AAPLUSDT::bybit|futures|AAPLUSDT,perp_perp,comparable,30,all,8012,30,5,8640,0.9273148148148148,2.1578850746520892,2.0860340028161506,2.1823169992529756,5.397608859712522,6.540207429433175,2.508549588787453,-8.525418377012262,14.410917004883395,0.7918122815776335,1.5540386308618426,3.050935709676128,True,K线收盘代理；达到描述性样本门槛,0.0031203195207189214,0.0,0.0,0.0
AAPL,bitget|futures|AAPLUSDT::bybit|futures|AAPLUSDT,perp_perp,comparable,30,regular,1560,20,5,1560,1.0,2.2567290681645353,2.096593048072082,2.364136157196328,6.257228653281157,7.645956907465945,2.9372150985840157,-8.525418377012262,14.410917004883395,0.7564102564102564,1.5205579827994031,3.316382839730625,True,K线收盘代理；达到描述性样本门槛,0.008333333333333333,0.0,0.0,0.0
AAPL,bitget|futures|AAPLUSDT::bybit|futures|AAPLUSDT,perp_perp,comparable,30,non_regular,6452,30,5,7080,0.9112994350282486,2.133986030963401,2.0845741512798277,2.17634622559304,5.293027906019265,6.253173224299413,2.392793506361943,-6.95278427406687,11.16138763197494,0.8003719776813392,1.5540386308618426,2.8056398952194805,True,K线收盘代理；达到描述性样本门槛,0.0018598884066955983,0.0,0.0,0.0
AAPL,bitget|futures|AAPLUSDT::bybit|futures|AAPLUSDT,perp_perp,comparable,30,pre_market,1306,20,5,1320,0.9893939393939394,1.9940214259726186,2.082899425467355,2.1552719619055694,4.65840265952866,5.364919760535436,2.129841662262984,-5.000882508678917,8.521141245263486,0.8078101071975498,1.4333174407528404,2.792438614586945,True,K线收盘代理；达到描述性样本门槛,0.0,0.0,0.0,0.0
AAPL,bitget|futures|AAPLUSDT::bybit|futures|AAPLUSDT,perp_perp,comparable,30,after_market,884,20,5,960,0.9208333333333333,2.2058554486618136,2.084139787433825,2.2111314763850753,5.838237006841719,7.240715105574668,2.7649864807637488,-6.95278427406687,11.16138763197494,0.7680995475113123,1.4239053369270727,3.3489959005425507,True,K线收盘代理；达到描述性样本门槛,0.010180995475113122,0.0,0.0,0.0
AAPL,bitget|futures|AAPLUSDT::bybit|futures|AAPLUSDT,perp_perp,comparable,30,overnight,1820,20,5,1920,0.9479166666666666,1.9998127384229694,1.892714626422487,2.13245598199463,4.924940894754037,5.9383481061549,2.248115900133516,-6.334726973269422,9.952949692362267,0.8016483516483517,1.6643136170463313,2.776594699240298,True,K线收盘代理；达到描述性样本门槛,0.0,0.0,0.0,0.0
AAPL,bitget|futures|AAPLUSDT::bybit|futures|AAPLUSDT,perp_perp,comparable,30,weekend,2169,9,5,2592,0.8368055555555556,2.4162893181994254,2.1795989537931604,2.395137870123687,5.8708529794673225,6.765223224356465,2.516572019647626,-5.682327960043754,10.886835755898883,0.817888427846934,1.5533739281725634,3.115167751783776,True,K线收盘代理；达到描述性样本门槛,0.0013831258644536654,0.0,0.0,0.0
AAPL,bitget|futures|AAPLUSDT::bybit|futures|AAPLUSDT,perp_perp,comparable,30,holiday,273,1,1,288,0.9479166666666666,1.2224137645942177,1.2469605337006584,1.5560327389296802,3.4452540984761804,4.063846226241896,1.7754197417114639,-3.7439161362784468,7.178526841449262,0.7216117216117216,1.5560327389296802,1.5560327389296802,False,样本不足 / 仅事件观察,0.0,0.0,0.0,0.0
AAPL,bitget|futures|AAPLUSDT::gateio|futures|AAPL_USDT,perp_perp,comparable,7,all,1859,7,2,2016,0.9221230158730159,3.2513251283866818,3.249726727525548,3.2851511169518233,7.516945979979989,8.688097306688292,3.3344121074100967,-5.05937323293959,14.995148628385024,0.8020441097364174,1.9998949460114934,4.596636274967758,True,K线收盘代理；达到描述性样本门槛,0.017213555675094135,0.0,0.0,0.0
AAPL,bitget|futures|AAPLUSDT::gateio|futures|AAPL_USDT,perp_perp,comparable,7,regular,390,5,1,390,1.0,2.7778938229601287,2.37276078222437,2.647876596523213,7.347847104439476,8.563857252829488,3.263520428243465,-4.674535468036645,13.117099928452447,0.7615384615384615,1.4822723600527166,3.6787349794142887,True,K线收盘代理；达到描述性样本门槛,0.01282051282051282,0.0,0.0,0.0
AAPL,bitget|futures|AAPLUSDT::gateio|futures|AAPL_USDT,perp_perp,comparable,7,non_regular,1469,7,2,1626,0.9034440344403444,3.377014855491076,3.5261967030053576,3.5622050048988996,7.6530473627371975,8.808668846703947,3.3417329501575934,-5.05937323293959,14.995148628385024,0.8127978216473791,2.3592929445925837,5.343915790711473,True,K线收盘代理；达到描述性样本门槛,0.018379850238257316,0.0,0.0,0.0
AAPL,bitget|futures|AAPLUSDT::gateio|futures|AAPL_USDT,perp_perp,comparable,7,pre_market,324,5,1,330,0.9818181818181818,3.4383317198159786,3.8076664942121585,3.8699690539661935,7.451241721395219,8.613410766488691,3.4389045450913525,-5.05937323293959,14.995148628385024,0.8148148148148148,2.078879832966285,5.808226553785101,True,K线收盘代理；达到描述性样本门槛,0.012345679012345678,0.0,0.0,0.0
AAPL,bitget|futures|AAPLUSDT::gateio|futures|AAPL_USDT,perp_perp,comparable,7,after_market,222,5,1,240,0.925,3.1376512127356113,3.22339600042576,3.2239628925812003,7.081735025080693,7.67204940412658,2.8300232709036117,-4.764315278562581,9.443985361823337,0.8693693693693694,1.76475778699281,4.982561036372957,True,K线收盘代理；达到描述性样本门槛,0.0,0.0,0.0,0.0
AAPL,bitget|futures|AAPLUSDT::gateio|futures|AAPL_USDT,perp_perp,comparable,7,overnight,446,5,1,480,0.9291666666666667,3.380566133080791,3.5243326068779,3.5685625052200853,8.271666633474783,9.15554837355781,3.6012577717939314,-3.8616920152090284,11.504085425209087,0.7713004484304933,2.670781648763665,4.710176926021603,True,K线收盘代理；达到描述性样本门槛,0.026905829596412557,0.0,0.0,0.0
AAPL,bitget|futures|AAPLUSDT::gateio|futures|AAPL_USDT,perp_perp,comparable,7,weekend,477,2,2,576,0.828125,3.4434471298001585,3.581020590868178,3.581020590868178,7.48234167365025,8.688097306688292,3.2358993049835663,-3.526611220501241,14.664511881248288,0.8238993710691824,2.4504293872856797,4.412099965638849,True,K线收盘代理；达到描述性样本门槛,0.023060796645702306,0.0,0.0,0.0
AAPL,bitget|futures|AAPLUSDT::gateio|futures|AAPL_USDT,perp_perp,comparable,7,holiday,0,0,0,0,0,,,,,,,,,,,,False,样本不足 / 仅事件观察,,,,
AAPL,bitget|futures|AAPLUSDT::gateio|futures|AAPL_USDT,perp_perp,comparable,30,all,6073,24,4,8640,0.7028935185185186,2.1088648715358103,3.927729772190691,5.414022317802303,9.8112158747643,12.134643941045459,6.513714124804551,-33.18819839844167,63.76097335592412,0.7067347274822987,4.502693689369119,6.668542575144487,True,K线收盘代理；达到描述性样本门槛,0.09303474394862506,0.0004939897908776552,0.00016466326362588507,0.0
AAPL,bitget|futures|AAPLUSDT::gateio|futures|AAPL_USDT,perp_perp,comparable,30,regular,1184,16,4,1560,0.7589743589743589,2.469207578192584,4.185351304218932,5.600713333636653,10.665619870914856,12.865923904888385,7.134780577823786,-28.529785716501223,63.76097335592412,0.7271959459459459,3.6362458672975495,6.901004943054012,True,K线收盘代理；达到描述性样本门槛,0.12331081081081081,0.0008445945945945946,0.0008445945945945946,0.0
AAPL,bitget|futures|AAPLUSDT::gateio|futures|AAPL_USDT,perp_perp,comparable,30,non_regular,4889,24,4,7080,0.6905367231638418,2.0215984029979457,3.9067195576381053,5.3961687202086495,9.619489086276634,11.882561021442795,6.35110803782116,-33.18819839844167,25.57544757033403,0.7017795050112497,4.5145969722593104,6.631349070924664,False,样本不足 / 仅事件观察,0.0857025976682348,0.00040908161178155044,0.0,0.0
AAPL,bitget|futures|AAPLUSDT::gateio|futures|AAPL_USDT,perp_perp,comparable,30,pre_market,944,16,4,1320,0.7151515151515152,2.7026761539383677,4.112268130410657,5.289994756101368,9.179123494986953,10.41496601109892,5.643489663658647,-33.18819839844167,20.443232993601068,0.7669491525423728,3.679251145685958,6.94034010306016,True,K线收盘代理；达到描述性样本门槛,0.06567796610169492,0.001059322033898305,0.0,0.0
AAPL,bitget|futures|AAPLUSDT::gateio|futures|AAPL_USDT,perp_perp,comparable,30,after_market,684,16,4,960,0.7125,3.6758774993508525,5.111244780009461,6.003382107808708,9.211319032783383,10.205264863831168,5.464167067070613,-18.699161654253118,20.453643496047835,0.8230994152046783,4.762874252695615,7.6841209492181655,True,K线收盘代理；达到描述性样本门槛,0.05263157894736842,0.0,0.0,0.0
AAPL,bitget|futures|AAPLUSDT::gateio|futures|AAPL_USDT,perp_perp,comparable,30,overnight,1337,16,4,1920,0.6963541666666667,3.5051281995637567,5.122024706236683,5.725478378786342,9.032722664351846,10.026363841274755,5.450692931520479,-30.9853969812246,25.57544757033403,0.7606581899775617,4.442440421816296,6.843655340914578,False,样本不足 / 仅事件观察,0.05235602094240838,0.0007479431563201197,0.0,0.0
AAPL,bitget|futures|AAPLUSDT::gateio|futures|AAPL_USDT,perp_perp,comparable,30,weekend,1662,7,4,2592,0.6412037037037037,0.924353029533575,3.282357330085528,5.101887703042873,11.485297706443687,14.61772403380984,6.990165628107343,-22.406871440574516,14.664511881248288,0.6720818291215404,4.5007553501474895,6.47802957001703,False,样本不足 / 仅事件观察,0.13297232250300842,0.0,0.0,0.0
AAPL,bitget|futures|AAPLUSDT::gateio|futures|AAPL_USDT,perp_perp,comparable,30,holiday,262,1,1,288,0.9097222222222222,-5.36130933022286,-4.97520199947421,4.97520199947421,10.547070508710068,12.11469845937174,4.0284977922851555,-29.77575137247723,4.387614391376804,0.03816793893129771,4.97520199947421,4.97520199947421,False,样本不足 / 仅事件观察,0.11450381679389313,0.0,0.0,0.0
AAPL,bitget|futures|AAPLUSDT::okx|futures|AAPL-USDT-SWAP,perp_perp,comparable,7,all,1835,7,2,2016,0.910218253968254,1.0696626394824504,1.1748810432954393,2.060035314890296,4.6931556811937725,5.386157575031358,2.6437755558113607,-6.852171840553423,15.893483671693964,0.623433242506812,1.7760465302382733,2.212878728314882,True,K线收盘代理；达到描述性样本门槛,0.0005449591280653951,0.0,0.0,0.0
AAPL,bitget|futures|AAPLUSDT::okx|futures|AAPL-USDT-SWAP,perp_perp,comparable,7,regular,390,5,1,390,1.0,0.06306900671201521,0.0,2.056978302875656,3.8673903744845806,4.989799576907815,2.5543041248461944,-5.937184587068156,7.05591815135076,0.47692307692307695,1.6071882992918507,2.362007231367924,True,K线收盘代理；达到描述性样本门槛,0.0,0.0,0.0,0.0
AAPL,bitget|futures|AAPLUSDT::okx|futures|AAPL-USDT-SWAP,perp_perp,comparable,7,non_regular,1445,7,2,1626,0.8886838868388683,1.341338429641945,1.4682131845544788,2.060156571901395,4.769882963067573,5.678965406161751,2.6014990976748944,-6.852171840553423,15.893483671693964,0.6629757785467129,1.7691292461857744,2.219245427402816,True,K线收盘代理；达到描述性样本门槛,0.0006920415224913495,0.0,0.0,0.0
AAPL,bitget|futures|AAPLUSDT::okx|futures|AAPL-USDT-SWAP,perp_perp,comparable,7,pre_market,323,5,1,330,0.9787878787878788,0.18707463190435084,0.0,1.7662123575989952,4.146910073138166,4.718303162764553,2.4427044102849567,-5.065252368751105,7.45689912306835,0.47058823529411764,1.4711940210676566,1.9324583243834903,True,K线收盘代理；达到描述性样本门槛,0.0,0.0,0.0,0.0
AAPL,bitget|futures|AAPLUSDT::okx|futures|AAPL-USDT-SWAP,perp_perp,comparable,7,after_market,220,5,1,240,0.9166666666666666,0.7325487906548744,0.8809950969301816,1.4747957420724322,3.287668178617252,3.5541617657439635,1.897225369423552,-6.8472759749915735,5.295363614967741,0.5954545454545455,0.8899436369014246,1.7696504940278857,True,K线收盘代理；达到描述性样本门槛,0.0,0.0,0.0,0.0
AAPL,bitget|futures|AAPLUSDT::okx|futures|AAPL-USDT-SWAP,perp_perp,comparable,7,overnight,445,5,1,480,0.9270833333333334,0.7596784308701556,0.8827423863455586,1.784811256210217,4.159045363646863,4.782658967343423,2.4450553905621315,-6.852171840553423,6.179378531074864,0.5932584269662922,1.9120495469815424,2.0814129820689864,True,K线收盘代理；达到描述性样本门槛,0.0,0.0,0.0,0.0
AAPL,bitget|futures|AAPLUSDT::okx|futures|AAPL-USDT-SWAP,perp_perp,comparable,7,weekend,457,2,2,576,0.7934027777777778,3.01661113576852,2.9346167390542632,2.9346167390542632,5.986554262348509,6.936232828719909,2.317728769606733,-2.3929169657810334,15.893483671693964,0.899343544857768,2.516464492985926,3.434409057112009,True,K线收盘代理；达到描述性样本门槛,0.002188183807439825,0.0,0.0,0.0
AAPL,bitget|futures|AAPLUSDT::okx|futures|AAPL-USDT-SWAP,perp_perp,comparable,7,holiday,0,0,0,0,0,,,,,,,,,,,,False,样本不足 / 仅事件观察,,,,
AAPL,bitget|futures|AAPLUSDT::okx|futures|AAPL-USDT-SWAP,perp_perp,comparable,30,all,7966,30,5,8640,0.9219907407407407,2.695861092965101,2.6900602761248393,2.9421283993069647,6.647630284546402,7.690533003053002,3.012209829768757,-6.852171840553423,15.893483671693964,0.7791865428069294,1.7723008103646964,4.669811097883503,True,K线收盘代理；达到描述性样本门槛,0.0028872709013306555,0.0,0.0,0.0
AAPL,bitget|futures|AAPLUSDT::okx|futures|AAPL-USDT-SWAP,perp_perp,comparable,30,regular,1560,20,5,1560,1.0,2.1715764648545544,2.1418211342616456,2.645774849705518,6.279660326786507,7.476221930013183,3.047311224574317,-6.000884340849888,13.170892327956096,0.7326923076923076,1.5898352262523618,3.599723564557955,True,K线收盘代理；达到描述性样本门槛,0.003205128205128205,0.0,0.0,0.0
AAPL,bitget|futures|AAPLUSDT::okx|futures|AAPL-USDT-SWAP,perp_perp,comparable,30,non_regular,6406,30,5,7080,0.9048022598870057,2.823535776051653,2.8370135880018132,2.996838341612351,6.826042144368882,7.792774630296373,2.9897111682173065,-6.852171840553423,15.893483671693964,0.7905088979082111,1.5723477070161973,4.605801077449678,True,K线收盘代理；达到描述性样本门槛,0.00280986575085857,0.0,0.0,0.0
AAPL,bitget|futures|AAPLUSDT::okx|futures|AAPL-USDT-SWAP,perp_perp,comparable,30,pre_market,1307,20,5,1320,0.9901515151515151,2.265903821737077,2.217997465145949,2.650723058346127,5.976858684904053,7.021138394944118,2.8640999161783967,-6.096259944523563,11.177234691719384,0.7475133894414691,1.4814343104949113,3.6601237784264495,True,K线收盘代理；达到描述性样本门槛,0.001530221882172915,0.0,0.0,0.0
AAPL,bitget|futures|AAPLUSDT::okx|futures|AAPL-USDT-SWAP,perp_perp,comparable,30,after_market,900,20,5,960,0.9375,2.720701132950306,2.672610148345411,2.7643415792100168,6.608571360478432,7.8219837016293425,2.8974952836836,-6.8472759749915735,12.633858741426529,0.7844444444444445,1.5089390881745102,4.7591626877618864,True,K线收盘代理；达到描述性样本门槛,0.005555555555555556,0.0,0.0,0.0
AAPL,bitget|futures|AAPLUSDT::okx|futures|AAPL-USDT-SWAP,perp_perp,comparable,30,overnight,1823,20,5,1920,0.9494791666666667,2.604187014159697,2.6555722758248024,2.8512593061935654,6.321029291597835,7.547374946961671,2.9041639002581556,-6.852171840553423,10.562530178657159,0.7921009325287987,1.7988000991812914,4.021432545304182,True,K线收盘代理；达到描述性样本门槛,0.0010970927043335162,0.0,0.0,0.0
AAPL,bitget|futures|AAPLUSDT::okx|futures|AAPL-USDT-SWAP,perp_perp,comparable,30,weekend,2105,9,5,2592,0.8121141975308642,3.709517524005167,4.048330842052472,4.053506282934993,7.4658958136080145,8.103338586002984,3.015196787468639,-5.59006211180102,15.893483671693964,0.8484560570071259,2.0574922109228844,5.6103606959390095,True,K线收盘代理；达到描述性样本门槛,0.004275534441805225,0.0,0.0,0.0
AAPL,bitget|futures|AAPLUSDT::okx|futures|AAPL-USDT-SWAP,perp_perp,comparable,30,holiday,271,1,1,288,0.9409722222222222,0.448101667443724,0.3124511795027374,1.2461447397105196,3.1112908745822843,3.437504847419448,1.7006658417916036,-4.993757802745913,4.992667020313757,0.5571955719557196,1.2461447397105196,1.2461447397105196,False,样本不足 / 仅事件观察,0.0,0.0,0.0,0.0
AAPL,bybit|futures|AAPLUSDT::gateio|futures|AAPL_USDT,perp_perp,comparable,7,all,2000,7,2,2016,0.9920634920634921,1.225497209052533,1.4650302432106521,3.2565575683163317,7.36227401092826,8.08436503683263,4.32452872777645,-9.696186166774368,13.462171298652681,0.592,2.210847563784979,5.229367231102677,True,K线收盘代理；达到描述性样本门槛,0.007,0.0,0.0,0.0
AAPL,bybit|futures|AAPLUSDT::gateio|futures|AAPL_USDT,perp_perp,comparable,7,regular,390,5,1,390,1.0,1.1945529099886854,0.8788635298428993,2.3697389079657682,6.214565661940785,7.393317178665092,3.516999646234365,-9.452912678719061,10.319613161928753,0.5846153846153846,1.459066987263835,2.939749878735909,True,K线收盘代理；达到描述性样本门槛,0.005128205128205128,0.0,0.0,0.0
AAPL,bybit|futures|AAPLUSDT::gateio|futures|AAPL_USDT,perp_perp,comparable,7,non_regular,1610,7,2,1626,0.990159901599016,1.2329930330493655,1.4863921071039954,3.524332628157545,7.479543463734029,8.24472762857209,4.498351098120571,-9.696186166774368,13.462171298652681,0.5937888198757764,2.347197361690645,5.2136200652003195,True,K线收盘代理；达到描述性样本门槛,0.007453416149068323,0.0,0.0,0.0
AAPL,bybit|futures|AAPLUSDT::gateio|futures|AAPL_USDT,perp_perp,comparable,7,pre_market,330,5,1,330,1.0,2.3611590635973547,2.807672060188837,2.9819594123192683,6.50867446537396,7.652032651310647,3.277498164573501,-5.645520725003905,11.469238913068835,0.7424242424242424,2.378828429103197,3.524901970507477,True,K线收盘代理；达到描述性样本门槛,0.012121212121212121,0.0,0.0,0.0
AAPL,bybit|futures|AAPLUSDT::gateio|futures|AAPL_USDT,perp_perp,comparable,7,after_market,238,5,1,240,0.9916666666666667,1.353006439181179,0.29751279726264457,1.7646539822913088,7.172287602384978,8.262560626241088,3.5398563738036497,-5.861836513378904,9.737672991236845,0.5504201680672269,1.1766782373356932,2.0521541033358126,True,K线收盘代理；达到描述性样本门槛,0.0,0.0,0.0,0.0
AAPL,bybit|futures|AAPLUSDT::gateio|futures|AAPL_USDT,perp_perp,comparable,7,overnight,478,5,1,480,0.9958333333333333,2.0251085183134347,1.4846046825034431,2.6399929622905605,7.363597507053399,7.9749177282767425,3.566578482848963,-7.030700726505801,10.042236465133136,0.6255230125523012,1.4779910589302059,3.6758378740620046,True,K线收盘代理；达到描述性样本门槛,0.0041841004184100415,0.0,0.0,0.0
AAPL,bybit|futures|AAPLUSDT::gateio|futures|AAPL_USDT,perp_perp,comparable,7,weekend,564,2,2,576,0.9791666666666666,-0.14907998591594143,0.0,5.388495563182216,7.888018477129386,8.521629557836198,5.676006420091407,-9.696186166774368,13.462171298652681,0.49822695035460995,5.06129089832108,5.606475352694651,True,K线收盘代理；达到描述性样本门槛,0.010638297872340425,0.0,0.0,0.0
AAPL,bybit|futures|AAPLUSDT::gateio|futures|AAPL_USDT,perp_perp,comparable,7,holiday,0,0,0,0,0,,,,,,,,,,,,False,样本不足 / 仅事件观察,,,,
AAPL,bybit|futures|AAPLUSDT::gateio|futures|AAPL_USDT,perp_perp,comparable,30,all,6481,24,4,8640,0.7501157407407407,-0.08696306965629337,1.4833274000247698,3.8883737624506587,8.825568933998884,12.745585675205673,6.091629399064517,-33.439685851024414,59.14061296781181,0.5844777040580157,2.6850018571794587,5.888959906353991,True,K线收盘代理；达到描述性样本门槛,0.07745718253355964,0.0007714858818083629,0.00015429717636167257,0.0
AAPL,bybit|futures|AAPLUSDT::gateio|futures|AAPL_USDT,perp_perp,comparable,30,regular,1184,16,4,1560,0.7589743589743589,0.1063504753982401,0.8958433159056423,3.2953371046606783,8.244002187254964,12.440518769631925,6.375895869471232,-32.687877467156845,59.14061296781181,0.5768581081081081,1.7550027664356427,5.294035901888261,True,K线收盘代理；达到描述性样本门槛,0.07347972972972973,0.0016891891891891893,0.0008445945945945946,0.0
AAPL,bybit|futures|AAPLUSDT::gateio|futures|AAPL_USDT,perp_perp,comparable,30,non_regular,5297,24,4,7080,0.7481638418079096,-0.13017304461279094,1.4996550793311414,3.9885865063049586,8.983489655543856,12.752100279864282,6.025408012732532,-33.439685851024414,22.18593042245809,0.5861808570889182,2.8249360087453934,5.888959906353991,True,K线收盘代理；达到描述性样本门槛,0.07834623371719841,0.0005663583160279403,0.0,0.0
AAPL,bybit|futures|AAPLUSDT::gateio|futures|AAPL_USDT,perp_perp,comparable,30,pre_market,953,16,4,1320,0.7219696969696969,0.7800596387983164,1.7883755588665728,3.1683670236370975,8.147967102696274,9.81379294691398,5.083805217650192,-31.361325092105208,20.443232993601068,0.6505771248688352,2.3785910281150233,6.01175419467484,True,K线收盘代理；达到描述性样本门槛,0.048268625393494226,0.001049317943336831,0.0,0.0
AAPL,bybit|futures|AAPLUSDT::gateio|futures|AAPL_USDT,perp_perp,comparable,30,after_market,714,16,4,960,0.74375,1.6240357094615936,2.105168192185758,3.5956590664143473,7.404072095670735,8.34377303699119,4.580841968906407,-17.452550877302684,19.84308697377868,0.6834733893557423,1.876413028608498,5.691026609877387,True,K线收盘代理；达到描述性样本门槛,0.02100840336134454,0.0,0.0,0.0
AAPL,bybit|futures|AAPLUSDT::gateio|futures|AAPL_USDT,perp_perp,comparable,30,overnight,1398,16,4,1920,0.728125,1.6196472167826053,2.7122731395612387,3.8370390733000193,7.19415834885484,8.339192360094602,4.901702208400753,-33.439685851024414,22.18593042245809,0.6988555078683834,2.8646346339672446,5.238484650299941,True,K线收盘代理；达到描述性样本门槛,0.031473533619456366,0.000715307582260372,0.0,0.0
AAPL,bybit|futures|AAPLUSDT::gateio|futures|AAPL_USDT,perp_perp,comparable,30,weekend,1960,7,4,2592,0.7561728395061729,-1.5819196420788535,0.30240271639780936,4.702632005366136,12.725015518310068,15.511619757195172,6.857284091255959,-21.150855365474897,13.462171298652681,0.5158163265306123,3.438313069236143,6.368675257612533,True,K线收盘代理；达到描述性样本门槛,0.13622448979591836,0.0,0.0,0.0
AAPL,bybit|futures|AAPLUSDT::gateio|futures|AAPL_USDT,perp_perp,comparable,30,holiday,272,1,1,288,0.9444444444444444,-6.456578162617118,-5.918636885771655,5.918636885771655,11.49044897769891,13.244194365259418,4.139083186408333,-31.326571756460364,4.387614391376804,0.03308823529411765,5.918636885771655,5.918636885771655,False,样本不足 / 仅事件观察,0.15808823529411764,0.003676470588235294,0.0,0.0
AAPL,bybit|futures|AAPLUSDT::okx|futures|AAPL-USDT-SWAP,perp_perp,comparable,7,all,1963,7,2,2016,0.9737103174603174,-0.8155618150427805,-0.8881257586079716,2.3807398148967263,5.36001436940281,6.15271027315023,3.230249804701307,-12.698225201547286,8.357211079272897,0.3998981151299032,1.481230432673064,3.722582611603298,True,K线收盘代理；达到描述性样本门槛,0.0005094243504839531,0.0,0.0,0.0
AAPL,bybit|futures|AAPLUSDT::okx|futures|AAPL-USDT-SWAP,perp_perp,comparable,7,regular,390,5,1,390,1.0,-1.5198775715632211,-1.4763636069742292,2.0580973983758133,5.036112459528064,6.1758177145690984,2.7450932743565466,-12.698225201547286,5.598114319387282,0.30512820512820515,1.1897706267682828,2.071169999955935,True,K线收盘代理；达到描述性样本门槛,0.002564102564102564,0.0,0.0,0.0
AAPL,bybit|futures|AAPLUSDT::okx|futures|AAPL-USDT-SWAP,perp_perp,comparable,7,non_regular,1573,7,2,1626,0.9674046740467405,-0.6409380737567207,-0.5946894234476474,2.6481492379204497,5.387769762639216,5.972787983085759,3.316592325709001,-9.082918253735528,8.357211079272897,0.4233947870311507,1.7660287027188026,3.581651004512243,True,K线收盘代理；达到描述性样本门槛,0.0,0.0,0.0,0.0
AAPL,bybit|futures|AAPLUSDT::okx|futures|AAPL-USDT-SWAP,perp_perp,comparable,7,pre_market,329,5,1,330,0.996969696969697,-0.8607490477034728,-0.893894699205422,1.7831139112600702,3.9172700648943932,4.60560935526643,2.304325083609174,-7.4327337594770615,4.708929307200016,0.3191489361702128,1.1749674127164988,2.37342946192598,True,K线收盘代理；达到描述性样本门槛,0.0,0.0,0.0,0.0
AAPL,bybit|futures|AAPLUSDT::okx|futures|AAPL-USDT-SWAP,perp_perp,comparable,7,after_market,236,5,1,240,0.9833333333333333,-1.1448711432970458,-0.29406142949606195,2.3671971815397708,5.861063521429011,6.735042011275228,3.2712979570454594,-9.082918253735528,4.719067984071401,0.4406779661016949,1.4701990649546026,2.9742430551427113,True,K线收盘代理；达到描述性样本门槛,0.0,0.0,0.0,0.0
AAPL,bybit|futures|AAPLUSDT::okx|futures|AAPL-USDT-SWAP,perp_perp,comparable,7,overnight,477,5,1,480,0.99375,-0.5519482350209853,-0.589726956418124,1.7846519928610416,4.167907137378135,4.7644869564300585,2.4784286730685823,-6.734795467190358,5.973002030821295,0.40041928721174,1.7658484902005611,2.064653542409034,True,K线收盘代理；达到描述性样本门槛,0.0,0.0,0.0,0.0
AAPL,bybit|futures|AAPLUSDT::okx|futures|AAPL-USDT-SWAP,perp_perp,comparable,7,weekend,531,2,2,576,0.921875,-0.36071611186773345,0.29884645269318,4.115347305916339,5.879413234558539,6.564910624704545,4.33503770903558,-8.232146532207718,8.357211079272897,0.5009416195856874,3.8706902246801733,4.4240746274379354,True,K线收盘代理；达到描述性样本门槛,0.0,0.0,0.0,0.0
AAPL,bybit|futures|AAPLUSDT::okx|futures|AAPL-USDT-SWAP,perp_perp,comparable,7,holiday,0,0,0,0,0,,,,,,,,,,,,False,样本不足 / 仅事件观察,,,,
AAPL,bybit|futures|AAPLUSDT::okx|futures|AAPL-USDT-SWAP,perp_perp,comparable,30,all,8402,30,5,8640,0.9724537037037037,0.5324647362375641,0.6148265456928925,2.0674582078084036,4.7759626266623565,5.5380867959334825,2.8205774387999347,-12.698225201547286,9.324990975814185,0.5629611997143538,1.2467899764277701,2.715634371366904,True,K线收盘代理；达到描述性样本门槛,0.00023803856224708403,0.0,0.0,0.0
AAPL,bybit|futures|AAPLUSDT::okx|futures|AAPL-USDT-SWAP,perp_perp,comparable,30,regular,1560,20,5,1560,1.0,-0.08478175534701743,0.0,1.7711132001685392,4.631038521715873,5.403101439416857,2.7733675180334263,-12.698225201547286,8.005172573046782,0.4814102564102564,1.1854412836632966,2.564809497453413,True,K线收盘代理；达到描述性样本门槛,0.001282051282051282,0.0,0.0,0.0
AAPL,bybit|futures|AAPLUSDT::okx|futures|AAPL-USDT-SWAP,perp_perp,comparable,30,non_regular,6842,30,5,7080,0.9663841807909604,0.6731991014629292,0.6329214261580063,2.096718639569284,4.791122051228003,5.570842797260999,2.812329374571327,-9.082918253735528,9.324990975814185,0.5815551008477053,1.251075330911816,2.715634371366904,True,K线收盘代理；达到描述性样本门槛,0.0,0.0,0.0,0.0
AAPL,bybit|futures|AAPLUSDT::okx|futures|AAPL-USDT-SWAP,perp_perp,comparable,30,pre_market,1317,20,5,1320,0.9977272727272727,0.26565586445806444,0.0,1.5367120508957832,3.7983339519405135,4.532406724516935,2.3063159319709885,-7.4327337594770615,7.192735337309131,0.4920273348519362,1.0269775662283265,2.0264122685166583,True,K线收盘代理；达到描述性样本门槛,0.0,0.0,0.0,0.0
AAPL,bybit|futures|AAPLUSDT::okx|futures|AAPL-USDT-SWAP,perp_perp,comparable,30,after_market,919,20,5,960,0.9572916666666667,0.4798217733091978,0.6288517167640784,1.784121320249632,5.111705806297717,5.860153303422377,2.8401625014004286,-9.082918253735528,9.324990975814185,0.5919477693144722,0.9332071130026265,2.5231312940965367,True,K线收盘代理；达到描述性样本门槛,0.0,0.0,0.0,0.0
AAPL,bybit|futures|AAPLUSDT::okx|futures|AAPL-USDT-SWAP,perp_perp,comparable,30,overnight,1898,20,5,1920,0.9885416666666667,0.5721670427715594,0.5944773063537578,1.7979952389446385,4.255375913758796,5.1101922790864895,2.5129917845125194,-6.734795467190358,8.876489982247993,0.553213909378293,1.2596927904021116,2.186625696669886,True,K线收盘代理；达到描述性样本门槛,0.0,0.0,0.0,0.0
AAPL,bybit|futures|AAPLUSDT::okx|futures|AAPL-USDT-SWAP,perp_perp,comparable,30,weekend,2428,9,5,2592,0.9367283950617284,1.2155812386990126,1.814552913569356,2.8075867232346674,5.370729524094564,5.970069118070409,3.2349595523863868,-8.232146532207718,8.357211079272897,0.6861614497528831,2.5087807325641087,3.5803795202271615,True,K线收盘代理；达到描述性样本门槛,0.0,0.0,0.0,0.0
AAPL,bybit|futures|AAPLUSDT::okx|futures|AAPL-USDT-SWAP,perp_perp,comparable,30,holiday,280,1,1,288,0.9722222222222222,-0.7935750917667318,-0.9345794392512374,1.2508208952161093,2.810181609056994,3.141176578502051,1.594804295703481,-5.611322401644081,3.7626991094952267,0.25357142857142856,1.2508208952161093,1.2508208952161093,False,样本不足 / 仅事件观察,0.0,0.0,0.0,0.0
AAPL,gateio|futures|AAPL_USDT::okx|futures|AAPL-USDT-SWAP,perp_perp,comparable,7,all,1958,7,2,2016,0.9712301587301587,-2.101941091431185,-2.064257814685666,2.3527335904705016,5.8856940675675595,6.905007635143656,2.7784540470354573,-11.42288090914545,5.885122410547172,0.21348314606741572,1.9248137402849697,2.648210057617506,True,K线收盘代理；达到描述性样本门槛,0.0020429009193054137,0.0,0.0,0.0
AAPL,gateio|futures|AAPL_USDT::okx|futures|AAPL-USDT-SWAP,perp_perp,comparable,7,regular,390,5,1,390,1.0,-2.7136001097868316,-2.6650084602253266,2.6679715009886307,5.893905382754695,6.782979604012251,2.301237821832393,-9.625200525011923,4.7074053370210756,0.1076923076923077,2.0682261963783644,2.9713268259135006,True,K线收盘代理；达到描述性样本门槛,0.0,0.0,0.0,0.0
AAPL,gateio|futures|AAPL_USDT::okx|futures|AAPL-USDT-SWAP,perp_perp,comparable,7,non_regular,1568,7,2,1626,0.964329643296433,-1.9498065141616046,-1.7859800565556139,2.0977554940332377,5.877741158470172,7.047619899063273,2.8647065018270976,-11.42288090914545,5.885122410547172,0.23979591836734693,1.9236405819711422,3.017717866610481,True,K线收盘代理；达到描述性样本门槛,0.002551020408163265,0.0,0.0,0.0
AAPL,gateio|futures|AAPL_USDT::okx|futures|AAPL-USDT-SWAP,perp_perp,comparable,7,pre_market,329,5,1,330,0.996969696969697,-3.2385984187648593,-3.262933080209196,3.264579314439242,6.568557265145489,7.065852756403146,2.4497274155029345,-11.42288090914545,3.5707909301918583,0.0668693009118541,2.676818770939171,3.5236081778095008,True,K线收盘代理；达到描述性样本门槛,0.00303951367781155,0.0,0.0,0.0
AAPL,gateio|futures|AAPL_USDT::okx|futures|AAPL-USDT-SWAP,perp_perp,comparable,7,after_market,238,5,1,240,0.9916666666666667,-2.462761430821507,-2.6690396740647326,2.8024953459426794,5.576574440292803,6.232336036053271,2.5125474493919935,-8.846426043878086,3.824204271341003,0.18067226890756302,1.1762803200576766,4.1018429135020185,True,K线收盘代理；达到描述性样本门槛,0.0,0.0,0.0,0.0
AAPL,gateio|futures|AAPL_USDT::okx|futures|AAPL-USDT-SWAP,perp_perp,comparable,7,overnight,475,5,1,480,0.9895833333333334,-2.563707998456766,-2.0548347325799465,2.0824656393170216,7.077642971932141,8.260439906170758,2.9452863259156286,-10.326920807270934,5.885122410547172,0.1705263157894737,1.485398544225358,4.3030833138929525,True,K线收盘代理；达到描述性样本门槛,0.00631578947368421,0.0,0.0,0.0
AAPL,gateio|futures|AAPL_USDT::okx|futures|AAPL-USDT-SWAP,perp_perp,comparable,7,weekend,526,2,2,576,0.9131944444444444,-0.3572228415005221,-0.5865876729854724,1.7645502004837166,4.1151658567700755,4.765975230765496,2.4465042196580153,-7.4778655180662845,5.0962287906952675,0.4372623574144487,1.771709593992865,1.7881029465149911,True,K线收盘代理；达到描述性样本门槛,0.0,0.0,0.0,0.0
AAPL,gateio|futures|AAPL_USDT::okx|futures|AAPL-USDT-SWAP,perp_perp,comparable,7,holiday,0,0,0,0,0,,,,,,,,,,,,False,样本不足 / 仅事件观察,,,,
AAPL,gateio|futures|AAPL_USDT::okx|futures|AAPL-USDT-SWAP,perp_perp,comparable,30,all,6387,24,4,8640,0.7392361111111111,0.44218729896635867,-0.5998620317337888,2.8184892897420433,8.122665283814003,11.798091202588346,5.463767494461092,-60.6190490769376,33.29871082055513,0.42680444653201816,1.9890707990394274,4.21740191208081,True,K线收盘代理；达到描述性样本门槛,0.06826366056051354,0.0004697040864255519,0.0001565680288085173,0.0
AAPL,gateio|futures|AAPL_USDT::okx|futures|AAPL-USDT-SWAP,perp_perp,comparable,30,regular,1184,16,4,1560,0.7589743589743589,-0.5203656542367789,-2.047628787515965,3.246754064201718,7.67043153236191,12.604856190750116,6.073371393735454,-60.6190490769376,28.299539743750213,0.29307432432432434,2.2921533587889895,4.278470235325599,True,K线收盘代理；达到描述性样本门槛,0.0633445945945946,0.0008445945945945946,0.0008445945945945946,0.0
AAPL,gateio|futures|AAPL_USDT::okx|futures|AAPL-USDT-SWAP,perp_perp,comparable,30,non_regular,5203,24,4,7080,0.7348870056497175,0.6612268331951718,-0.30006601452248205,2.7075812274368616,8.259197578445177,11.594433031016578,5.290886861870376,-23.057058534186048,33.29871082055513,0.457236209878916,1.9873110615686862,4.442284146482095,True,K线收盘代理；达到描述性样本门槛,0.0693830482413992,0.0003843936190659235,0.0,0.0
AAPL,gateio|futures|AAPL_USDT::okx|futures|AAPL-USDT-SWAP,perp_perp,comparable,30,pre_market,952,16,4,1320,0.7212121212121212,-0.6086181729834542,-1.7946877387875482,3.1353859783406213,7.63363476438239,9.56381187662124,5.030709617302278,-19.516233958247753,33.29871082055513,0.3224789915966387,2.6107867753229206,5.6742116300873,True,K线收盘代理；达到描述性样本门槛,0.0430672268907563,0.0010504201680672268,0.0,0.0
AAPL,gateio|futures|AAPL_USDT::okx|futures|AAPL-USDT-SWAP,perp_perp,comparable,30,after_market,719,16,4,960,0.7489583333333333,-1.0769375326308415,-2.079743300255066,3.1478217073788173,6.317039647112832,7.901497189452768,4.2329131417980035,-18.28320687448648,16.227686930470053,0.2795549374130737,2.1558907084336107,4.330476433997421,True,K线收盘代理；达到描述性样本门槛,0.027816411682892908,0.0,0.0,0.0
AAPL,gateio|futures|AAPL_USDT::okx|futures|AAPL-USDT-SWAP,perp_perp,comparable,30,overnight,1392,16,4,1920,0.725,-0.9285869120536507,-1.490890723031546,2.9520214645267773,7.237333258251047,8.768550834213132,4.7698288191607965,-23.057058534186048,32.00787886248779,0.3261494252873563,1.7289184165104887,4.71007861053363,True,K线收盘代理；达到描述性样本门槛,0.031609195402298854,0.0007183908045977011,0.0,0.0
AAPL,gateio|futures|AAPL_USDT::okx|futures|AAPL-USDT-SWAP,perp_perp,comparable,30,weekend,1874,7,4,2592,0.7229938271604939,2.4283130406998708,1.1758135159767313,2.0977554940332377,10.914579418957127,14.918925085175783,5.303450532947197,-7.4778655180662845,21.504035902391028,0.619530416221985,1.5054659911692414,3.072332939727529,True,K线收盘代理；达到描述性样本门槛,0.11899679829242263,0.0,0.0,0.0
AAPL,gateio|futures|AAPL_USDT::okx|futures|AAPL-USDT-SWAP,perp_perp,comparable,30,holiday,266,1,1,288,0.9236111111111112,5.77451181602792,5.30893312402636,5.3119200992768345,10.615877728453738,12.138471955331354,4.003283443000419,-6.264094211976268,29.240675646249326,0.9624060150375939,5.3119200992768345,5.3119200992768345,False,样本不足 / 仅事件观察,0.12406015037593984,0.0,0.0,0.0
AAPL,gateio|futures|AAPL_USDT::gateio|spot|AAPLX_USDT,spot_perp,reference,7,all,1480,7,2,2016,0.7341269841269841,-28.637558783915814,-28.787653979947535,28.787653979947535,34.329782905834115,36.589767126733065,5.319099441871189,-56.020774370496575,6.187207212515755,0.0013513513513513514,26.920439773638336,31.08463270104722,True,K线收盘代理；达到描述性样本门槛,0.9932432432432432,0.3932432432432432,0.002027027027027027,0.0
AAPL,gateio|futures|AAPL_USDT::gateio|spot|AAPLX_USDT,spot_perp,reference,7,regular,344,5,1,390,0.882051282051282,-28.513655048819135,-28.709115298046207,28.709115298046207,35.51598764497488,37.95563330668639,6.304752591683432,-56.020774370496575,6.187207212515755,0.0029069767441860465,26.6524520255873,30.128507305798855,True,K线收盘代理；达到描述性样本门槛,0.9941860465116279,0.3866279069767442,0.005813953488372093,0.0
AAPL,gateio|futures|AAPL_USDT::gateio|spot|AAPLX_USDT,spot_perp,reference,7,non_regular,1136,7,2,1626,0.6986469864698647,-28.675078929050724,-28.8290422493781,28.8290422493781,34.188034376880225,35.89593365976779,4.981702804405397,-50.37708289862164,0.2936253927243726,0.0008802816901408451,26.8901263660129,31.013182374663714,False,样本不足 / 仅事件观察,0.9929577464788732,0.39524647887323944,0.0008802816901408451,0.0
AAPL,gateio|futures|AAPL_USDT::gateio|spot|AAPLX_USDT,spot_perp,reference,7,pre_market,296,5,1,330,0.896969696969697,-28.27503178118616,-28.713951403240845,28.713951403240845,36.40368165534924,38.24124056004963,6.832112203706207,-45.51516205716921,0.2936253927243726,0.0033783783783783786,26.073709497861365,32.00235103072713,True,K线收盘代理；达到描述性样本门槛,0.972972972972973,0.40878378378378377,0.0,0.0
AAPL,gateio|futures|AAPL_USDT::gateio|spot|AAPLX_USDT,spot_perp,reference,7,after_market,195,5,1,240,0.8125,-28.050008593283835,-28.349310264205172,28.349310264205172,32.89153616168195,33.42647788151886,3.641599157651931,-34.88815268697376,-20.184030869693224,0.0,25.509447394180818,30.094080523578313,True,K线收盘代理；达到描述性样本门槛,1.0,0.3641025641025641,0.0,0.0
AAPL,gateio|futures|AAPL_USDT::gateio|spot|AAPLX_USDT,spot_perp,reference,7,overnight,345,5,1,480,0.71875,-27.92527892936513,-28.08988764044895,28.08988764044895,32.734848254305724,34.1719223868604,3.523255345965307,-37.42142961555395,-20.125488339055586,0.0,25.766326077298896,29.33841865923381,True,K线收盘代理；达到描述性样本门槛,1.0,0.26666666666666666,0.0,0.0
AAPL,gateio|futures|AAPL_USDT::gateio|spot|AAPLX_USDT,spot_perp,reference,7,weekend,300,2,2,576,0.5208333333333334,-30.338357832830667,-30.738928455228965,30.738928455228965,35.14289863786402,37.63344506456506,4.60430919175243,-50.37708289862164,-14.959758250306932,0.0,28.87813169246106,30.933887478771513,False,样本不足 / 仅事件观察,1.0,0.55,0.0033333333333333335,0.0
AAPL,gateio|futures|AAPL_USDT::gateio|spot|AAPLX_USDT,spot_perp,reference,7,holiday,0,0,0,0,0,,,,,,,,,,,,False,样本不足 / 仅事件观察,,,,
AAPL,gateio|futures|AAPL_USDT::gateio|spot|AAPLX_USDT,spot_perp,reference,30,all,5059,24,4,8640,0.5855324074074074,-28.093879187520724,-29.07421576128555,29.07421576128555,36.938999082568365,39.03864320643523,7.959730541879644,-87.62823644357654,9.447763013532562,0.0019766752322593396,25.080817735706752,32.19120317291366,False,样本不足 / 仅事件观察,0.9739078869341767,0.44712393753706264,0.002569677801937142,0.0
AAPL,gateio|futures|AAPL_USDT::gateio|spot|AAPLX_USDT,spot_perp,reference,30,regular,1077,16,4,1560,0.6903846153846154,-28.77903661128034,-30.17126630579403,30.17126630579403,39.62084651011044,42.78193862046464,9.919621665788583,-87.62823644357654,9.271396144376887,0.004642525533890436,26.49317305401272,33.517539844878094,False,样本不足 / 仅事件观察,0.9535747446610956,0.5069637883008357,0.01021355617455896,0.0
AAPL,gateio|futures|AAPL_USDT::gateio|spot|AAPLX_USDT,spot_perp,reference,30,non_regular,3982,24,4,7080,0.5624293785310734,-27.908566644730893,-28.81174793062713,28.81174793062713,36.33781180350282,38.14153835344247,7.329284119673728,-54.2197076850548,9.447763013532562,0.0012556504269211452,24.992375466619254,33.48003383416287,False,样本不足 / 仅事件观察,0.9794073329984933,0.430939226519337,0.0005022601707684581,0.0
AAPL,gateio|futures|AAPL_USDT::gateio|spot|AAPLX_USDT,spot_perp,reference,30,pre_market,864,16,4,1320,0.6545454545454545,-28.70226613805992,-29.991216800122622,29.991216800122622,36.613372020608665,38.37294133043827,7.419075696668237,-54.2197076850548,9.447763013532562,0.0023148148148148147,25.56418420054746,32.509341266149235,False,样本不足 / 仅事件观察,0.9780092592592593,0.5,0.0011574074074074073,0.0
AAPL,gateio|futures|AAPL_USDT::gateio|spot|AAPLX_USDT,spot_perp,reference,30,after_market,611,16,4,960,0.6364583333333333,-29.60836979315262,-30.575539568346024,30.575539568346024,37.42627024761247,38.940309506581,6.381639260485413,-47.700066840857815,-6.8567866604341,0.0,27.59110885539623,32.43298665923794,False,样本不足 / 仅事件观察,0.9967266775777414,0.5400981996726678,0.0,0.0
AAPL,gateio|futures|AAPL_USDT::gateio|spot|AAPLX_USDT,spot_perp,reference,30,overnight,1027,16,4,1920,0.5348958333333333,-30.14959833879306,-31.105111802334218,31.105111802334218,37.83329411679026,39.1599458902242,6.83348687227695,-49.060190721491594,7.982806263431286,0.0019474196689386564,25.52821850338366,35.22199552052102,False,样本不足 / 仅事件观察,0.991236611489776,0.5452775073028238,0.0,0.0
AAPL,gateio|futures|AAPL_USDT::gateio|spot|AAPLX_USDT,spot_perp,reference,30,weekend,1299,7,4,2592,0.5011574074074074,-25.61079840204913,-26.8233875828805,26.8233875828805,33.605748145994596,35.11288230284948,7.289982619025372,-50.37708289862164,-3.4138166470121245,0.0,24.45183599299461,30.119447338434746,False,样本不足 / 仅事件观察,0.9615088529638183,0.29869130100076985,0.0007698229407236335,0.0
AAPL,gateio|futures|AAPL_USDT::gateio|spot|AAPLX_USDT,spot_perp,reference,30,holiday,181,1,1,288,0.6284722222222222,-22.15677278572437,-22.715250334506276,22.715250334506276,27.496562929634205,28.974670529956505,4.794978615223891,-36.56364261383271,6.828269033800627,0.0055248618784530384,22.715250334506276,22.715250334506276,False,样本不足 / 仅事件观察,0.988950276243094,0.03314917127071823,0.0,0.0
AAPL,gateio|futures|AAPL_USDT::gateio|spot|AAPLG_USDT,spot_perp,reference,7,all,1527,7,2,2016,0.7574404761904762,3.9196164476303834,3.571003451969812,4.413322349063886,11.417992407050551,13.70013968441186,5.73242125230535,-23.97868561278882,35.52867251959802,0.7550753110674525,2.88787903601595,5.474798634262923,True,K线收盘代理；达到描述性样本门槛,0.14865749836280287,0.0019646365422396855,0.0,0.0
AAPL,gateio|futures|AAPL_USDT::gateio|spot|AAPLG_USDT,spot_perp,reference,7,regular,370,5,1,390,0.9487179487179487,4.550916504897941,4.439385730756751,5.280683569394706,13.044697929558202,15.46228505970349,6.733783248538505,-23.97868561278882,35.52867251959802,0.7702702702702703,3.823866811779597,6.528771107219278,True,K线收盘代理；达到描述性样本门槛,0.2,0.005405405405405406,0.0,0.0
AAPL,gateio|futures|AAPL_USDT::gateio|spot|AAPLG_USDT,spot_perp,reference,7,non_regular,1157,7,2,1626,0.7115621156211562,3.717731381779911,3.2827001701041247,4.1267501842301435,11.017219187715368,13.113823407052918,5.357276967734164,-18.774935461158826,32.44949864062985,0.7502160760587727,2.88787903601595,4.909480495597918,True,K线收盘代理；达到描述性样本门槛,0.13223854796888504,0.000864304235090752,0.0,0.0
AAPL,gateio|futures|AAPL_USDT::gateio|spot|AAPLG_USDT,spot_perp,reference,7,pre_market,318,5,1,330,0.9636363636363636,3.6635411520170655,3.5300873681431977,4.737220052960511,10.686520559807677,12.812092881739453,5.675648258073257,-13.986430186883059,32.44949864062985,0.7452830188679245,3.270402854169685,6.235061832403632,True,K线收盘代理；达到描述性样本门槛,0.13836477987421383,0.0031446540880503146,0.0,0.0
AAPL,gateio|futures|AAPL_USDT::gateio|spot|AAPLG_USDT,spot_perp,reference,7,after_market,229,5,1,240,0.9541666666666667,5.806929029731471,5.044211026052903,5.0584699616162965,13.227166972244586,14.940613514882628,5.325967991143572,-7.375719132615144,17.569982132221718,0.8602620087336245,2.6558073654392444,7.652798437263186,True,K线收盘代理；达到描述性样本门槛,0.25327510917030566,0.0,0.0,0.0
AAPL,gateio|futures|AAPL_USDT::gateio|spot|AAPLG_USDT,spot_perp,reference,7,overnight,448,5,1,480,0.9333333333333333,3.6083892354309266,3.5443711582683335,3.8632413012107403,9.517243645269069,11.931634121700284,4.476988319164236,-9.147241074063395,17.38105759316655,0.765625,3.571003451969812,4.71128902870932,True,K线收盘代理；达到描述性样本门槛,0.078125,0.0,0.0,0.0
AAPL,gateio|futures|AAPL_USDT::gateio|spot|AAPLG_USDT,spot_perp,reference,7,weekend,162,2,2,576,0.28125,1.1732345499775803,1.493250668860302,2.9380231075626373,9.999941179929639,12.879172140091928,5.790967744581862,-18.774935461158826,15.599220038997608,0.5617283950617284,2.7887488625899515,2.9870092094419487,False,样本不足 / 仅事件观察,0.09876543209876543,0.0,0.0,0.0
AAPL,gateio|futures|AAPL_USDT::gateio|spot|AAPLG_USDT,spot_perp,reference,7,holiday,0,0,0,0,0,,,,,,,,,,,,False,样本不足 / 仅事件观察,,,,
AAPL,gateio|futures|AAPL_USDT::gateio|spot|AAPLG_USDT,spot_perp,reference,30,all,4831,24,4,8640,0.5591435185185185,4.004950635372526,3.2762472077441096,5.100357024991897,14.731695085254959,18.42098009465665,8.048072396997277,-34.729499116792354,37.99485231033239,0.6810184226868143,3.558190498369057,7.7333745641844365,False,样本不足 / 仅事件观察,0.23949492858621405,0.004760919064375905,0.0,0.0
AAPL,gateio|futures|AAPL_USDT::gateio|spot|AAPLG_USDT,spot_perp,reference,30,regular,1147,16,4,1560,0.7352564102564103,4.061463777793313,2.9696501752085602,5.713770186150935,18.138491115441635,23.94771960042586,9.677548236055966,-34.729499116792354,36.14958891839271,0.6346992153443767,3.80509778747401,8.143690595638075,True,K线收盘代理；达到描述性样本门槛,0.2772449869224063,0.013949433304272014,0.0,0.0
AAPL,gateio|futures|AAPL_USDT::gateio|spot|AAPLG_USDT,spot_perp,reference,30,non_regular,3684,24,4,7080,0.5203389830508475,3.9873554740379324,3.320303748372,5.013789252370504,14.053321450348433,17.080458702606766,7.4684270005209275,-27.710426047800052,37.99485231033239,0.6954397394136808,3.4621983615651386,7.236609452714038,False,样本不足 / 仅事件观察,0.2277415852334419,0.0019001085776330076,0.0,0.0
AAPL,gateio|futures|AAPL_USDT::gateio|spot|AAPLG_USDT,spot_perp,reference,30,pre_market,916,16,4,1320,0.693939393939394,3.177111681085259,2.587147038348725,4.40345968785727,12.55987488262611,15.571741009902663,6.8051464722917245,-27.710426047800052,37.99485231033239,0.6593886462882096,3.2703785468587987,6.759463097597424,False,样本不足 / 仅事件观察,0.1703056768558952,0.002183406113537118,0.0,0.0
AAPL,gateio|futures|AAPL_USDT::gateio|spot|AAPLG_USDT,spot_perp,reference,30,after_market,698,16,4,960,0.7270833333333333,3.274448869793385,2.7119092037730663,4.800213998888969,14.329155794802434,16.558774572627556,7.901137411085695,-27.537251782271397,25.30064032484791,0.6805157593123209,2.694332944917499,8.18890559990959,True,K线收盘代理；达到描述性样本门槛,0.23925501432664756,0.0,0.0,0.0
AAPL,gateio|futures|AAPL_USDT::gateio|spot|AAPLG_USDT,spot_perp,reference,30,overnight,1257,16,4,1920,0.6546875,2.8168900753037556,2.210084298930326,4.222972972973693,11.994041890870832,14.681384168963254,6.719120411627292,-22.3333928890479,34.787427269649115,0.6428003182179793,3.4319002436256074,5.738261190598309,False,样本不足 / 仅事件观察,0.16467780429594273,0.0007955449482895784,0.0,0.0
AAPL,gateio|futures|AAPL_USDT::gateio|spot|AAPLG_USDT,spot_perp,reference,30,weekend,567,7,4,2592,0.21875,6.173673420124937,5.874577764721778,6.567360219706941,17.71782296551816,20.267564565488833,8.170688998009233,-24.111448472942108,31.54574132492094,0.7671957671957672,3.8092045717827427,10.090246127559821,False,样本不足 / 仅事件观察,0.3262786596119929,0.005291005291005291,0.0,0.0
AAPL,gateio|futures|AAPL_USDT::gateio|spot|AAPLG_USDT,spot_perp,reference,30,holiday,246,1,1,288,0.8541666666666666,9.968757323163427,9.845621765318668,10.037172270743744,17.143041264676697,19.716624462937094,6.59433633533719,-24.302093718842066,34.70159752399393,0.975609756097561,10.037172270743744,10.037172270743744,False,样本不足 / 仅事件观察,0.5040650406504065,0.0040650406504065045,0.0,0.0
AAPL,gateio|futures|AAPL_USDT::gateio|spot|AAPLON_USDT,spot_perp,reference,7,all,994,7,2,2016,0.4930555555555556,-28.07295748509599,-27.84168340207782,27.84168340207782,34.47580808494676,36.49362325622912,5.319504618320136,-67.49323581006661,-7.297991592714048,0.0,27.100978396292774,28.54932492209555,False,样本不足 / 仅事件观察,0.9989939637826962,0.335010060362173,0.002012072434607646,0.0
AAPL,gateio|futures|AAPL_USDT::gateio|spot|AAPLON_USDT,spot_perp,reference,7,regular,288,5,1,390,0.7384615384615385,-28.550853055619083,-28.484111432404703,28.484111432404703,35.938974622242824,38.069526944300655,6.249745980061728,-51.37636103570098,-7.297991592714048,0.0,26.695933319490493,28.932140978432663,True,K线收盘代理；达到描述性样本门槛,0.9965277777777778,0.4236111111111111,0.003472222222222222,0.0
AAPL,gateio|futures|AAPL_USDT::gateio|spot|AAPLON_USDT,spot_perp,reference,7,non_regular,706,7,2,1626,0.43419434194341944,-27.878008583806118,-27.636665334673793,27.636665334673793,33.95342769715426,35.5402640081881,4.876034768673547,-67.49323581006661,-12.749429240668242,0.0,27.120645197775406,28.14192420860617,False,样本不足 / 仅事件观察,1.0,0.2988668555240793,0.00141643059490085,0.0
AAPL,gateio|futures|AAPL_USDT::gateio|spot|AAPLON_USDT,spot_perp,reference,7,pre_market,212,5,1,330,0.6424242424242425,-27.894301235337164,-28.001189433429218,28.001189433429218,34.37789403928027,37.0581590612703,5.3637835362571264,-47.4155593279868,-12.749429240668242,0.0,28.573896297478527,28.776981419668665,False,样本不足 / 仅事件观察,1.0,0.33490566037735847,0.0,0.0
AAPL,gateio|futures|AAPL_USDT::gateio|spot|AAPLON_USDT,spot_perp,reference,7,after_market,145,5,1,240,0.6041666666666666,-28.801718437719735,-28.735632183908287,28.735632183908287,35.053086024642745,35.75741410934108,4.468734092768792,-39.40915460065475,-17.221413937469343,0.0,27.19238615563835,30.190227745700014,False,样本不足 / 仅事件观察,1.0,0.3448275862068966,0.0,0.0
AAPL,gateio|futures|AAPL_USDT::gateio|spot|AAPLON_USDT,spot_perp,reference,7,overnight,259,5,1,480,0.5395833333333333,-26.969065377604405,-26.96935569912906,26.96935569912906,31.78153139897555,33.1924693499378,3.7195406470615056,-46.95672848312071,-16.931531263923993,0.0,26.881383126522994,27.233923405863838,False,样本不足 / 仅事件观察,1.0,0.19305019305019305,0.0,0.0
AAPL,gateio|futures|AAPL_USDT::gateio|spot|AAPLON_USDT,spot_perp,reference,7,weekend,90,2,2,576,0.15625,-28.96716768896374,-28.950925204040967,28.950925204040967,34.706336908372,37.63422874807498,6.4661576867526565,-67.49323581006661,-19.637597072211797,0.0,27.568685024841887,29.517744550408565,False,样本不足 / 仅事件观察,1.0,0.4444444444444444,0.011111111111111112,0.0
AAPL,gateio|futures|AAPL_USDT::gateio|spot|AAPLON_USDT,spot_perp,reference,7,holiday,0,0,0,0,0,,,,,,,,,,,,False,样本不足 / 仅事件观察,,,,
AAPL,gateio|futures|AAPL_USDT::gateio|spot|AAPLON_USDT,spot_perp,reference,30,all,3195,24,4,8640,0.3697916666666667,-29.353930505211807,-29.968547860660387,29.968547860660387,39.62797777200788,42.02986609087922,8.653752011831935,-76.41754546843904,15.019333397243706,0.0028169014084507044,23.037741118616395,33.1401431109378,False,样本不足 / 仅事件观察,0.9771517996870109,0.49890453834115805,0.005007824726134585,0.0
AAPL,gateio|futures|AAPL_USDT::gateio|spot|AAPLON_USDT,spot_perp,reference,30,regular,885,16,4,1560,0.5673076923076923,-29.391423249529122,-30.77015897915425,30.77015897915425,41.230630537186116,43.840697429523786,10.38333512553838,-76.41754546843904,15.019333397243706,0.006779661016949152,25.385806805500316,32.92288256052836,False,样本不足 / 仅事件观察,0.9502824858757062,0.5344632768361582,0.012429378531073447,0.0
AAPL,gateio|futures|AAPL_USDT::gateio|spot|AAPLON_USDT,spot_perp,reference,30,non_regular,2310,24,4,7080,0.326271186440678,-29.339566401869458,-29.726428721857935,29.726428721857935,39.10774878000112,41.202453959032155,7.891266471374706,-67.49323581006661,3.6827890989443723,0.0012987012987012987,24.442591716423713,32.93222820858047,False,样本不足 / 仅事件观察,0.9874458874458875,0.48528138528138526,0.0021645021645021645,0.0
AAPL,gateio|futures|AAPL_USDT::gateio|spot|AAPLON_USDT,spot_perp,reference,30,pre_market,651,16,4,1320,0.49318181818181817,-29.075676338510856,-29.552574029197977,29.552574029197977,37.881065480127596,40.86037136033727,7.731970936498596,-57.56258432019212,1.5376572254521825,0.0030721966205837174,23.264455324482626,32.45167727406212,False,样本不足 / 仅事件观察,0.9877112135176651,0.4807987711213518,0.0030721966205837174,0.0
AAPL,gateio|futures|AAPL_USDT::gateio|spot|AAPLON_USDT,spot_perp,reference,30,after_market,470,16,4,960,0.4895833333333333,-30.278508535659846,-30.974682576446753,30.974682576446753,39.40537463470051,40.967612969220745,7.253280919692643,-48.82432230043365,-8.405192541171003,0.0,26.93164840021786,34.80404999674752,False,样本不足 / 仅事件观察,0.997872340425532,0.5297872340425532,0.0,0.0
AAPL,gateio|futures|AAPL_USDT::gateio|spot|AAPLON_USDT,spot_perp,reference,30,overnight,769,16,4,1920,0.4005208333333333,-30.091741774686767,-30.178982281052757,30.178982281052757,40.20731898853547,41.67213203494734,8.047244763354477,-46.99219809018884,3.6827890989443723,0.0013003901170351106,26.798999313848853,34.14904496701704,False,样本不足 / 仅事件观察,0.9869960988296489,0.5045513654096229,0.0,0.0
AAPL,gateio|futures|AAPL_USDT::gateio|spot|AAPLON_USDT,spot_perp,reference,30,weekend,371,7,4,2592,0.1431327160493827,-27.99043150536736,-28.85530699666905,28.85530699666905,36.7392417261414,38.87640787147928,8.105142593286411,-67.49323581006661,-2.4803125193784137,0.0,22.084688834564936,31.610175600972624,False,样本不足 / 仅事件观察,0.9757412398921833,0.444743935309973,0.008086253369272238,0.0
AAPL,gateio|futures|AAPL_USDT::gateio|spot|AAPLON_USDT,spot_perp,reference,30,holiday,49,1,1,288,0.1701388888888889,-22.249685040047783,-22.132169576061234,22.132169576061234,31.05417482172723,32.113807111793456,6.386299797860043,-35.64059275933174,-8.766711543879424,0.0,22.132169576061234,22.132169576061234,False,样本不足 / 仅事件观察,0.9795918367346939,0.12244897959183673,0.0,0.0
AAPL,bitget|futures|AAPLUSDT::bitget|spot|RAAPLUSDT,spot_perp,reference,7,all,0,0,0,2016,0.0,,,,,,,,,,,,False,样本不足 / 仅事件观察,,,,
AAPL,bitget|futures|AAPLUSDT::bitget|spot|RAAPLUSDT,spot_perp,reference,7,regular,0,0,0,390,0.0,,,,,,,,,,,,False,样本不足 / 仅事件观察,,,,
AAPL,bitget|futures|AAPLUSDT::bitget|spot|RAAPLUSDT,spot_perp,reference,7,non_regular,0,0,0,1626,0.0,,,,,,,,,,,,False,样本不足 / 仅事件观察,,,,
AAPL,bitget|futures|AAPLUSDT::bitget|spot|RAAPLUSDT,spot_perp,reference,7,pre_market,0,0,0,330,0.0,,,,,,,,,,,,False,样本不足 / 仅事件观察,,,,
AAPL,bitget|futures|AAPLUSDT::bitget|spot|RAAPLUSDT,spot_perp,reference,7,after_market,0,0,0,240,0.0,,,,,,,,,,,,False,样本不足 / 仅事件观察,,,,
AAPL,bitget|futures|AAPLUSDT::bitget|spot|RAAPLUSDT,spot_perp,reference,7,overnight,0,0,0,480,0.0,,,,,,,,,,,,False,样本不足 / 仅事件观察,,,,
AAPL,bitget|futures|AAPLUSDT::bitget|spot|RAAPLUSDT,spot_perp,reference,7,weekend,0,0,0,576,0.0,,,,,,,,,,,,False,样本不足 / 仅事件观察,,,,
AAPL,bitget|futures|AAPLUSDT::bitget|spot|RAAPLUSDT,spot_perp,reference,7,holiday,0,0,0,0,0,,,,,,,,,,,,False,样本不足 / 仅事件观察,,,,
AAPL,bitget|futures|AAPLUSDT::bitget|spot|RAAPLUSDT,spot_perp,reference,30,all,0,0,0,8640,0.0,,,,,,,,,,,,False,样本不足 / 仅事件观察,,,,
AAPL,bitget|futures|AAPLUSDT::bitget|spot|RAAPLUSDT,spot_perp,reference,30,regular,0,0,0,1560,0.0,,,,,,,,,,,,False,样本不足 / 仅事件观察,,,,
AAPL,bitget|futures|AAPLUSDT::bitget|spot|RAAPLUSDT,spot_perp,reference,30,non_regular,0,0,0,7080,0.0,,,,,,,,,,,,False,样本不足 / 仅事件观察,,,,
AAPL,bitget|futures|AAPLUSDT::bitget|spot|RAAPLUSDT,spot_perp,reference,30,pre_market,0,0,0,1320,0.0,,,,,,,,,,,,False,样本不足 / 仅事件观察,,,,
AAPL,bitget|futures|AAPLUSDT::bitget|spot|RAAPLUSDT,spot_perp,reference,30,after_market,0,0,0,960,0.0,,,,,,,,,,,,False,样本不足 / 仅事件观察,,,,
AAPL,bitget|futures|AAPLUSDT::bitget|spot|RAAPLUSDT,spot_perp,reference,30,overnight,0,0,0,1920,0.0,,,,,,,,,,,,False,样本不足 / 仅事件观察,,,,
AAPL,bitget|futures|AAPLUSDT::bitget|spot|RAAPLUSDT,spot_perp,reference,30,weekend,0,0,0,2592,0.0,,,,,,,,,,,,False,样本不足 / 仅事件观察,,,,
AAPL,bitget|futures|AAPLUSDT::bitget|spot|RAAPLUSDT,spot_perp,reference,30,holiday,0,0,0,288,0.0,,,,,,,,,,,,False,样本不足 / 仅事件观察,,,,
AAPL,okx|futures|AAPL-USDT-SWAP::okx|spot|XAAPL-USDT,spot_perp,comparable,7,all,1244,7,2,2016,0.6170634920634921,5.121441603562034,5.3532394640287695,5.364567560072198,9.487778807430125,10.720794787645094,3.7308771374388283,-15.933903806431005,25.645613407287993,0.9131832797427653,3.205202517532757,6.638892912915195,False,样本不足 / 仅事件观察,0.07315112540192927,0.0,0.0,0.0
AAPL,okx|futures|AAPL-USDT-SWAP::okx|spot|XAAPL-USDT,spot_perp,comparable,7,regular,343,5,1,390,0.8794871794871795,5.396069880958428,5.629963257081094,5.8823529411755615,10.380213262106253,11.576691694736404,4.4525222630754895,-15.933903806431005,25.645613407287993,0.924198250728863,4.140252688044077,7.69116994527419,True,K线收盘代理；达到描述性样本门槛,0.12244897959183673,0.0,0.0,0.0
AAPL,okx|futures|AAPL-USDT-SWAP::okx|spot|XAAPL-USDT,spot_perp,comparable,7,non_regular,901,7,2,1626,0.5541205412054121,5.016893879758523,5.295519402193083,5.295519402193083,9.145621902288958,10.319917440662074,3.4105196952970847,-4.7695701424899095,18.19248826291142,0.9089900110987791,2.979076734483388,6.470316671557397,False,样本不足 / 仅事件观察,0.05438401775804662,0.0,0.0,0.0
AAPL,okx|futures|AAPL-USDT-SWAP::okx|spot|XAAPL-USDT,spot_perp,comparable,7,pre_market,268,5,1,330,0.8121212121212121,5.538092454922903,6.469731948639534,6.469731948639534,9.528942761430681,10.81590254658615,3.8627915697328774,-4.7695701424899095,18.19248826291142,0.8843283582089553,5.596856075632539,7.148601554820555,True,K线收盘代理；达到描述性样本门槛,0.07835820895522388,0.0,0.0,0.0
AAPL,okx|futures|AAPL-USDT-SWAP::okx|spot|XAAPL-USDT,spot_perp,comparable,7,after_market,99,5,1,240,0.4125,6.41257966459255,6.824318309943678,6.824318309943678,9.288977007435584,10.410037139515936,2.676585542467612,-1.1766090128240148,14.845164929782051,0.9797979797979798,5.860720000774311,7.446016381236209,False,样本不足 / 仅事件观察,0.0707070707070707,0.0,0.0,0.0
AAPL,okx|futures|AAPL-USDT-SWAP::okx|spot|XAAPL-USDT,spot_perp,comparable,7,overnight,301,5,1,480,0.6270833333333333,5.870342907196216,6.169937713009777,6.169937713009777,9.441756166645998,10.319917440662074,2.8550724579737277,-1.1732269607556134,13.848783075018911,0.9767441860465116,5.3005094378510975,6.496574533427779,False,样本不足 / 仅事件观察,0.06312292358803986,0.0,0.0,0.0
AAPL,okx|futures|AAPL-USDT-SWAP::okx|spot|XAAPL-USDT,spot_perp,comparable,7,weekend,233,2,2,576,0.4045138888888889,2.7218626861904207,2.646047099639226,2.646436132676122,6.1413869945172745,7.188255605846905,2.625618707121717,-3.590986623575043,12.948031310693331,0.8197424892703863,2.292410901976183,2.761340881844987,False,样本不足 / 仅事件观察,0.008583690987124463,0.0,0.0,0.0
AAPL,okx|futures|AAPL-USDT-SWAP::okx|spot|XAAPL-USDT,spot_perp,comparable,7,holiday,0,0,0,0,0,,,,,,,,,,,,False,样本不足 / 仅事件观察,,,,
AAPL,okx|futures|AAPL-USDT-SWAP::okx|spot|XAAPL-USDT,spot_perp,comparable,30,all,5562,30,5,8640,0.64375,3.5617056203090596,3.8297815717514005,4.20243742884574,8.722279542766389,10.199266626485066,4.356739623507743,-23.236865135648486,31.876992312018793,0.7860481841064365,2.6861471338990306,5.263259796298714,False,样本不足 / 仅事件观察,0.05447680690399137,0.00017979144192736425,0.0,0.0
AAPL,okx|futures|AAPL-USDT-SWAP::okx|spot|XAAPL-USDT,spot_perp,comparable,30,regular,1393,20,5,1560,0.892948717948718,3.997423522894582,4.327666151466847,4.933094900414492,10.466974847816335,12.2949468893494,5.466749369048074,-23.236865135648486,31.876992312018793,0.7846374730796841,2.807587207433182,6.00792126165789,True,K线收盘代理；达到描述性样本门槛,0.12060301507537688,0.0007178750897343862,0.0,0.0
AAPL,okx|futures|AAPL-USDT-SWAP::okx|spot|XAAPL-USDT,spot_perp,comparable,30,non_regular,4169,30,5,7080,0.5888418079096045,3.4161179402175192,3.7425149700598404,4.047448550701382,8.224278800060159,9.221415964018487,3.905522746621034,-14.038231780167942,18.19248826291142,0.7865195490525306,2.68130573422537,5.528877443463365,False,样本不足 / 仅事件观察,0.032381866154953226,0.0,0.0,0.0
AAPL,okx|futures|AAPL-USDT-SWAP::okx|spot|XAAPL-USDT,spot_perp,comparable,30,pre_market,1036,20,5,1320,0.7848484848484848,3.9244207356190413,4.391468009339317,4.711425820834725,9.206029701164242,10.424025192793396,4.388117215920923,-14.038231780167942,18.19248826291142,0.7924710424710425,2.209485556600721,6.755086711444092,True,K线收盘代理；达到描述性样本门槛,0.06853281853281853,0.0,0.0,0.0
AAPL,okx|futures|AAPL-USDT-SWAP::okx|spot|XAAPL-USDT,spot_perp,comparable,30,after_market,489,20,5,960,0.509375,3.7672409636132516,4.4125433900088495,4.572334329084882,8.534904600097981,9.101569641893901,4.022091377791443,-6.931259982519977,18.144845925232023,0.7955010224948875,2.7156684146589782,6.695829719655377,False,样本不足 / 仅事件观察,0.024539877300613498,0.0,0.0,0.0
AAPL,okx|futures|AAPL-USDT-SWAP::okx|spot|XAAPL-USDT,spot_perp,comparable,30,overnight,1200,20,5,1920,0.625,3.4637210381915065,4.0822793251527045,4.410838497062031,8.325973773199102,9.408531422278486,4.109823705832831,-8.559472482880803,16.394993221300336,0.7666666666666667,3.007983886622323,6.066061204286488,False,样本不足 / 仅事件观察,0.03166666666666667,0.0,0.0,0.0
AAPL,okx|futures|AAPL-USDT-SWAP::okx|spot|XAAPL-USDT,spot_perp,comparable,30,weekend,1251,9,5,2592,0.4826388888888889,2.7458069754400687,2.818930685628551,3.1222680154874283,6.862347546712222,7.801145209476168,3.246828725696468,-8.729267988526468,15.613777597351941,0.7793764988009593,2.114132991016815,4.072554117977578,False,样本不足 / 仅事件观察,0.011191047162270184,0.0,0.0,0.0
AAPL,okx|futures|AAPL-USDT-SWAP::okx|spot|XAAPL-USDT,spot_perp,comparable,30,holiday,193,1,1,288,0.6701388888888888,3.846866359343509,4.050980025551709,4.053506282934993,7.106110243946698,7.502910335687396,2.6403547460894674,-7.161093467837887,9.40203083866109,0.9015544041450777,4.053506282934993,4.053506282934993,False,样本不足 / 仅事件观察,0.0,0.0,0.0,0.0
AAPL,binance|futures|AAPLUSDT::binance|spot|AAPLBUSDT,spot_perp,reference,7,all,1978,7,2,2016,0.9811507936507936,5.05726275930975,5.04578306211978,5.04578306211978,9.831850604737236,11.752745716820915,3.856359327019266,-4.4073573485337025,17.980760586173705,0.8887765419615774,3.722849071152723,6.064901456503402,True,K线收盘代理；达到描述性样本门槛,0.09251769464105157,0.0,0.0,0.0
AAPL,binance|futures|AAPLUSDT::binance|spot|AAPLBUSDT,spot_perp,reference,7,regular,390,5,1,390,1.0,4.504912332781747,4.44325963760317,4.44325963760317,8.005384545342276,9.16497583480269,2.7726836285908436,-4.3720306625072425,17.821076393014224,0.9487179487179487,4.154796055654275,5.051884366150672,True,K线收盘代理；达到描述性样本门槛,0.017948717948717947,0.0,0.0,0.0
AAPL,binance|futures|AAPLUSDT::binance|spot|AAPLBUSDT,spot_perp,reference,7,non_regular,1588,7,2,1626,0.976629766297663,5.192915571870154,5.317420534498574,5.317420534498574,10.222569204445971,12.56882930332548,4.067240409061076,-4.4073573485337025,17.980760586173705,0.8740554156171285,3.2740575837142405,6.771220578350445,True,K线收盘代理；达到描述性样本门槛,0.11083123425692695,0.0,0.0,0.0
AAPL,binance|futures|AAPLUSDT::binance|spot|AAPLBUSDT,spot_perp,reference,7,pre_market,330,5,1,330,1.0,6.143271592860595,6.063464694668896,6.063464694668896,9.544432342576625,10.296797951044878,2.621603885155262,-0.595841029614741,14.12013884803276,0.990909090909091,4.758576642339696,7.062367090506783,True,K线收盘代理；达到描述性样本门槛,0.0696969696969697,0.0,0.0,0.0
AAPL,binance|futures|AAPLUSDT::binance|spot|AAPLBUSDT,spot_perp,reference,7,after_market,225,5,1,240,0.9375,4.459633176393554,4.412673197422556,4.412673197422556,7.718798242490887,8.297855829559442,2.355122354517387,-1.4706314891621552,10.091715888516095,0.9777777777777777,2.9413927501020787,5.337919990511253,True,K线收盘代理；达到描述性样本门槛,0.0044444444444444444,0.0,0.0,0.0
AAPL,binance|futures|AAPLUSDT::binance|spot|AAPLBUSDT,spot_perp,reference,7,overnight,479,5,1,480,0.9979166666666667,4.89848556726779,5.287896592245378,5.287896592245378,8.312157128206543,9.237851376088008,2.9477429003988886,-2.9332394696712782,14.10934744268122,0.918580375782881,3.8637579504241515,6.646323137644572,True,K线收盘代理；达到描述性样本门槛,0.016701461377870562,0.0,0.0,0.0
AAPL,binance|futures|AAPLUSDT::binance|spot|AAPLBUSDT,spot_perp,reference,7,weekend,554,2,2,576,0.9618055555555556,5.179202619270735,4.704152910384174,4.704152910384174,12.890113694139504,14.082355373219224,5.720728275091314,-4.4073573485337025,17.980760586173705,0.723826714801444,3.6473667550562805,8.00282567814059,True,K线收盘代理；达到描述性样本门槛,0.259927797833935,0.0,0.0,0.0
AAPL,binance|futures|AAPLUSDT::binance|spot|AAPLBUSDT,spot_perp,reference,7,holiday,0,0,0,0,0,,,,,,,,,,,,False,样本不足 / 仅事件观察,,,,
AAPL,binance|futures|AAPLUSDT::binance|spot|AAPLBUSDT,spot_perp,reference,30,all,8311,30,5,8640,0.9619212962962963,5.330189788951338,5.235763343496291,5.2918287937742114,10.781025395303345,12.626072866088744,4.150019996019507,-8.592119798698228,22.990564911022915,0.8965226807845025,2.709775622939392,7.394452562227705,True,K线收盘代理；达到描述性样本门槛,0.12669955480688244,0.0,0.0,0.0
AAPL,binance|futures|AAPLUSDT::binance|spot|AAPLBUSDT,spot_perp,reference,30,regular,1551,20,5,1560,0.9942307692307693,4.551837931029034,4.490211339278627,4.705467164662913,9.530250860796396,11.525606301759916,4.2071425761679615,-8.592119798698228,22.990564911022915,0.865892972275951,2.922998188360504,6.32533020900855,True,K线收盘代理；达到描述性样本门槛,0.08575112830431979,0.0,0.0,0.0
AAPL,binance|futures|AAPLUSDT::binance|spot|AAPLBUSDT,spot_perp,reference,30,non_regular,6760,30,5,7080,0.9548022598870056,5.508773181205404,5.358822210308478,5.363960496009845,11.046853595368056,12.841609205129556,4.116095669077602,-8.514932668958197,20.411226174397168,0.9035502958579882,2.686518393642534,7.527058854206736,True,K线收盘代理；达到描述性样本门槛,0.13609467455621302,0.0,0.0,0.0
AAPL,binance|futures|AAPLUSDT::binance|spot|AAPLBUSDT,spot_perp,reference,30,pre_market,1299,20,5,1320,0.9840909090909091,4.980851419773201,5.061689338816677,5.063451375042494,9.790483702686092,10.743487729107937,3.6236309773264472,-8.514932668958197,18.33740831295838,0.9068514241724404,3.348803211447593,6.621547914589243,True,K线收盘代理；达到描述性样本门槛,0.08237105465742879,0.0,0.0,0.0
AAPL,binance|futures|AAPLUSDT::binance|spot|AAPLBUSDT,spot_perp,reference,30,after_market,906,20,5,960,0.94375,4.497631974525792,4.509718444263289,4.599886848666301,8.657233275372045,9.50534559080285,3.330300733285537,-5.683612251342618,16.48401965872015,0.9006622516556292,2.284756543809996,6.4893320352904516,True,K线收盘代理；达到描述性样本门槛,0.037527593818984545,0.0,0.0,0.0
AAPL,binance|futures|AAPLUSDT::binance|spot|AAPLBUSDT,spot_perp,reference,30,overnight,1871,20,5,1920,0.9744791666666667,4.139890895367921,4.003202562048447,4.061103995500748,8.4552030814522,9.757585142873282,3.4390010424983948,-7.068440947785026,16.159029238695943,0.8695884553714591,2.183801392462159,5.355321528084378,True,K线收盘代理；达到描述性样本门槛,0.04596472474612507,0.0,0.0,0.0
AAPL,binance|futures|AAPLUSDT::binance|spot|AAPLBUSDT,spot_perp,reference,30,weekend,2410,9,5,2592,0.9297839506172839,7.213419478359255,7.459903028468329,7.459903028468329,13.209325788288595,14.425027745004202,4.641135556617896,-5.442505971638978,20.411226174397168,0.9186721991701244,4.368720118198555,10.180555139682745,True,K线收盘代理；达到描述性样本门槛,0.2842323651452282,0.0,0.0,0.0
AAPL,binance|futures|AAPLUSDT::binance|spot|AAPLBUSDT,spot_perp,reference,30,holiday,274,1,1,288,0.9513888888888888,5.70893917395472,5.615173714225152,5.615173714225152,8.740112776067344,9.47133199371818,2.3987492940609165,-5.30156552111305,12.82853566958675,0.9963503649635036,5.615173714225152,5.615173714225152,False,样本不足 / 仅事件观察,0.029197080291970802,0.0,0.0,0.0
AAPL,bybit|futures|AAPLUSDT::bybit|spot|AAPLXUSDT,spot_perp,reference,7,all,903,7,2,2016,0.4479166666666667,-28.39548344542857,-28.080754337737048,28.080754337737048,35.945482882400626,37.55714974370216,5.9074098925515575,-59.483889779849974,-9.085580304806218,0.0,27.03892853680917,28.988243928903536,False,样本不足 / 仅事件观察,0.9988925802879292,0.36323366555924697,0.0022148394241417496,0.0
AAPL,bybit|futures|AAPLUSDT::bybit|spot|AAPLXUSDT,spot_perp,reference,7,regular,253,5,1,390,0.6487179487179487,-28.19332556818643,-27.876631079477576,27.876631079477576,36.413925143232504,40.07744403033175,6.982707251682724,-59.483889779849974,-11.529933481152499,0.0,26.031374208565495,29.34444509654299,False,样本不足 / 仅事件观察,1.0,0.3201581027667984,0.003952569169960474,0.0
AAPL,bybit|futures|AAPLUSDT::bybit|spot|AAPLXUSDT,spot_perp,reference,7,non_regular,650,7,2,1626,0.3997539975399754,-28.47416951149359,-28.127463507813257,28.127463507813257,35.875357890368335,37.23144716538429,5.429583661472858,-50.705210397482546,-9.085580304806218,0.0,26.905606543626003,28.863680117682257,False,样本不足 / 仅事件观察,0.9984615384615385,0.38,0.0015384615384615385,0.0
AAPL,bybit|futures|AAPLUSDT::bybit|spot|AAPLXUSDT,spot_perp,reference,7,pre_market,204,5,1,330,0.6181818181818182,-28.084336921067223,-28.133158015970494,28.133158015970494,34.02185447300121,36.82310622836959,5.742693774208398,-50.705210397482546,-9.085580304806218,0.0,26.962962962964188,28.447886325590474,False,样本不足 / 仅事件观察,0.9950980392156863,0.35294117647058826,0.004901960784313725,0.0
AAPL,bybit|futures|AAPLUSDT::bybit|spot|AAPLXUSDT,spot_perp,reference,7,after_market,87,5,1,240,0.3625,-26.784647973310324,-27.283511269277085,27.283511269277085,32.65507205645179,33.7077336523004,5.160783239475782,-37.50805837191451,-15.011921231565806,0.0,26.010108473975002,31.067733520911965,False,样本不足 / 仅事件观察,1.0,0.3103448275862069,0.0,0.0
AAPL,bybit|futures|AAPLUSDT::bybit|spot|AAPLXUSDT,spot_perp,reference,7,overnight,178,5,1,480,0.37083333333333335,-26.376834249670353,-26.11424205472779,26.11424205472779,32.51922806262253,33.51848055707091,4.1734833239167735,-38.594234255306944,-12.338787860981526,0.0,24.72369860672119,27.853502429773247,False,样本不足 / 仅事件观察,1.0,0.19101123595505617,0.0,0.0
AAPL,bybit|futures|AAPLUSDT::bybit|spot|AAPLXUSDT,spot_perp,reference,7,weekend,181,2,2,576,0.3142361111111111,-31.78820210195469,-31.955438287892825,31.955438287892825,37.56260434056746,38.37703237146606,4.6815011071587715,-41.548409749245785,-17.54907792980265,0.0,30.214189081415043,33.332555901638976,False,样本不足 / 仅事件观察,1.0,0.6298342541436464,0.0,0.0
AAPL,bybit|futures|AAPLUSDT::bybit|spot|AAPLXUSDT,spot_perp,reference,7,holiday,0,0,0,0,0,,,,,,,,,,,,False,样本不足 / 仅事件观察,,,,
AAPL,bybit|futures|AAPLUSDT::bybit|spot|AAPLXUSDT,spot_perp,reference,30,all,4590,30,5,8640,0.53125,-28.129121378149218,-28.24520885745863,28.24520885745863,34.824254396620965,36.9875251080169,5.714459007296658,-59.483889779849974,9.333001493281312,0.00130718954248366,26.069014589240187,30.41463747202572,False,样本不足 / 仅事件观察,0.9962962962962963,0.36100217864923745,0.0015250544662309367,0.0
AAPL,bybit|futures|AAPLUSDT::bybit|spot|AAPLXUSDT,spot_perp,reference,30,regular,1199,20,5,1560,0.7685897435897436,-27.893176063911397,-27.415221407710575,27.415221407710575,36.35475871245464,39.65842290439169,6.908784117858171,-59.483889779849974,6.288554830209403,0.0016680567139282735,25.80692788865191,31.498101633578997,True,K线收盘代理；达到描述性样本门槛,0.9933277731442869,0.3427856547122602,0.003336113427856547,0.0
AAPL,bybit|futures|AAPLUSDT::bybit|spot|AAPLXUSDT,spot_perp,reference,30,non_regular,3391,30,5,7080,0.478954802259887,-28.212547633463625,-28.48646110502284,28.48646110502284,34.214618973562594,36.085886003873746,5.224719097953195,-53.19788410675707,9.333001493281312,0.0011795930404010617,26.288761882131833,30.421643526741818,False,样本不足 / 仅事件观察,0.9973459156590976,0.3674432320849307,0.0008846947803007962,0.0
AAPL,bybit|futures|AAPLUSDT::bybit|spot|AAPLXUSDT,spot_perp,reference,30,pre_market,918,20,5,1320,0.6954545454545454,-27.72726401419361,-27.864973989547014,27.864973989547014,34.29227579365768,35.96204182358059,5.633972698956391,-51.302052082082824,8.4426353083078,0.002178649237472767,26.51640210327058,30.086710714948005,False,样本不足 / 仅事件观察,0.9956427015250545,0.32679738562091504,0.002178649237472767,0.0
AAPL,bybit|futures|AAPLUSDT::bybit|spot|AAPLXUSDT,spot_perp,reference,30,after_market,454,20,5,960,0.47291666666666665,-28.867345327398453,-29.13027225530773,29.13027225530773,35.00971110064932,38.31168743888311,5.281039063187451,-44.46580939790778,-15.011921231565806,0.0,26.29387415746171,31.118780039809668,False,样本不足 / 仅事件观察,1.0,0.4008810572687225,0.0,0.0
AAPL,bybit|futures|AAPLUSDT::bybit|spot|AAPLXUSDT,spot_perp,reference,30,overnight,877,20,5,1920,0.45677083333333335,-28.245072639407713,-28.24772955076993,28.24772955076993,33.632220256030635,34.94316304188971,4.332966079502723,-42.74919468946648,-12.338787860981526,0.0,25.52032812377869,31.07568853188747,False,样本不足 / 仅事件观察,1.0,0.37058152793614596,0.0,0.0
AAPL,bybit|futures|AAPLUSDT::bybit|spot|AAPLXUSDT,spot_perp,reference,30,weekend,976,9,5,2592,0.3765432098765432,-27.97105655890184,-28.574978368435254,28.574978368435254,34.03161407754263,36.56151261402923,5.560947444974252,-53.19788410675707,9.333001493281312,0.0020491803278688526,27.5883446993197,29.739776951672738,False,样本不足 / 仅事件观察,0.9948770491803278,0.36168032786885246,0.0010245901639344263,0.0
AAPL,bybit|futures|AAPLUSDT::bybit|spot|AAPLXUSDT,spot_perp,reference,30,holiday,166,1,1,288,0.5763888888888888,-30.353409488902184,-30.443329677217747,30.443329677217747,35.75092489543519,36.42052039037752,4.171808272036743,-42.65919352327563,-19.395607833323503,0.0,30.443329677217747,30.443329677217747,False,样本不足 / 仅事件观察,1.0,0.5180722891566265,0.0,0.0
